{"last-status-check-time": 1621299158074, "counts": {"total-dois": 2742, "current-dois": 1277, "backfile-dois": 1465}, "breakdowns": {"dois-by-issued-year": [[2020, 531], [2019, 477], [2018, 468], [2017, 427], [2021, 269], [2016, 254], [2013, 83], [2014, 78], [2012, 66], [2015, 48], [2011, 41]]}, "publisher": "Springer-Verlag", "coverage": {"affiliations-current": 0.0, "similarity-checking-current": 1.0, "funders-backfile": 0.3945392370223999, "licenses-backfile": 0.9979522228240967, "funders-current": 0.6147220134735107, "affiliations-backfile": 0.0, "resource-links-backfile": 0.9979522228240967, "orcids-backfile": 0.21774743497371674, "update-policies-current": 1.0, "open-references-backfile": 1.0, "orcids-current": 0.8003132343292236, "similarity-checking-backfile": 1.0, "references-backfile": 0.9870307445526123, "award-numbers-backfile": 0.3242320716381073, "update-policies-backfile": 0.8552901148796082, "licenses-current": 1.0, "award-numbers-current": 0.5473766922950745, "abstracts-backfile": 0.0, "resource-links-current": 1.0, "abstracts-current": 0.02114330418407917, "open-references-current": 1.0, "references-current": 0.9953014850616455}, "title": "3 Biotech", "subjects": [{"name": "Agricultural and Biological Sciences (miscellaneous)", "ASJC": 1101}, {"name": "Biotechnology", "ASJC": 1305}, {"name": "Environmental Science (miscellaneous)", "ASJC": 2301}], "coverage-type": {"all": {"last-status-check-time": 1621299151375, "affiliations": 0.0, "abstracts": 0.009843237698078156, "orcids": 0.48888078331947327, "licenses": 0.9985417723655701, "references": 0.9905213117599487, "funders": 0.4969012141227722, "similarity-checking": 0.9996354579925537, "award-numbers": 0.42799854278564453, "update-policies": 0.9223477840423584, "resource-links": 0.9985417723655701, "open-references": 1.0}, "backfile": {"last-status-check-time": 1621299149322, "affiliations": 0.0, "abstracts": 0.0, "orcids": 0.21774743497371674, "licenses": 0.9979522228240967, "references": 0.9870307445526123, "funders": 0.3945392370223999, "similarity-checking": 1.0, "award-numbers": 0.3242320716381073, "update-policies": 0.8552901148796082, "resource-links": 0.9979522228240967, "open-references": 1.0}, "current": {"last-status-check-time": 1621299147262, "affiliations": 0.0, "abstracts": 0.02114330418407917, "orcids": 0.8003132343292236, "licenses": 1.0, "references": 0.9953014850616455, "funders": 0.6147220134735107, "similarity-checking": 1.0, "award-numbers": 0.5473766922950745, "update-policies": 1.0, "resource-links": 1.0, "open-references": 1.0}}, "flags": {"deposits-abstracts-current": true, "deposits-orcids-current": true, "deposits": true, "deposits-affiliations-backfile": false, "deposits-update-policies-backfile": true, "deposits-similarity-checking-backfile": true, "deposits-award-numbers-current": true, "deposits-resource-links-current": true, "deposits-articles": true, "deposits-affiliations-current": false, "deposits-funders-current": true, "deposits-references-backfile": true, "deposits-abstracts-backfile": false, "deposits-licenses-backfile": true, "deposits-award-numbers-backfile": true, "deposits-open-references-backfile": true, "deposits-open-references-current": true, "deposits-references-current": true, "deposits-resource-links-backfile": true, "deposits-orcids-backfile": true, "deposits-funders-backfile": true, "deposits-update-policies-current": true, "deposits-similarity-checking-current": true, "deposits-licenses-current": true}, "ISSN": ["2190-5738", "2190-572X"], "issn-type": [{"value": "2190-5738", "type": "electronic"}, {"value": "2190-572X", "type": "print"}]}