{"last-status-check-time": 1620718452653, "counts": {"total-dois": 5395, "current-dois": 102, "backfile-dois": 5293}, "breakdowns": {"dois-by-issued-year": [[2014, 1731], [2013, 1375], [2012, 821], [2011, 300], [2015, 195], [2010, 136], [2009, 85], [2004, 69], [2003, 67], [2016, 63], [2008, 62], [2020, 61], [2005, 56], [2006, 49], [2007, 42], [2018, 40], [2002, 39], [2017, 32], [2001, 29], [1998, 24], [1996, 24], [2021, 21], [2019, 20], [2000, 19], [1999, 18], [1997, 17]]}, "publisher": "Hindawi Limited", "coverage": {"affiliations-current": 1.0, "similarity-checking-current": 1.0, "funders-backfile": 0.6278102993965149, "licenses-backfile": 1.0, "funders-current": 0.3137255012989044, "affiliations-backfile": 0.9591913819313049, "resource-links-backfile": 1.0, "orcids-backfile": 0.3474400043487549, "update-policies-current": 0.0, "open-references-backfile": 1.0, "orcids-current": 1.0, "similarity-checking-backfile": 1.0, "references-backfile": 0.9100698828697205, "award-numbers-backfile": 0.5477045178413391, "update-policies-backfile": 0.0, "licenses-current": 1.0, "award-numbers-current": 0.18627451360225677, "abstracts-backfile": 0.9312299489974976, "resource-links-current": 1.0, "abstracts-current": 0.9901960492134094, "open-references-current": 1.0, "references-current": 1.0}, "title": "Abstract and Applied Analysis", "subjects": [{"name": "Analysis", "ASJC": 2603}, {"name": "Applied Mathematics", "ASJC": 2604}], "coverage-type": {"all": {"last-status-check-time": 1620718445998, "affiliations": 0.9596071839332581, "abstracts": 0.9319992661476135, "orcids": 0.35964423418045044, "licenses": 0.9996294379234314, "references": 0.9114322662353516, "funders": 0.6216416358947754, "similarity-checking": 0.9996294379234314, "award-numbers": 0.5406707525253296, "update-policies": 0.0, "resource-links": 0.9996294379234314, "open-references": 1.0}, "backfile": {"last-status-check-time": 1620718443876, "affiliations": 0.9591913819313049, "abstracts": 0.9312299489974976, "orcids": 0.3474400043487549, "licenses": 1.0, "references": 0.9100698828697205, "funders": 0.6278102993965149, "similarity-checking": 1.0, "award-numbers": 0.5477045178413391, "update-policies": 0.0, "resource-links": 1.0, "open-references": 1.0}, "current": {"last-status-check-time": 1620718441432, "affiliations": 1.0, "abstracts": 0.9901960492134094, "orcids": 1.0, "licenses": 1.0, "references": 1.0, "funders": 0.3137255012989044, "similarity-checking": 1.0, "award-numbers": 0.18627451360225677, "update-policies": 0.0, "resource-links": 1.0, "open-references": 1.0}}, "flags": {"deposits-abstracts-current": true, "deposits-orcids-current": true, "deposits": true, "deposits-affiliations-backfile": true, "deposits-update-policies-backfile": false, "deposits-similarity-checking-backfile": true, "deposits-award-numbers-current": true, "deposits-resource-links-current": true, "deposits-articles": true, "deposits-affiliations-current": true, "deposits-funders-current": true, "deposits-references-backfile": true, "deposits-abstracts-backfile": true, "deposits-licenses-backfile": true, "deposits-award-numbers-backfile": true, "deposits-open-references-backfile": true, "deposits-open-references-current": true, "deposits-references-current": true, "deposits-resource-links-backfile": true, "deposits-orcids-backfile": true, "deposits-funders-backfile": true, "deposits-update-policies-current": false, "deposits-similarity-checking-current": true, "deposits-licenses-current": true}, "ISSN": ["1687-0409", "1085-3375"], "issn-type": [{"value": "1687-0409", "type": "electronic"}, {"value": "1085-3375", "type": "print"}]}