{"last-status-check-time": 1618740746829, "counts": {"total-dois": 5316, "current-dois": 192, "backfile-dois": 5124}, "breakdowns": {"dois-by-issued-year": [[1978, 248], [1981, 212], [1979, 202], [1982, 198], [1985, 197], [1980, 196], [1977, 193], [1984, 192], [1983, 188], [1986, 163], [1987, 151], [2000, 144], [1999, 144], [1990, 140], [2004, 136], [1988, 134], [2003, 129], [1996, 125], [1989, 124], [1998, 123], [1995, 115], [1991, 114], [2001, 108], [2002, 102], [1994, 101], [1997, 97], [1992, 97], [2020, 95], [1976, 94], [2011, 92], [2008, 86], [2007, 84], [2006, 84], [1993, 84], [2005, 78], [2010, 70], [2019, 67], [2009, 62], [2012, 54], [2013, 48], [2018, 47], [2017, 46], [2016, 45], [2015, 41], [2014, 36], [2021, 30]]}, "publisher": "Academy of Management", "coverage": {"affiliations-current": 1.0, "similarity-checking-current": 0.0677083358168602, "funders-backfile": 0.0, "licenses-backfile": 0.0, "funders-current": 0.0, "affiliations-backfile": 0.5396174788475037, "resource-links-backfile": 0.0, "orcids-backfile": 0.0, "update-policies-current": 0.0, "open-references-backfile": 0.0, "orcids-current": 0.0, "similarity-checking-backfile": 0.01483216229826212, "references-backfile": 0.47833722829818726, "award-numbers-backfile": 0.0, "update-policies-backfile": 0.0, "licenses-current": 0.0, "award-numbers-current": 0.0, "abstracts-backfile": 0.0, "resource-links-current": 0.0, "abstracts-current": 0.0, "open-references-current": 0.0, "references-current": 0.6614583134651184}, "title": "Academy of Management Review", "subjects": [{"name": "General Business, Management and Accounting", "ASJC": 1400}, {"name": "Management of Technology and Innovation", "ASJC": 1405}, {"name": "Strategy and Management", "ASJC": 1408}], "coverage-type": {"all": {"last-status-check-time": 1618740739555, "affiliations": 0.556140661239624, "abstracts": 0.0, "orcids": 0.0, "licenses": 0.0, "references": 0.4848598837852478, "funders": 0.0, "similarity-checking": 0.016738763079047203, "award-numbers": 0.0, "update-policies": 0.0, "resource-links": 0.0, "open-references": 0.0}, "backfile": {"last-status-check-time": 1618740737057, "affiliations": 0.5396174788475037, "abstracts": 0.0, "orcids": 0.0, "licenses": 0.0, "references": 0.47833722829818726, "funders": 0.0, "similarity-checking": 0.01483216229826212, "award-numbers": 0.0, "update-policies": 0.0, "resource-links": 0.0, "open-references": 0.0}, "current": {"last-status-check-time": 1618740734446, "affiliations": 1.0, "abstracts": 0.0, "orcids": 0.0, "licenses": 0.0, "references": 0.6614583134651184, "funders": 0.0, "similarity-checking": 0.0677083358168602, "award-numbers": 0.0, "update-policies": 0.0, "resource-links": 0.0, "open-references": 0.0}}, "flags": {"deposits-abstracts-current": false, "deposits-orcids-current": false, "deposits": true, "deposits-affiliations-backfile": true, "deposits-update-policies-backfile": false, "deposits-similarity-checking-backfile": true, "deposits-award-numbers-current": false, "deposits-resource-links-current": false, "deposits-articles": true, "deposits-affiliations-current": true, "deposits-funders-current": false, "deposits-references-backfile": true, "deposits-abstracts-backfile": false, "deposits-licenses-backfile": false, "deposits-award-numbers-backfile": false, "deposits-open-references-backfile": false, "deposits-open-references-current": false, "deposits-references-current": true, "deposits-resource-links-backfile": false, "deposits-orcids-backfile": false, "deposits-funders-backfile": false, "deposits-update-policies-current": false, "deposits-similarity-checking-current": true, "deposits-licenses-current": false}, "ISSN": ["1930-3807", "0363-7425"], "issn-type": [{"value": "1930-3807", "type": "electronic"}, {"value": "0363-7425", "type": "print"}]}