{"last-status-check-time": 1620478128767, "counts": {"total-dois": 274, "current-dois": 164, "backfile-dois": 110}, "breakdowns": {"dois-by-issued-year": [[2020, 70], [2019, 56], [2018, 45], [2021, 38], [2016, 30], [2017, 26], [2015, 8], [2014, 1]]}, "publisher": "SAGE Publications", "coverage": {"affiliations-current": 0.9756097793579102, "similarity-checking-current": 1.0, "funders-backfile": 0.036363635212183, "licenses-backfile": 1.0, "funders-current": 0.09756097197532654, "affiliations-backfile": 0.9727272987365723, "resource-links-backfile": 1.0, "orcids-backfile": 0.16363635659217834, "update-policies-current": 1.0, "open-references-backfile": 1.0, "orcids-current": 0.7195122241973877, "similarity-checking-backfile": 1.0, "references-backfile": 0.9727272987365723, "award-numbers-backfile": 0.0181818176060915, "update-policies-backfile": 1.0, "licenses-current": 1.0, "award-numbers-current": 0.06707317382097244, "abstracts-backfile": 0.48181816935539246, "resource-links-current": 1.0, "abstracts-current": 0.9756097793579102, "open-references-current": 1.0, "references-current": 0.9756097793579102}, "title": "Academic Pathology", "subjects": [], "coverage-type": {"all": {"last-status-check-time": 1620478122812, "affiliations": 0.974452555179596, "abstracts": 0.7773722410202026, "orcids": 0.49635037779808044, "licenses": 1.0, "references": 0.974452555179596, "funders": 0.07299269735813141, "similarity-checking": 1.0, "award-numbers": 0.047445256263017654, "update-policies": 1.0, "resource-links": 1.0, "open-references": 1.0}, "backfile": {"last-status-check-time": 1620478120710, "affiliations": 0.9727272987365723, "abstracts": 0.48181816935539246, "orcids": 0.16363635659217834, "licenses": 1.0, "references": 0.9727272987365723, "funders": 0.036363635212183, "similarity-checking": 1.0, "award-numbers": 0.0181818176060915, "update-policies": 1.0, "resource-links": 1.0, "open-references": 1.0}, "current": {"last-status-check-time": 1620478118610, "affiliations": 0.9756097793579102, "abstracts": 0.9756097793579102, "orcids": 0.7195122241973877, "licenses": 1.0, "references": 0.9756097793579102, "funders": 0.09756097197532654, "similarity-checking": 1.0, "award-numbers": 0.06707317382097244, "update-policies": 1.0, "resource-links": 1.0, "open-references": 1.0}}, "flags": {"deposits-abstracts-current": true, "deposits-orcids-current": true, "deposits": true, "deposits-affiliations-backfile": true, "deposits-update-policies-backfile": true, "deposits-similarity-checking-backfile": true, "deposits-award-numbers-current": true, "deposits-resource-links-current": true, "deposits-articles": true, "deposits-affiliations-current": true, "deposits-funders-current": true, "deposits-references-backfile": true, "deposits-abstracts-backfile": true, "deposits-licenses-backfile": true, "deposits-award-numbers-backfile": true, "deposits-open-references-backfile": true, "deposits-open-references-current": true, "deposits-references-current": true, "deposits-resource-links-backfile": true, "deposits-orcids-backfile": true, "deposits-funders-backfile": true, "deposits-update-policies-current": true, "deposits-similarity-checking-current": true, "deposits-licenses-current": true}, "ISSN": ["2374-2895", "2374-2895"], "issn-type": [{"value": "2374-2895", "type": "electronic"}, {"value": "2374-2895", "type": "print"}]}