{"last-status-check-time": 1618739577843, "counts": {"total-dois": 2015, "current-dois": 128, "backfile-dois": 1887}, "breakdowns": {"dois-by-issued-year": [[2009, 67], [2010, 60], [1998, 59], [2020, 55], [2008, 55], [2000, 55], [2015, 54], [2011, 51], [2018, 50], [1997, 50], [2016, 49], [2014, 49], [2017, 48], [2005, 48], [2002, 48], [2019, 46], [2003, 46], [1988, 46], [2013, 45], [2001, 45], [1996, 45], [1992, 45], [2004, 44], [1999, 44], [2012, 42], [2006, 42], [1991, 42], [1987, 42], [1980, 42], [1976, 42], [2007, 41], [1993, 41], [1989, 41], [1995, 39], [1994, 39], [1986, 38], [1990, 36], [1985, 36], [1983, 36], [1984, 35], [1977, 34], [1981, 32], [1979, 29], [1982, 28], [2021, 27], [1978, 27]]}, "publisher": "Elsevier ", "coverage": {"affiliations-current": 0.0, "similarity-checking-current": 0.0, "funders-backfile": 0.02384737692773342, "licenses-backfile": 0.9825119376182556, "funders-current": 0.390625, "affiliations-backfile": 0.0, "resource-links-backfile": 1.0, "orcids-backfile": 0.012718601152300835, "update-policies-current": 0.7109375, "open-references-backfile": 1.0, "orcids-current": 0.21875, "similarity-checking-backfile": 0.0, "references-backfile": 0.791202962398529, "award-numbers-backfile": 0.006359300576150417, "update-policies-backfile": 0.11711711436510086, "licenses-current": 1.0, "award-numbers-current": 0.0625, "abstracts-backfile": 0.0, "resource-links-current": 1.0, "abstracts-current": 0.0, "open-references-current": 1.0, "references-current": 0.84375}, "title": "Accounting Organizations and Society", "subjects": [{"name": "Accounting", "ASJC": 1402}, {"name": "Organizational Behavior and Human Resource Management", "ASJC": 1407}, {"name": "Information Systems and Management", "ASJC": 1802}, {"name": "Sociology and Political Science", "ASJC": 3312}], "coverage-type": {"all": {"last-status-check-time": 1618739570186, "affiliations": 0.0, "abstracts": 0.0, "orcids": 0.025806451216340065, "licenses": 0.9836228489875793, "references": 0.7945409417152405, "funders": 0.047146402299404144, "similarity-checking": 0.0, "award-numbers": 0.009925558231770992, "update-policies": 0.1548387110233307, "resource-links": 1.0, "open-references": 1.0}, "backfile": {"last-status-check-time": 1618739567850, "affiliations": 0.0, "abstracts": 0.0, "orcids": 0.012718601152300835, "licenses": 0.9825119376182556, "references": 0.791202962398529, "funders": 0.02384737692773342, "similarity-checking": 0.0, "award-numbers": 0.006359300576150417, "update-policies": 0.11711711436510086, "resource-links": 1.0, "open-references": 1.0}, "current": {"last-status-check-time": 1618739565258, "affiliations": 0.0, "abstracts": 0.0, "orcids": 0.21875, "licenses": 1.0, "references": 0.84375, "funders": 0.390625, "similarity-checking": 0.0, "award-numbers": 0.0625, "update-policies": 0.7109375, "resource-links": 1.0, "open-references": 1.0}}, "flags": {"deposits-abstracts-current": false, "deposits-orcids-current": true, "deposits": true, "deposits-affiliations-backfile": false, "deposits-update-policies-backfile": true, "deposits-similarity-checking-backfile": false, "deposits-award-numbers-current": true, "deposits-resource-links-current": true, "deposits-articles": true, "deposits-affiliations-current": false, "deposits-funders-current": true, "deposits-references-backfile": true, "deposits-abstracts-backfile": false, "deposits-licenses-backfile": true, "deposits-award-numbers-backfile": true, "deposits-open-references-backfile": true, "deposits-open-references-current": true, "deposits-references-current": true, "deposits-resource-links-backfile": true, "deposits-orcids-backfile": true, "deposits-funders-backfile": true, "deposits-update-policies-current": true, "deposits-similarity-checking-current": false, "deposits-licenses-current": true}, "ISSN": ["0361-3682"], "issn-type": [{"value": "0361-3682", "type": "print"}]}