{"last-status-check-time": 1621040920764, "counts": {"total-dois": 38636, "current-dois": 13477, "backfile-dois": 25159}, "breakdowns": {"dois-by-issued-year": [[2020, 5828], [2019, 5429], [2018, 5252], [2017, 5027], [2016, 4204], [2015, 3415], [2014, 2770], [2021, 2220], [2013, 1874], [2012, 946], [2011, 702], [2010, 531], [2009, 403], [2008, 35]]}, "publisher": "American Chemical Society", "coverage": {"affiliations-current": 0.9361133575439453, "similarity-checking-current": 1.0, "funders-backfile": 0.7255455255508423, "licenses-backfile": 0.02440478466451168, "funders-current": 0.9467982649803162, "affiliations-backfile": 0.9643070101737976, "resource-links-backfile": 0.01530267484486103, "orcids-backfile": 0.40880003571510315, "update-policies-current": 0.0, "open-references-backfile": 1.0, "orcids-current": 0.9783334732055664, "similarity-checking-backfile": 0.9994832873344421, "references-backfile": 0.9816367626190186, "award-numbers-backfile": 0.6555507183074951, "update-policies-backfile": 0.0, "licenses-current": 0.04377828910946846, "award-numbers-current": 0.8941159248352051, "abstracts-backfile": 0.0, "resource-links-current": 0.04362988844513893, "abstracts-current": 0.0, "open-references-current": 1.0, "references-current": 0.9705424308776855}, "title": "ACS Applied Materials & Interfaces", "subjects": [{"name": "General Materials Science", "ASJC": 2500}], "coverage-type": {"all": {"last-status-check-time": 1621040912802, "affiliations": 0.954472541809082, "abstracts": 0.0, "orcids": 0.6074645519256592, "licenses": 0.031162645667791367, "references": 0.9777668714523315, "funders": 0.8027228713035583, "similarity-checking": 0.9996635317802429, "award-numbers": 0.7387669682502747, "update-policies": 0.0, "resource-links": 0.025183767080307007, "open-references": 1.0}, "backfile": {"last-status-check-time": 1621040910034, "affiliations": 0.9643070101737976, "abstracts": 0.0, "orcids": 0.40880003571510315, "licenses": 0.02440478466451168, "references": 0.9816367626190186, "funders": 0.7255455255508423, "similarity-checking": 0.9994832873344421, "award-numbers": 0.6555507183074951, "update-policies": 0.0, "resource-links": 0.01530267484486103, "open-references": 1.0}, "current": {"last-status-check-time": 1621040907336, "affiliations": 0.9361133575439453, "abstracts": 0.0, "orcids": 0.9783334732055664, "licenses": 0.04377828910946846, "references": 0.9705424308776855, "funders": 0.9467982649803162, "similarity-checking": 1.0, "award-numbers": 0.8941159248352051, "update-policies": 0.0, "resource-links": 0.04362988844513893, "open-references": 1.0}}, "flags": {"deposits-abstracts-current": false, "deposits-orcids-current": true, "deposits": true, "deposits-affiliations-backfile": true, "deposits-update-policies-backfile": false, "deposits-similarity-checking-backfile": true, "deposits-award-numbers-current": true, "deposits-resource-links-current": true, "deposits-articles": true, "deposits-affiliations-current": true, "deposits-funders-current": true, "deposits-references-backfile": true, "deposits-abstracts-backfile": false, "deposits-licenses-backfile": true, "deposits-award-numbers-backfile": true, "deposits-open-references-backfile": true, "deposits-open-references-current": true, "deposits-references-current": true, "deposits-resource-links-backfile": true, "deposits-orcids-backfile": true, "deposits-funders-backfile": true, "deposits-update-policies-current": false, "deposits-similarity-checking-current": true, "deposits-licenses-current": true}, "ISSN": ["1944-8252", "1944-8244"], "issn-type": [{"value": "1944-8252", "type": "electronic"}, {"value": "1944-8244", "type": "print"}]}