{"last-status-check-time": 1620536276743, "counts": {"total-dois": 10795, "current-dois": 7555, "backfile-dois": 3240}, "breakdowns": {"dois-by-issued-year": [[2020, 3676], [2019, 2648], [2018, 2062], [2021, 1231], [2017, 1023], [2016, 155]]}, "publisher": "American Chemical Society", "coverage": {"affiliations-current": 0.9301124811172485, "similarity-checking-current": 1.0, "funders-backfile": 0.8830246925354004, "licenses-backfile": 0.9947530627250671, "funders-current": 0.8708140254020691, "affiliations-backfile": 0.9422839283943176, "resource-links-backfile": 0.9882715940475464, "orcids-backfile": 0.9450617432594299, "update-policies-current": 0.0, "open-references-backfile": 1.0, "orcids-current": 0.9686300754547119, "similarity-checking-backfile": 1.0, "references-backfile": 0.9910494089126587, "award-numbers-backfile": 0.7240740656852722, "update-policies-backfile": 0.0, "licenses-current": 0.9731304049491882, "award-numbers-current": 0.7432163953781128, "abstracts-backfile": 0.0, "resource-links-current": 0.9719390869140625, "abstracts-current": 0.0, "open-references-current": 1.0, "references-current": 0.9678358435630798}, "title": "ACS Omega", "subjects": [], "coverage-type": {"all": {"last-status-check-time": 1620536270640, "affiliations": 0.9337656497955322, "abstracts": 0.0, "orcids": 0.9615562558174133, "licenses": 0.9796202182769775, "references": 0.9748031497001648, "funders": 0.8744789361953735, "similarity-checking": 1.0, "award-numbers": 0.7374710440635681, "update-policies": 0.0, "resource-links": 0.976841151714325, "open-references": 1.0}, "backfile": {"last-status-check-time": 1620536268661, "affiliations": 0.9422839283943176, "abstracts": 0.0, "orcids": 0.9450617432594299, "licenses": 0.9947530627250671, "references": 0.9910494089126587, "funders": 0.8830246925354004, "similarity-checking": 1.0, "award-numbers": 0.7240740656852722, "update-policies": 0.0, "resource-links": 0.9882715940475464, "open-references": 1.0}, "current": {"last-status-check-time": 1620536266690, "affiliations": 0.9301124811172485, "abstracts": 0.0, "orcids": 0.9686300754547119, "licenses": 0.9731304049491882, "references": 0.9678358435630798, "funders": 0.8708140254020691, "similarity-checking": 1.0, "award-numbers": 0.7432163953781128, "update-policies": 0.0, "resource-links": 0.9719390869140625, "open-references": 1.0}}, "flags": {"deposits-abstracts-current": false, "deposits-orcids-current": true, "deposits": true, "deposits-affiliations-backfile": true, "deposits-update-policies-backfile": false, "deposits-similarity-checking-backfile": true, "deposits-award-numbers-current": true, "deposits-resource-links-current": true, "deposits-articles": true, "deposits-affiliations-current": true, "deposits-funders-current": true, "deposits-references-backfile": true, "deposits-abstracts-backfile": false, "deposits-licenses-backfile": true, "deposits-award-numbers-backfile": true, "deposits-open-references-backfile": true, "deposits-open-references-current": true, "deposits-references-current": true, "deposits-resource-links-backfile": true, "deposits-orcids-backfile": true, "deposits-funders-backfile": true, "deposits-update-policies-current": false, "deposits-similarity-checking-current": true, "deposits-licenses-current": true}, "ISSN": ["2470-1343", "2470-1343"], "issn-type": [{"value": "2470-1343", "type": "electronic"}, {"value": "2470-1343", "type": "print"}]}