{"last-status-check-time": 1620478711311, "counts": {"total-dois": 1436, "current-dois": 673, "backfile-dois": 763}, "breakdowns": {"dois-by-issued-year": [[2020, 315], [2019, 267], [2018, 251], [2017, 231], [2016, 180], [2015, 101], [2021, 91]]}, "publisher": "American Chemical Society", "coverage": {"affiliations-current": 0.7756314873695374, "similarity-checking-current": 1.0, "funders-backfile": 0.6041939854621887, "licenses-backfile": 0.9108781218528748, "funders-current": 0.6909360885620117, "affiliations-backfile": 0.7706422209739685, "resource-links-backfile": 0.6906946301460266, "orcids-backfile": 0.49279162287712097, "update-policies-current": 0.0, "open-references-backfile": 1.0, "orcids-current": 0.829123318195343, "similarity-checking-backfile": 0.9973787665367126, "references-backfile": 0.7549148201942444, "award-numbers-backfile": 0.539973795413971, "update-policies-backfile": 0.0, "licenses-current": 0.9197622537612915, "award-numbers-current": 0.6270430684089661, "abstracts-backfile": 0.0, "resource-links-current": 0.9167904853820801, "abstracts-current": 0.0, "open-references-current": 1.0, "references-current": 0.8142644762992859}, "title": "ACS Central Science", "subjects": [], "coverage-type": {"all": {"last-status-check-time": 1620478705271, "affiliations": 0.7729805111885071, "abstracts": 0.0, "orcids": 0.6504178047180176, "licenses": 0.9150418043136597, "references": 0.7827298045158386, "funders": 0.6448467969894409, "similarity-checking": 0.9986072182655334, "award-numbers": 0.5807799696922302, "update-policies": 0.0, "resource-links": 0.796657383441925, "open-references": 1.0}, "backfile": {"last-status-check-time": 1620478703242, "affiliations": 0.7706422209739685, "abstracts": 0.0, "orcids": 0.49279162287712097, "licenses": 0.9108781218528748, "references": 0.7549148201942444, "funders": 0.6041939854621887, "similarity-checking": 0.9973787665367126, "award-numbers": 0.539973795413971, "update-policies": 0.0, "resource-links": 0.6906946301460266, "open-references": 1.0}, "current": {"last-status-check-time": 1620478701255, "affiliations": 0.7756314873695374, "abstracts": 0.0, "orcids": 0.829123318195343, "licenses": 0.9197622537612915, "references": 0.8142644762992859, "funders": 0.6909360885620117, "similarity-checking": 1.0, "award-numbers": 0.6270430684089661, "update-policies": 0.0, "resource-links": 0.9167904853820801, "open-references": 1.0}}, "flags": {"deposits-abstracts-current": false, "deposits-orcids-current": true, "deposits": true, "deposits-affiliations-backfile": true, "deposits-update-policies-backfile": false, "deposits-similarity-checking-backfile": true, "deposits-award-numbers-current": true, "deposits-resource-links-current": true, "deposits-articles": true, "deposits-affiliations-current": true, "deposits-funders-current": true, "deposits-references-backfile": true, "deposits-abstracts-backfile": false, "deposits-licenses-backfile": true, "deposits-award-numbers-backfile": true, "deposits-open-references-backfile": true, "deposits-open-references-current": true, "deposits-references-current": true, "deposits-resource-links-backfile": true, "deposits-orcids-backfile": true, "deposits-funders-backfile": true, "deposits-update-policies-current": false, "deposits-similarity-checking-current": true, "deposits-licenses-current": true}, "ISSN": ["2374-7951", "2374-7943"], "issn-type": [{"value": "2374-7951", "type": "electronic"}, {"value": "2374-7943", "type": "print"}]}