{"last-status-check-time": 1620995738017, "counts": {"total-dois": 1720, "current-dois": 254, "backfile-dois": 1466}, "breakdowns": {"dois-by-issued-year": [[2012, 209], [2009, 146], [2011, 129], [2010, 129], [2020, 112], [2019, 100], [2008, 100], [2015, 99], [2016, 98], [2013, 97], [2014, 96], [2018, 95], [2007, 78], [2006, 65], [2017, 64], [2005, 61], [2021, 42]]}, "publisher": "SciELO", "coverage": {"affiliations-current": 0.3897637724876404, "similarity-checking-current": 0.3937007784843445, "funders-backfile": 0.0, "licenses-backfile": 0.021828103810548782, "funders-current": 0.0, "affiliations-backfile": 0.9386084675788879, "resource-links-backfile": 0.0, "orcids-backfile": 0.06070941314101219, "update-policies-current": 0.0, "open-references-backfile": 1.0, "orcids-current": 0.9842519760131836, "similarity-checking-backfile": 0.9802182912826538, "references-backfile": 0.9522510170936584, "award-numbers-backfile": 0.0, "update-policies-backfile": 0.0, "licenses-current": 0.3937007784843445, "award-numbers-current": 0.0, "abstracts-backfile": 0.909959077835083, "resource-links-current": 0.0, "abstracts-current": 0.35433071851730347, "open-references-current": 1.0, "references-current": 0.9763779640197754}, "title": "Acta Paulista de Enfermagem", "subjects": [{"name": "Advanced and Specialised Nursing", "ASJC": 2902}, {"name": "Medical\u2013Surgical", "ASJC": 2914}], "coverage-type": {"all": {"last-status-check-time": 1620995729659, "affiliations": 0.8575581312179565, "abstracts": 0.8279069662094116, "orcids": 0.19709302484989166, "licenses": 0.0767441838979721, "references": 0.9558139443397522, "funders": 0.0, "similarity-checking": 0.8936046361923218, "award-numbers": 0.0, "update-policies": 0.0, "resource-links": 0.0, "open-references": 1.0}, "backfile": {"last-status-check-time": 1620995726902, "affiliations": 0.9386084675788879, "abstracts": 0.909959077835083, "orcids": 0.06070941314101219, "licenses": 0.021828103810548782, "references": 0.9522510170936584, "funders": 0.0, "similarity-checking": 0.9802182912826538, "award-numbers": 0.0, "update-policies": 0.0, "resource-links": 0.0, "open-references": 1.0}, "current": {"last-status-check-time": 1620995724214, "affiliations": 0.3897637724876404, "abstracts": 0.35433071851730347, "orcids": 0.9842519760131836, "licenses": 0.3937007784843445, "references": 0.9763779640197754, "funders": 0.0, "similarity-checking": 0.3937007784843445, "award-numbers": 0.0, "update-policies": 0.0, "resource-links": 0.0, "open-references": 1.0}}, "flags": {"deposits-abstracts-current": true, "deposits-orcids-current": true, "deposits": true, "deposits-affiliations-backfile": true, "deposits-update-policies-backfile": false, "deposits-similarity-checking-backfile": true, "deposits-award-numbers-current": false, "deposits-resource-links-current": false, "deposits-articles": true, "deposits-affiliations-current": true, "deposits-funders-current": false, "deposits-references-backfile": true, "deposits-abstracts-backfile": true, "deposits-licenses-backfile": true, "deposits-award-numbers-backfile": false, "deposits-open-references-backfile": true, "deposits-open-references-current": true, "deposits-references-current": true, "deposits-resource-links-backfile": false, "deposits-orcids-backfile": true, "deposits-funders-backfile": false, "deposits-update-policies-current": false, "deposits-similarity-checking-current": true, "deposits-licenses-current": true}, "ISSN": ["0103-2100"], "issn-type": [{"value": "0103-2100", "type": "electronic"}]}