{"last-status-check-time": 1621413209980, "counts": {"total-dois": 2097, "current-dois": 124, "backfile-dois": 1973}, "breakdowns": {"dois-by-issued-year": [[2010, 100], [2007, 98], [2009, 88], [2008, 88], [2005, 84], [2003, 81], [2014, 80], [2006, 79], [2002, 76], [2004, 75], [2013, 74], [2012, 69], [2011, 65], [2019, 60], [2001, 59], [2017, 55], [2016, 55], [2015, 55], [2018, 51], [2020, 49], [1998, 44], [1993, 43], [2000, 41], [1991, 41], [1987, 41], [1995, 37], [1999, 32], [1997, 32], [1996, 32], [1986, 30], [1980, 28], [1992, 26], [1978, 26], [1981, 25], [1994, 23], [1989, 23], [1985, 21], [1984, 19], [1983, 19], [1990, 17], [2021, 15], [1988, 15], [1982, 13], [1979, 13]]}, "publisher": "University of Veterinary and Pharmaceutical Sciences", "coverage": {"affiliations-current": 0.0, "similarity-checking-current": 0.0, "funders-backfile": 0.013684744015336037, "licenses-backfile": 0.0, "funders-current": 0.5483871102333069, "affiliations-backfile": 0.0, "resource-links-backfile": 0.0, "orcids-backfile": 0.0, "update-policies-current": 0.0, "open-references-backfile": 0.0, "orcids-current": 0.0, "similarity-checking-backfile": 0.0, "references-backfile": 0.29346174001693726, "award-numbers-backfile": 0.013684744015336037, "update-policies-backfile": 0.0, "licenses-current": 0.0, "award-numbers-current": 0.5483871102333069, "abstracts-backfile": 0.4840344786643982, "resource-links-current": 0.0, "abstracts-current": 1.0, "open-references-current": 0.0, "references-current": 1.0}, "title": "Acta Veterinaria Brno", "subjects": [{"name": "General Veterinary", "ASJC": 3400}], "coverage-type": {"all": {"last-status-check-time": 1621413202929, "affiliations": 0.0, "abstracts": 0.5145446062088013, "orcids": 0.0, "licenses": 0.0, "references": 0.33524081110954285, "funders": 0.04530281201004982, "similarity-checking": 0.0, "award-numbers": 0.04530281201004982, "update-policies": 0.0, "resource-links": 0.0, "open-references": 0.0}, "backfile": {"last-status-check-time": 1621413200340, "affiliations": 0.0, "abstracts": 0.4840344786643982, "orcids": 0.0, "licenses": 0.0, "references": 0.29346174001693726, "funders": 0.013684744015336037, "similarity-checking": 0.0, "award-numbers": 0.013684744015336037, "update-policies": 0.0, "resource-links": 0.0, "open-references": 0.0}, "current": {"last-status-check-time": 1621413198159, "affiliations": 0.0, "abstracts": 1.0, "orcids": 0.0, "licenses": 0.0, "references": 1.0, "funders": 0.5483871102333069, "similarity-checking": 0.0, "award-numbers": 0.5483871102333069, "update-policies": 0.0, "resource-links": 0.0, "open-references": 0.0}}, "flags": {"deposits-abstracts-current": true, "deposits-orcids-current": false, "deposits": true, "deposits-affiliations-backfile": false, "deposits-update-policies-backfile": false, "deposits-similarity-checking-backfile": false, "deposits-award-numbers-current": true, "deposits-resource-links-current": false, "deposits-articles": true, "deposits-affiliations-current": false, "deposits-funders-current": true, "deposits-references-backfile": true, "deposits-abstracts-backfile": true, "deposits-licenses-backfile": false, "deposits-award-numbers-backfile": true, "deposits-open-references-backfile": false, "deposits-open-references-current": false, "deposits-references-current": true, "deposits-resource-links-backfile": false, "deposits-orcids-backfile": false, "deposits-funders-backfile": true, "deposits-update-policies-current": false, "deposits-similarity-checking-current": false, "deposits-licenses-current": false}, "ISSN": ["1801-7576", "0001-7213"], "issn-type": [{"value": "1801-7576", "type": "electronic"}, {"value": "0001-7213", "type": "print"}]}