{"last-status-check-time": 1621078492692, "counts": {"total-dois": 305, "current-dois": 86, "backfile-dois": 219}, "breakdowns": {"dois-by-issued-year": [[2020, 39], [2019, 37], [2017, 37], [2016, 33], [2014, 33], [2015, 30], [2013, 30], [2012, 29], [2018, 27], [2021, 10]]}, "publisher": "Centre for Evaluation in Education and Science", "coverage": {"affiliations-current": 0.0, "similarity-checking-current": 0.895348846912384, "funders-backfile": 0.0, "licenses-backfile": 0.689497709274292, "funders-current": 0.08139535039663315, "affiliations-backfile": 0.0, "resource-links-backfile": 0.8812785148620605, "orcids-backfile": 0.0, "update-policies-current": 0.0, "open-references-backfile": 1.0, "orcids-current": 0.22093023359775543, "similarity-checking-backfile": 0.8493150472640991, "references-backfile": 0.39269405603408813, "award-numbers-backfile": 0.0, "update-policies-backfile": 0.0, "licenses-current": 1.0, "award-numbers-current": 0.08139535039663315, "abstracts-backfile": 0.8630136847496033, "resource-links-current": 0.10465116053819656, "abstracts-current": 0.44186046719551086, "open-references-current": 1.0, "references-current": 0.8837209343910217}, "title": "Acta Facultatis Medicae Naissensis", "subjects": [{"name": "General Medicine", "ASJC": 2700}], "coverage-type": {"all": {"last-status-check-time": 1621078484930, "affiliations": 0.0, "abstracts": 0.7442622780799866, "orcids": 0.062295082956552505, "licenses": 0.77704918384552, "references": 0.5311475396156311, "funders": 0.02295081876218319, "similarity-checking": 0.8622950911521912, "award-numbers": 0.02295081876218319, "update-policies": 0.0, "resource-links": 0.6622951030731201, "open-references": 1.0}, "backfile": {"last-status-check-time": 1621078482241, "affiliations": 0.0, "abstracts": 0.8630136847496033, "orcids": 0.0, "licenses": 0.689497709274292, "references": 0.39269405603408813, "funders": 0.0, "similarity-checking": 0.8493150472640991, "award-numbers": 0.0, "update-policies": 0.0, "resource-links": 0.8812785148620605, "open-references": 1.0}, "current": {"last-status-check-time": 1621078479807, "affiliations": 0.0, "abstracts": 0.44186046719551086, "orcids": 0.22093023359775543, "licenses": 1.0, "references": 0.8837209343910217, "funders": 0.08139535039663315, "similarity-checking": 0.895348846912384, "award-numbers": 0.08139535039663315, "update-policies": 0.0, "resource-links": 0.10465116053819656, "open-references": 1.0}}, "flags": {"deposits-abstracts-current": true, "deposits-orcids-current": true, "deposits": true, "deposits-affiliations-backfile": false, "deposits-update-policies-backfile": false, "deposits-similarity-checking-backfile": true, "deposits-award-numbers-current": true, "deposits-resource-links-current": true, "deposits-articles": true, "deposits-affiliations-current": false, "deposits-funders-current": true, "deposits-references-backfile": true, "deposits-abstracts-backfile": true, "deposits-licenses-backfile": true, "deposits-award-numbers-backfile": false, "deposits-open-references-backfile": true, "deposits-open-references-current": true, "deposits-references-current": true, "deposits-resource-links-backfile": true, "deposits-orcids-backfile": false, "deposits-funders-backfile": false, "deposits-update-policies-current": false, "deposits-similarity-checking-current": true, "deposits-licenses-current": true}, "ISSN": ["2217-2521", "0351-6083"], "issn-type": [{"value": "2217-2521", "type": "electronic"}, {"value": "0351-6083", "type": "print"}]}