{"last-status-check-time": 1620939578474, "counts": {"total-dois": 3766, "current-dois": 150, "backfile-dois": 3616}, "breakdowns": {"dois-by-issued-year": [[2003, 197], [2015, 187], [2010, 99], [2012, 95], [2014, 90], [2013, 89], [2017, 86], [1989, 83], [2018, 81], [1980, 81], [1988, 78], [2011, 75], [1977, 70], [1982, 68], [2020, 67], [1981, 67], [1979, 67], [1978, 67], [1975, 67], [1973, 67], [1991, 66], [2006, 64], [2019, 63], [2008, 63], [1986, 63], [1970, 62], [2001, 61], [1995, 61], [1994, 61], [1987, 60], [1984, 60], [1985, 59], [1974, 59], [1983, 58], [1993, 57], [2009, 56], [2007, 56], [1976, 56], [1972, 55], [1998, 52], [1990, 51], [1971, 51], [1996, 49], [1992, 49], [1999, 39], [1997, 39], [1967, 39], [1969, 38], [2000, 37], [2004, 36], [2002, 36], [1968, 36], [1964, 34], [1966, 32], [1965, 32], [1963, 32], [1961, 32], [2016, 30], [1960, 30], [2005, 26], [1962, 25], [2021, 20]]}, "publisher": "Springer (Biomed Central Ltd.)", "coverage": {"affiliations-current": 0.0, "similarity-checking-current": 1.0, "funders-backfile": 0.04148229956626892, "licenses-backfile": 0.7771017551422119, "funders-current": 0.5266666412353516, "affiliations-backfile": 0.0, "resource-links-backfile": 0.7771017551422119, "orcids-backfile": 0.03318583965301514, "update-policies-current": 1.0, "open-references-backfile": 1.0, "orcids-current": 0.7866666913032532, "similarity-checking-backfile": 0.8467920422554016, "references-backfile": 0.8620021939277649, "award-numbers-backfile": 0.025165928527712822, "update-policies-backfile": 0.7184734344482422, "licenses-current": 1.0, "award-numbers-current": 0.30000001192092896, "abstracts-backfile": 0.0011061946861445904, "resource-links-current": 1.0, "abstracts-current": 0.5400000214576721, "open-references-current": 1.0, "references-current": 0.9933333396911621}, "title": "Acta Veterinaria Scandinavica", "subjects": [{"name": "General Medicine", "ASJC": 2700}, {"name": "General Veterinary", "ASJC": 3400}], "coverage-type": {"all": {"last-status-check-time": 1620939570057, "affiliations": 0.0, "abstracts": 0.02257036603987217, "orcids": 0.06319702416658401, "licenses": 0.7859798073768616, "references": 0.867233157157898, "funders": 0.06080722436308861, "similarity-checking": 0.8528943061828613, "award-numbers": 0.03611258789896965, "update-policies": 0.7296866774559021, "resource-links": 0.7859798073768616, "open-references": 1.0}, "backfile": {"last-status-check-time": 1620939567332, "affiliations": 0.0, "abstracts": 0.0011061946861445904, "orcids": 0.03318583965301514, "licenses": 0.7771017551422119, "references": 0.8620021939277649, "funders": 0.04148229956626892, "similarity-checking": 0.8467920422554016, "award-numbers": 0.025165928527712822, "update-policies": 0.7184734344482422, "resource-links": 0.7771017551422119, "open-references": 1.0}, "current": {"last-status-check-time": 1620939564856, "affiliations": 0.0, "abstracts": 0.5400000214576721, "orcids": 0.7866666913032532, "licenses": 1.0, "references": 0.9933333396911621, "funders": 0.5266666412353516, "similarity-checking": 1.0, "award-numbers": 0.30000001192092896, "update-policies": 1.0, "resource-links": 1.0, "open-references": 1.0}}, "flags": {"deposits-abstracts-current": true, "deposits-orcids-current": true, "deposits": true, "deposits-affiliations-backfile": false, "deposits-update-policies-backfile": true, "deposits-similarity-checking-backfile": true, "deposits-award-numbers-current": true, "deposits-resource-links-current": true, "deposits-articles": true, "deposits-affiliations-current": false, "deposits-funders-current": true, "deposits-references-backfile": true, "deposits-abstracts-backfile": true, "deposits-licenses-backfile": true, "deposits-award-numbers-backfile": true, "deposits-open-references-backfile": true, "deposits-open-references-current": true, "deposits-references-current": true, "deposits-resource-links-backfile": true, "deposits-orcids-backfile": true, "deposits-funders-backfile": true, "deposits-update-policies-current": true, "deposits-similarity-checking-current": true, "deposits-licenses-current": true}, "ISSN": ["1751-0147", "1751-0147"], "issn-type": [{"value": "1751-0147", "type": "electronic"}, {"value": "1751-0147", "type": "print"}]}