{"last-status-check-time": 1621331250709, "counts": {"total-dois": 216, "current-dois": 38, "backfile-dois": 178}, "breakdowns": {"dois-by-issued-year": [[2012, 36], [2014, 28], [2015, 27], [2018, 19], [2011, 18], [2019, 17], [2017, 17], [2013, 17], [2016, 16], [2020, 13], [2021, 8]]}, "publisher": "\"Faculty of Arts, University of Ljubljana\"", "coverage": {"affiliations-current": 0.0, "similarity-checking-current": 0.8421052694320679, "funders-backfile": 0.0, "licenses-backfile": 0.7752808928489685, "funders-current": 0.0, "affiliations-backfile": 0.0, "resource-links-backfile": 0.7752808928489685, "orcids-backfile": 0.10112359374761581, "update-policies-current": 0.0, "open-references-backfile": 1.0, "orcids-current": 0.7894737124443054, "similarity-checking-backfile": 0.7359550595283508, "references-backfile": 0.0, "award-numbers-backfile": 0.0, "update-policies-backfile": 0.0, "licenses-current": 0.8684210777282715, "award-numbers-current": 0.0, "abstracts-backfile": 0.7584269642829895, "resource-links-current": 0.8421052694320679, "abstracts-current": 0.8684210777282715, "open-references-current": 1.0, "references-current": 0.0}, "title": "Acta Linguistica Asiatica", "subjects": [], "coverage-type": {"all": {"last-status-check-time": 1621331244446, "affiliations": 0.0, "abstracts": 0.7777777910232544, "orcids": 0.2222222238779068, "licenses": 0.7916666865348816, "references": 0.0, "funders": 0.0, "similarity-checking": 0.7546296119689941, "award-numbers": 0.0, "update-policies": 0.0, "resource-links": 0.7870370149612427, "open-references": 1.0}, "backfile": {"last-status-check-time": 1621331242305, "affiliations": 0.0, "abstracts": 0.7584269642829895, "orcids": 0.10112359374761581, "licenses": 0.7752808928489685, "references": 0.0, "funders": 0.0, "similarity-checking": 0.7359550595283508, "award-numbers": 0.0, "update-policies": 0.0, "resource-links": 0.7752808928489685, "open-references": 1.0}, "current": {"last-status-check-time": 1621331240004, "affiliations": 0.0, "abstracts": 0.8684210777282715, "orcids": 0.7894737124443054, "licenses": 0.8684210777282715, "references": 0.0, "funders": 0.0, "similarity-checking": 0.8421052694320679, "award-numbers": 0.0, "update-policies": 0.0, "resource-links": 0.8421052694320679, "open-references": 1.0}}, "flags": {"deposits-abstracts-current": true, "deposits-orcids-current": true, "deposits": true, "deposits-affiliations-backfile": false, "deposits-update-policies-backfile": false, "deposits-similarity-checking-backfile": true, "deposits-award-numbers-current": false, "deposits-resource-links-current": true, "deposits-articles": true, "deposits-affiliations-current": false, "deposits-funders-current": false, "deposits-references-backfile": false, "deposits-abstracts-backfile": true, "deposits-licenses-backfile": true, "deposits-award-numbers-backfile": false, "deposits-open-references-backfile": true, "deposits-open-references-current": true, "deposits-references-current": false, "deposits-resource-links-backfile": true, "deposits-orcids-backfile": true, "deposits-funders-backfile": false, "deposits-update-policies-current": false, "deposits-similarity-checking-current": true, "deposits-licenses-current": true}, "ISSN": ["2232-3317"], "issn-type": [{"value": "2232-3317", "type": "electronic"}]}