{"last-status-check-time": 1620738211318, "counts": {"total-dois": 3376, "current-dois": 270, "backfile-dois": 3106}, "breakdowns": {"dois-by-issued-year": [[2014, 1377], [2013, 661], [2015, 397], [2017, 258], [2016, 248], [2018, 164], [2019, 149], [2020, 94], [2021, 27], [2012, 1]]}, "publisher": "Mendel University  Press", "coverage": {"affiliations-current": 0.0, "similarity-checking-current": 1.0, "funders-backfile": 0.02124919556081295, "licenses-backfile": 0.983902096748352, "funders-current": 0.4444444477558136, "affiliations-backfile": 0.0, "resource-links-backfile": 0.0, "orcids-backfile": 0.0, "update-policies-current": 0.0, "open-references-backfile": 0.0, "orcids-current": 0.0, "similarity-checking-backfile": 0.9835801720619202, "references-backfile": 0.9977462887763977, "award-numbers-backfile": 0.02124919556081295, "update-policies-backfile": 0.0, "licenses-current": 0.9629629850387573, "award-numbers-current": 0.4444444477558136, "abstracts-backfile": 0.00032195751555263996, "resource-links-current": 0.0, "abstracts-current": 0.03703703731298447, "open-references-current": 0.0, "references-current": 0.9925925731658936}, "title": "Acta Universitatis Agriculturae et Silviculturae Mendelianae Brunensis", "subjects": [{"name": "General Agricultural and Biological Sciences", "ASJC": 1100}], "coverage-type": {"all": {"last-status-check-time": 1620738204109, "affiliations": 0.0, "abstracts": 0.00325829372741282, "orcids": 0.0, "licenses": 0.9822275042533875, "references": 0.9973341226577759, "funders": 0.05509478598833084, "similarity-checking": 0.9848933815956116, "award-numbers": 0.05509478598833084, "update-policies": 0.0, "resource-links": 0.0, "open-references": 0.0}, "backfile": {"last-status-check-time": 1620738201781, "affiliations": 0.0, "abstracts": 0.00032195751555263996, "orcids": 0.0, "licenses": 0.983902096748352, "references": 0.9977462887763977, "funders": 0.02124919556081295, "similarity-checking": 0.9835801720619202, "award-numbers": 0.02124919556081295, "update-policies": 0.0, "resource-links": 0.0, "open-references": 0.0}, "current": {"last-status-check-time": 1620738199242, "affiliations": 0.0, "abstracts": 0.03703703731298447, "orcids": 0.0, "licenses": 0.9629629850387573, "references": 0.9925925731658936, "funders": 0.4444444477558136, "similarity-checking": 1.0, "award-numbers": 0.4444444477558136, "update-policies": 0.0, "resource-links": 0.0, "open-references": 0.0}}, "flags": {"deposits-abstracts-current": true, "deposits-orcids-current": false, "deposits": true, "deposits-affiliations-backfile": false, "deposits-update-policies-backfile": false, "deposits-similarity-checking-backfile": true, "deposits-award-numbers-current": true, "deposits-resource-links-current": false, "deposits-articles": true, "deposits-affiliations-current": false, "deposits-funders-current": true, "deposits-references-backfile": true, "deposits-abstracts-backfile": true, "deposits-licenses-backfile": true, "deposits-award-numbers-backfile": true, "deposits-open-references-backfile": false, "deposits-open-references-current": false, "deposits-references-current": true, "deposits-resource-links-backfile": false, "deposits-orcids-backfile": false, "deposits-funders-backfile": true, "deposits-update-policies-current": false, "deposits-similarity-checking-current": true, "deposits-licenses-current": true}, "ISSN": ["1211-8516", "1211-8516"], "issn-type": [{"value": "1211-8516", "type": "electronic"}, {"value": "1211-8516", "type": "print"}]}