{"last-status-check-time": 1621413025947, "counts": {"total-dois": 3702, "current-dois": 60, "backfile-dois": 3642}, "breakdowns": {"dois-by-issued-year": [[2014, 1102], [2015, 1067], [2017, 866], [2011, 387], [2016, 50], [2012, 50], [2018, 41], [2013, 40], [1976, 36], [2019, 31], [2020, 25], [2021, 4], [1978, 2], [1981, 1]]}, "publisher": "Polish Botanical Society", "coverage": {"affiliations-current": 0.0, "similarity-checking-current": 1.0, "funders-backfile": 0.0, "licenses-backfile": 0.9890170097351074, "funders-current": 0.0, "affiliations-backfile": 0.0, "resource-links-backfile": 0.9997254014015198, "orcids-backfile": 0.009610104374587536, "update-policies-current": 0.0, "open-references-backfile": 1.0, "orcids-current": 0.6166666746139526, "similarity-checking-backfile": 0.9890170097351074, "references-backfile": 0.010982976295053959, "award-numbers-backfile": 0.0, "update-policies-backfile": 0.0, "licenses-current": 1.0, "award-numbers-current": 0.0, "abstracts-backfile": 0.5996705293655396, "resource-links-current": 1.0, "abstracts-current": 0.9833333492279053, "open-references-current": 1.0, "references-current": 0.4833333194255829}, "title": "Acta Societatis Botanicorum Poloniae", "subjects": [{"name": "Plant Science", "ASJC": 1110}], "coverage-type": {"all": {"last-status-check-time": 1621413019245, "affiliations": 0.0, "abstracts": 0.6058887243270874, "orcids": 0.01944894716143608, "licenses": 0.9891950488090515, "references": 0.018638573586940765, "funders": 0.0, "similarity-checking": 0.9891950488090515, "award-numbers": 0.0, "update-policies": 0.0, "resource-links": 0.9997298717498779, "open-references": 1.0}, "backfile": {"last-status-check-time": 1621413017066, "affiliations": 0.0, "abstracts": 0.5996705293655396, "orcids": 0.009610104374587536, "licenses": 0.9890170097351074, "references": 0.010982976295053959, "funders": 0.0, "similarity-checking": 0.9890170097351074, "award-numbers": 0.0, "update-policies": 0.0, "resource-links": 0.9997254014015198, "open-references": 1.0}, "current": {"last-status-check-time": 1621413014848, "affiliations": 0.0, "abstracts": 0.9833333492279053, "orcids": 0.6166666746139526, "licenses": 1.0, "references": 0.4833333194255829, "funders": 0.0, "similarity-checking": 1.0, "award-numbers": 0.0, "update-policies": 0.0, "resource-links": 1.0, "open-references": 1.0}}, "flags": {"deposits-abstracts-current": true, "deposits-orcids-current": true, "deposits": true, "deposits-affiliations-backfile": false, "deposits-update-policies-backfile": false, "deposits-similarity-checking-backfile": true, "deposits-award-numbers-current": false, "deposits-resource-links-current": true, "deposits-articles": true, "deposits-affiliations-current": false, "deposits-funders-current": false, "deposits-references-backfile": true, "deposits-abstracts-backfile": true, "deposits-licenses-backfile": true, "deposits-award-numbers-backfile": false, "deposits-open-references-backfile": true, "deposits-open-references-current": true, "deposits-references-current": true, "deposits-resource-links-backfile": true, "deposits-orcids-backfile": true, "deposits-funders-backfile": false, "deposits-update-policies-current": false, "deposits-similarity-checking-current": true, "deposits-licenses-current": true}, "ISSN": ["2083-9480", "0001-6977"], "issn-type": [{"value": "2083-9480", "type": "electronic"}, {"value": "0001-6977", "type": "print"}]}