{"last-status-check-time": 1617043659267, "counts": {"total-dois": 1207, "current-dois": 499, "backfile-dois": 708}, "breakdowns": {"dois-by-issued-year": [[2020, 223], [2019, 222], [2014, 157], [2018, 147], [2016, 131], [2017, 99], [2015, 89], [2013, 85], [2021, 54]]}, "publisher": "Springer (Biomed Central Ltd.)", "coverage": {"affiliations-current": 0.0, "similarity-checking-current": 1.0, "funders-backfile": 0.505649745464325, "licenses-backfile": 0.6073446273803711, "funders-current": 0.8356713652610779, "affiliations-backfile": 0.0, "resource-links-backfile": 0.6073446273803711, "orcids-backfile": 0.21610169112682343, "update-policies-current": 1.0, "open-references-backfile": 1.0, "orcids-current": 0.7214428782463074, "similarity-checking-backfile": 0.9025423526763916, "references-backfile": 0.9717513918876648, "award-numbers-backfile": 0.4548022747039795, "update-policies-backfile": 0.799435019493103, "licenses-current": 1.0, "award-numbers-current": 0.7675350904464722, "abstracts-backfile": 0.0014124293811619282, "resource-links-current": 1.0, "abstracts-current": 0.46492984890937805, "open-references-current": 1.0, "references-current": 0.9979959726333618}, "title": "Acta Neuropathologica Communications", "subjects": [], "coverage-type": {"all": {"last-status-check-time": 1617043650166, "affiliations": 0.0, "abstracts": 0.19304059445858002, "orcids": 0.4250207245349884, "licenses": 0.7696768641471863, "references": 0.9826014637947083, "funders": 0.6420878171920776, "similarity-checking": 0.9428334832191467, "award-numbers": 0.5840927958488464, "update-policies": 0.8823529481887817, "resource-links": 0.7696768641471863, "open-references": 1.0}, "backfile": {"last-status-check-time": 1617043646770, "affiliations": 0.0, "abstracts": 0.0014124293811619282, "orcids": 0.21610169112682343, "licenses": 0.6073446273803711, "references": 0.9717513918876648, "funders": 0.505649745464325, "similarity-checking": 0.9025423526763916, "award-numbers": 0.4548022747039795, "update-policies": 0.799435019493103, "resource-links": 0.6073446273803711, "open-references": 1.0}, "current": {"last-status-check-time": 1617043643584, "affiliations": 0.0, "abstracts": 0.46492984890937805, "orcids": 0.7214428782463074, "licenses": 1.0, "references": 0.9979959726333618, "funders": 0.8356713652610779, "similarity-checking": 1.0, "award-numbers": 0.7675350904464722, "update-policies": 1.0, "resource-links": 1.0, "open-references": 1.0}}, "flags": {"deposits-abstracts-current": true, "deposits-orcids-current": true, "deposits": true, "deposits-affiliations-backfile": false, "deposits-update-policies-backfile": true, "deposits-similarity-checking-backfile": true, "deposits-award-numbers-current": true, "deposits-resource-links-current": true, "deposits-articles": true, "deposits-affiliations-current": false, "deposits-funders-current": true, "deposits-references-backfile": true, "deposits-abstracts-backfile": true, "deposits-licenses-backfile": true, "deposits-award-numbers-backfile": true, "deposits-open-references-backfile": true, "deposits-open-references-current": true, "deposits-references-current": true, "deposits-resource-links-backfile": true, "deposits-orcids-backfile": true, "deposits-funders-backfile": true, "deposits-update-policies-current": true, "deposits-similarity-checking-current": true, "deposits-licenses-current": true}, "ISSN": ["2051-5960", "2051-5960"], "issn-type": [{"value": "2051-5960", "type": "electronic"}, {"value": "2051-5960", "type": "print"}]}