{"last-status-check-time": 1621412139913, "counts": {"total-dois": 2823, "current-dois": 207, "backfile-dois": 2616}, "breakdowns": {"dois-by-issued-year": [[2015, 139], [2012, 125], [2001, 124], [2017, 118], [2014, 117], [2000, 112], [2005, 111], [2003, 110], [1993, 110], [2002, 109], [1998, 107], [2007, 98], [1999, 96], [2008, 94], [2006, 90], [1997, 88], [2011, 87], [2013, 86], [1994, 84], [1996, 83], [2020, 82], [2019, 82], [2010, 81], [2018, 79], [2009, 79], [2016, 78], [2004, 76], [1995, 73], [1970, 62], [2021, 43]]}, "publisher": "Polskie Towarzystwo Biochemiczne (Polish Biochemical Society)", "coverage": {"affiliations-current": 0.0, "similarity-checking-current": 0.9951691031455994, "funders-backfile": 0.0, "licenses-backfile": 0.0374617725610733, "funders-current": 0.0, "affiliations-backfile": 0.07071865350008011, "resource-links-backfile": 0.9181957244873047, "orcids-backfile": 0.008027522824704647, "update-policies-current": 0.0, "open-references-backfile": 0.0, "orcids-current": 0.7632850408554077, "similarity-checking-backfile": 0.9181957244873047, "references-backfile": 0.0, "award-numbers-backfile": 0.0, "update-policies-backfile": 0.0, "licenses-current": 1.0, "award-numbers-current": 0.0, "abstracts-backfile": 0.8776758313179016, "resource-links-current": 0.9951691031455994, "abstracts-current": 0.990338146686554, "open-references-current": 0.0, "references-current": 0.0}, "title": "Acta Biochimica Polonica", "subjects": [{"name": "General Biochemistry, Genetics and Molecular Biology", "ASJC": 1300}], "coverage-type": {"all": {"last-status-check-time": 1621412132832, "affiliations": 0.0655331239104271, "abstracts": 0.885936975479126, "orcids": 0.06340771913528442, "licenses": 0.10804109275341034, "references": 0.0, "funders": 0.0, "similarity-checking": 0.9238398671150208, "award-numbers": 0.0, "update-policies": 0.0, "resource-links": 0.9238398671150208, "open-references": 0.0}, "backfile": {"last-status-check-time": 1621412130682, "affiliations": 0.07071865350008011, "abstracts": 0.8776758313179016, "orcids": 0.008027522824704647, "licenses": 0.0374617725610733, "references": 0.0, "funders": 0.0, "similarity-checking": 0.9181957244873047, "award-numbers": 0.0, "update-policies": 0.0, "resource-links": 0.9181957244873047, "open-references": 0.0}, "current": {"last-status-check-time": 1621412128378, "affiliations": 0.0, "abstracts": 0.990338146686554, "orcids": 0.7632850408554077, "licenses": 1.0, "references": 0.0, "funders": 0.0, "similarity-checking": 0.9951691031455994, "award-numbers": 0.0, "update-policies": 0.0, "resource-links": 0.9951691031455994, "open-references": 0.0}}, "flags": {"deposits-abstracts-current": true, "deposits-orcids-current": true, "deposits": true, "deposits-affiliations-backfile": true, "deposits-update-policies-backfile": false, "deposits-similarity-checking-backfile": true, "deposits-award-numbers-current": false, "deposits-resource-links-current": true, "deposits-articles": true, "deposits-affiliations-current": false, "deposits-funders-current": false, "deposits-references-backfile": false, "deposits-abstracts-backfile": true, "deposits-licenses-backfile": true, "deposits-award-numbers-backfile": false, "deposits-open-references-backfile": false, "deposits-open-references-current": false, "deposits-references-current": false, "deposits-resource-links-backfile": true, "deposits-orcids-backfile": true, "deposits-funders-backfile": false, "deposits-update-policies-current": false, "deposits-similarity-checking-current": true, "deposits-licenses-current": true}, "ISSN": ["1734-154X", "0001-527X"], "issn-type": [{"value": "1734-154X", "type": "electronic"}, {"value": "0001-527X", "type": "print"}]}