{"last-status-check-time": 1620969567922, "counts": {"total-dois": 2967, "current-dois": 114, "backfile-dois": 2853}, "breakdowns": {"dois-by-issued-year": [[1978, 124], [2009, 121], [1981, 115], [1979, 108], [1988, 106], [1982, 103], [2008, 101], [2010, 95], [1980, 88], [2007, 85], [2011, 80], [2004, 78], [1977, 77], [2006, 74], [2012, 71], [1983, 64], [1976, 64], [2013, 62], [2005, 62], [2003, 62], [2001, 60], [1999, 59], [2014, 58], [2002, 55], [2020, 53], [2000, 50], [1992, 50], [2019, 49], [2018, 49], [1984, 49], [2017, 48], [2016, 48], [1985, 48], [2015, 44], [1993, 44], [1986, 42], [1971, 42], [1972, 38], [1989, 36], [1975, 36], [1998, 35], [1990, 30], [1994, 28], [1997, 27], [1991, 25], [1974, 25], [1973, 24], [1995, 23], [1987, 21], [1996, 19], [2021, 12]]}, "publisher": "SciELO", "coverage": {"affiliations-current": 0.9736841917037964, "similarity-checking-current": 0.8947368264198303, "funders-backfile": 0.0, "licenses-backfile": 0.01717490330338478, "funders-current": 0.0, "affiliations-backfile": 0.9064143300056458, "resource-links-backfile": 0.0, "orcids-backfile": 0.0, "update-policies-current": 0.0, "open-references-backfile": 1.0, "orcids-current": 0.7631579041481018, "similarity-checking-backfile": 0.9985979795455933, "references-backfile": 0.47704172134399414, "award-numbers-backfile": 0.0, "update-policies-backfile": 0.0, "licenses-current": 0.8947368264198303, "award-numbers-current": 0.0, "abstracts-backfile": 0.8902909159660339, "resource-links-current": 0.0, "abstracts-current": 0.9736841917037964, "open-references-current": 1.0, "references-current": 0.9736841917037964}, "title": "Acta Amazonica", "subjects": [], "coverage-type": {"all": {"last-status-check-time": 1620969559994, "affiliations": 0.908998966217041, "abstracts": 0.8934951424598694, "orcids": 0.02932254783809185, "licenses": 0.050893157720565796, "references": 0.4961240291595459, "funders": 0.0, "similarity-checking": 0.9946073293685913, "award-numbers": 0.0, "update-policies": 0.0, "resource-links": 0.0, "open-references": 1.0}, "backfile": {"last-status-check-time": 1620969557156, "affiliations": 0.9064143300056458, "abstracts": 0.8902909159660339, "orcids": 0.0, "licenses": 0.01717490330338478, "references": 0.47704172134399414, "funders": 0.0, "similarity-checking": 0.9985979795455933, "award-numbers": 0.0, "update-policies": 0.0, "resource-links": 0.0, "open-references": 1.0}, "current": {"last-status-check-time": 1620969554306, "affiliations": 0.9736841917037964, "abstracts": 0.9736841917037964, "orcids": 0.7631579041481018, "licenses": 0.8947368264198303, "references": 0.9736841917037964, "funders": 0.0, "similarity-checking": 0.8947368264198303, "award-numbers": 0.0, "update-policies": 0.0, "resource-links": 0.0, "open-references": 1.0}}, "flags": {"deposits-abstracts-current": true, "deposits-orcids-current": true, "deposits": true, "deposits-affiliations-backfile": true, "deposits-update-policies-backfile": false, "deposits-similarity-checking-backfile": true, "deposits-award-numbers-current": false, "deposits-resource-links-current": false, "deposits-articles": true, "deposits-affiliations-current": true, "deposits-funders-current": false, "deposits-references-backfile": true, "deposits-abstracts-backfile": true, "deposits-licenses-backfile": true, "deposits-award-numbers-backfile": false, "deposits-open-references-backfile": true, "deposits-open-references-current": true, "deposits-references-current": true, "deposits-resource-links-backfile": false, "deposits-orcids-backfile": false, "deposits-funders-backfile": false, "deposits-update-policies-current": false, "deposits-similarity-checking-current": true, "deposits-licenses-current": true}, "ISSN": ["0044-5967", "0044-5967"], "issn-type": [{"value": "0044-5967", "type": "electronic"}, {"value": "0044-5967", "type": "print"}]}