{"last-status-check-time": 1620994533388, "counts": {"total-dois": 2134, "current-dois": 155, "backfile-dois": 1979}, "breakdowns": {"dois-by-issued-year": [[2009, 129], [2010, 123], [2008, 106], [2011, 105], [2012, 104], [2005, 101], [2004, 91], [2006, 89], [2017, 88], [2013, 88], [2007, 88], [2020, 78], [2019, 75], [2016, 75], [2014, 74], [2015, 70], [2018, 55], [1998, 53], [2003, 52], [2001, 47], [1997, 42], [2002, 41], [1990, 41], [1987, 41], [1989, 40], [1988, 35], [1996, 33], [2000, 32], [1999, 31], [1995, 27], [1994, 24], [1992, 19], [1991, 19], [1993, 16], [2021, 2]]}, "publisher": "SciELO", "coverage": {"affiliations-current": 0.9935483932495117, "similarity-checking-current": 1.0, "funders-backfile": 0.0, "licenses-backfile": 0.0005053057102486491, "funders-current": 0.0, "affiliations-backfile": 0.927741289138794, "resource-links-backfile": 0.0, "orcids-backfile": 0.019201617687940598, "update-policies-current": 0.0, "open-references-backfile": 1.0, "orcids-current": 0.9935483932495117, "similarity-checking-backfile": 1.0, "references-backfile": 0.934310257434845, "award-numbers-backfile": 0.0, "update-policies-backfile": 0.0, "licenses-current": 1.0, "award-numbers-current": 0.0, "abstracts-backfile": 0.7064173817634583, "resource-links-current": 0.0, "abstracts-current": 0.0, "open-references-current": 1.0, "references-current": 0.9548386931419373}, "title": "Acta Botanica Brasilica", "subjects": [], "coverage-type": {"all": {"last-status-check-time": 1620994525496, "affiliations": 0.9325211048126221, "abstracts": 0.6551077961921692, "orcids": 0.0899718850851059, "licenses": 0.07310215383768082, "references": 0.9358013272285461, "funders": 0.0, "similarity-checking": 1.0, "award-numbers": 0.0, "update-policies": 0.0, "resource-links": 0.0, "open-references": 1.0}, "backfile": {"last-status-check-time": 1620994522632, "affiliations": 0.927741289138794, "abstracts": 0.7064173817634583, "orcids": 0.019201617687940598, "licenses": 0.0005053057102486491, "references": 0.934310257434845, "funders": 0.0, "similarity-checking": 1.0, "award-numbers": 0.0, "update-policies": 0.0, "resource-links": 0.0, "open-references": 1.0}, "current": {"last-status-check-time": 1620994519847, "affiliations": 0.9935483932495117, "abstracts": 0.0, "orcids": 0.9935483932495117, "licenses": 1.0, "references": 0.9548386931419373, "funders": 0.0, "similarity-checking": 1.0, "award-numbers": 0.0, "update-policies": 0.0, "resource-links": 0.0, "open-references": 1.0}}, "flags": {"deposits-abstracts-current": false, "deposits-orcids-current": true, "deposits": true, "deposits-affiliations-backfile": true, "deposits-update-policies-backfile": false, "deposits-similarity-checking-backfile": true, "deposits-award-numbers-current": false, "deposits-resource-links-current": false, "deposits-articles": true, "deposits-affiliations-current": true, "deposits-funders-current": false, "deposits-references-backfile": true, "deposits-abstracts-backfile": true, "deposits-licenses-backfile": true, "deposits-award-numbers-backfile": false, "deposits-open-references-backfile": true, "deposits-open-references-current": true, "deposits-references-current": true, "deposits-resource-links-backfile": false, "deposits-orcids-backfile": true, "deposits-funders-backfile": false, "deposits-update-policies-current": false, "deposits-similarity-checking-current": true, "deposits-licenses-current": true}, "ISSN": ["0102-3306", "0102-3306"], "issn-type": [{"value": "0102-3306", "type": "electronic"}, {"value": "0102-3306", "type": "print"}]}