{"last-status-check-time": 1618799680354, "counts": {"total-dois": 903, "current-dois": 37, "backfile-dois": 866}, "breakdowns": {"dois-by-issued-year": [[2001, 67], [2012, 41], [1995, 41], [1992, 37], [2002, 36], [1996, 36], [1994, 36], [1993, 36], [2000, 35], [2008, 34], [1998, 34], [1997, 33], [1999, 32], [2009, 31], [2013, 30], [2010, 30], [2003, 30], [2016, 29], [2011, 29], [2007, 28], [2018, 27], [2004, 27], [2020, 26], [2014, 25], [2005, 23], [2015, 21], [2017, 20], [2006, 18], [2021, 7], [2019, 4]]}, "publisher": "Informa UK (Taylor & Francis)", "coverage": {"affiliations-current": 1.0, "similarity-checking-current": 1.0, "funders-backfile": 0.06351039558649063, "licenses-backfile": 0.010392609983682632, "funders-current": 0.4054054021835327, "affiliations-backfile": 0.10392609983682632, "resource-links-backfile": 0.006928406655788422, "orcids-backfile": 0.01963048428297043, "update-policies-current": 1.0, "open-references-backfile": 1.0, "orcids-current": 0.6486486196517944, "similarity-checking-backfile": 0.9734411239624023, "references-backfile": 0.7886835932731628, "award-numbers-backfile": 0.043879907578229904, "update-policies-backfile": 0.14434179663658142, "licenses-current": 0.4054054021835327, "award-numbers-current": 0.2702702581882477, "abstracts-backfile": 0.0, "resource-links-current": 0.0, "abstracts-current": 0.0, "open-references-current": 1.0, "references-current": 0.9729729890823364}, "title": "Acta Agriculturae Scandinavica Section A \u2013 Animal Science", "subjects": [{"name": "Animal Science and Zoology", "ASJC": 1103}, {"name": "Food Animals", "ASJC": 3403}], "coverage-type": {"all": {"last-status-check-time": 1618799673202, "affiliations": 0.14064230024814606, "abstracts": 0.0, "orcids": 0.045404206961393356, "licenses": 0.02657807245850563, "references": 0.7962347865104675, "funders": 0.07751937955617905, "similarity-checking": 0.9745293259620667, "award-numbers": 0.05315614491701126, "update-policies": 0.17940199375152588, "resource-links": 0.006644518114626408, "open-references": 1.0}, "backfile": {"last-status-check-time": 1618799670845, "affiliations": 0.10392609983682632, "abstracts": 0.0, "orcids": 0.01963048428297043, "licenses": 0.010392609983682632, "references": 0.7886835932731628, "funders": 0.06351039558649063, "similarity-checking": 0.9734411239624023, "award-numbers": 0.043879907578229904, "update-policies": 0.14434179663658142, "resource-links": 0.006928406655788422, "open-references": 1.0}, "current": {"last-status-check-time": 1618799668294, "affiliations": 1.0, "abstracts": 0.0, "orcids": 0.6486486196517944, "licenses": 0.4054054021835327, "references": 0.9729729890823364, "funders": 0.4054054021835327, "similarity-checking": 1.0, "award-numbers": 0.2702702581882477, "update-policies": 1.0, "resource-links": 0.0, "open-references": 1.0}}, "flags": {"deposits-abstracts-current": false, "deposits-orcids-current": true, "deposits": true, "deposits-affiliations-backfile": true, "deposits-update-policies-backfile": true, "deposits-similarity-checking-backfile": true, "deposits-award-numbers-current": true, "deposits-resource-links-current": false, "deposits-articles": true, "deposits-affiliations-current": true, "deposits-funders-current": true, "deposits-references-backfile": true, "deposits-abstracts-backfile": false, "deposits-licenses-backfile": true, "deposits-award-numbers-backfile": true, "deposits-open-references-backfile": true, "deposits-open-references-current": true, "deposits-references-current": true, "deposits-resource-links-backfile": true, "deposits-orcids-backfile": true, "deposits-funders-backfile": true, "deposits-update-policies-current": true, "deposits-similarity-checking-current": true, "deposits-licenses-current": true}, "ISSN": ["1651-1972", "0906-4702"], "issn-type": [{"value": "1651-1972", "type": "electronic"}, {"value": "0906-4702", "type": "print"}]}