{"last-status-check-time": 1621009167398, "counts": {"total-dois": 1419, "current-dois": 130, "backfile-dois": 1289}, "breakdowns": {"dois-by-issued-year": [[2015, 88], [1991, 61], [2020, 60], [2019, 56], [2018, 55], [2017, 50], [2014, 46], [2016, 45], [2011, 45], [2013, 41], [2012, 37], [1993, 37], [1994, 31], [1972, 29], [2010, 27], [2009, 27], [2000, 26], [1992, 26], [1985, 25], [2001, 24], [2008, 23], [2006, 23], [2004, 23], [1997, 23], [1982, 23], [2007, 22], [2005, 22], [1996, 22], [1990, 22], [1976, 22], [1999, 21], [1995, 21], [1988, 21], [1983, 21], [1998, 20], [1973, 20], [1989, 18], [1981, 18], [1970, 18], [1980, 17], [2002, 16], [1987, 16], [1986, 16], [1978, 16], [2003, 15], [1975, 15], [1974, 15], [2021, 14], [1984, 14], [1977, 14], [1979, 12]]}, "publisher": "Pensoft Publishers", "coverage": {"affiliations-current": 0.0, "similarity-checking-current": 0.10769230872392654, "funders-backfile": 0.0, "licenses-backfile": 0.0, "funders-current": 0.007692307699471712, "affiliations-backfile": 0.0, "resource-links-backfile": 0.0, "orcids-backfile": 0.0015515903942286968, "update-policies-current": 0.0, "open-references-backfile": 1.0, "orcids-current": 0.45384615659713745, "similarity-checking-backfile": 0.0, "references-backfile": 0.0, "award-numbers-backfile": 0.0, "update-policies-backfile": 0.0, "licenses-current": 0.5538461804389954, "award-numbers-current": 0.0, "abstracts-backfile": 0.006982156541198492, "resource-links-current": 0.10769230872392654, "abstracts-current": 0.10769230872392654, "open-references-current": 1.0, "references-current": 0.10769230872392654}, "title": "Acta Ichthyologica Et Piscatoria", "subjects": [{"name": "Aquatic Science", "ASJC": 1104}], "coverage-type": {"all": {"last-status-check-time": 1621009159626, "affiliations": 0.0, "abstracts": 0.01619718223810196, "orcids": 0.042957745492458344, "licenses": 0.050704225897789, "references": 0.009859154932200909, "funders": 0.0007042253273539245, "similarity-checking": 0.009859154932200909, "award-numbers": 0.0, "update-policies": 0.0, "resource-links": 0.009859154932200909, "open-references": 1.0}, "backfile": {"last-status-check-time": 1621009157100, "affiliations": 0.0, "abstracts": 0.006982156541198492, "orcids": 0.0015515903942286968, "licenses": 0.0, "references": 0.0, "funders": 0.0, "similarity-checking": 0.0, "award-numbers": 0.0, "update-policies": 0.0, "resource-links": 0.0, "open-references": 1.0}, "current": {"last-status-check-time": 1621009154469, "affiliations": 0.0, "abstracts": 0.10769230872392654, "orcids": 0.45384615659713745, "licenses": 0.5538461804389954, "references": 0.10769230872392654, "funders": 0.007692307699471712, "similarity-checking": 0.10769230872392654, "award-numbers": 0.0, "update-policies": 0.0, "resource-links": 0.10769230872392654, "open-references": 1.0}}, "flags": {"deposits-abstracts-current": true, "deposits-orcids-current": true, "deposits": true, "deposits-affiliations-backfile": false, "deposits-update-policies-backfile": false, "deposits-similarity-checking-backfile": false, "deposits-award-numbers-current": false, "deposits-resource-links-current": true, "deposits-articles": true, "deposits-affiliations-current": false, "deposits-funders-current": true, "deposits-references-backfile": false, "deposits-abstracts-backfile": true, "deposits-licenses-backfile": false, "deposits-award-numbers-backfile": false, "deposits-open-references-backfile": true, "deposits-open-references-current": true, "deposits-references-current": true, "deposits-resource-links-backfile": false, "deposits-orcids-backfile": true, "deposits-funders-backfile": false, "deposits-update-policies-current": false, "deposits-similarity-checking-current": true, "deposits-licenses-current": true}, "ISSN": ["1734-1515", "0137-1592"], "issn-type": [{"value": "1734-1515", "type": "electronic"}, {"value": "0137-1592", "type": "print"}]}