{"last-status-check-time": 1620869570227, "counts": {"total-dois": 589, "current-dois": 164, "backfile-dois": 425}, "breakdowns": {"dois-by-issued-year": [[2020, 85], [2018, 69], [2017, 63], [2019, 60], [2016, 50], [2015, 47], [2014, 43], [2013, 33], [2011, 28], [2012, 20], [2010, 20], [2008, 20], [2021, 19], [2009, 19], [2007, 13]]}, "publisher": "\"Biotechnical Faculty, University of Ljubljana\"", "coverage": {"affiliations-current": 0.0, "similarity-checking-current": 0.7682926654815674, "funders-backfile": 0.0, "licenses-backfile": 0.4282352924346924, "funders-current": 0.0, "affiliations-backfile": 0.0, "resource-links-backfile": 0.4305882453918457, "orcids-backfile": 0.05411764606833458, "update-policies-current": 0.0, "open-references-backfile": 1.0, "orcids-current": 0.1768292635679245, "similarity-checking-backfile": 0.9882352948188782, "references-backfile": 0.25882354378700256, "award-numbers-backfile": 0.0, "update-policies-backfile": 0.0, "licenses-current": 1.0, "award-numbers-current": 0.0, "abstracts-backfile": 0.4305882453918457, "resource-links-current": 1.0, "abstracts-current": 0.9939024448394775, "open-references-current": 1.0, "references-current": 0.0}, "title": "Acta agriculturae Slovenica", "subjects": [], "coverage-type": {"all": {"last-status-check-time": 1620869562909, "affiliations": 0.0, "abstracts": 0.5864406824111938, "orcids": 0.08813559263944626, "licenses": 0.5864406824111938, "references": 0.18644067645072937, "funders": 0.0, "similarity-checking": 0.9254237413406372, "award-numbers": 0.0, "update-policies": 0.0, "resource-links": 0.5881356000900269, "open-references": 1.0}, "backfile": {"last-status-check-time": 1620869560494, "affiliations": 0.0, "abstracts": 0.4305882453918457, "orcids": 0.05411764606833458, "licenses": 0.4282352924346924, "references": 0.25882354378700256, "funders": 0.0, "similarity-checking": 0.9882352948188782, "award-numbers": 0.0, "update-policies": 0.0, "resource-links": 0.4305882453918457, "open-references": 1.0}, "current": {"last-status-check-time": 1620869558234, "affiliations": 0.0, "abstracts": 0.9939024448394775, "orcids": 0.1768292635679245, "licenses": 1.0, "references": 0.0, "funders": 0.0, "similarity-checking": 0.7682926654815674, "award-numbers": 0.0, "update-policies": 0.0, "resource-links": 1.0, "open-references": 1.0}}, "flags": {"deposits-abstracts-current": true, "deposits-orcids-current": true, "deposits": true, "deposits-affiliations-backfile": false, "deposits-update-policies-backfile": false, "deposits-similarity-checking-backfile": true, "deposits-award-numbers-current": false, "deposits-resource-links-current": true, "deposits-articles": true, "deposits-affiliations-current": false, "deposits-funders-current": false, "deposits-references-backfile": true, "deposits-abstracts-backfile": true, "deposits-licenses-backfile": true, "deposits-award-numbers-backfile": false, "deposits-open-references-backfile": true, "deposits-open-references-current": true, "deposits-references-current": false, "deposits-resource-links-backfile": true, "deposits-orcids-backfile": true, "deposits-funders-backfile": false, "deposits-update-policies-current": false, "deposits-similarity-checking-current": true, "deposits-licenses-current": true}, "ISSN": ["1854-1941", "1581-9175"], "issn-type": [{"value": "1854-1941", "type": "electronic"}, {"value": "1581-9175", "type": "print"}]}