{"last-status-check-time": 1620694663499, "counts": {"total-dois": 1402, "current-dois": 250, "backfile-dois": 1152}, "breakdowns": {"dois-by-issued-year": [[2015, 226], [2016, 139], [2014, 125], [2020, 107], [2019, 102], [2017, 99], [2018, 94], [2009, 87], [2008, 83], [2012, 81], [2010, 79], [2013, 78], [2011, 60], [2021, 41], [2003, 1]]}, "publisher": "AVES Publishing Co.", "coverage": {"affiliations-current": 0.0, "similarity-checking-current": 0.0, "funders-backfile": 0.0173611119389534, "licenses-backfile": 0.2239583283662796, "funders-current": 0.05999999865889549, "affiliations-backfile": 0.0, "resource-links-backfile": 0.2239583283662796, "orcids-backfile": 0.0477430559694767, "update-policies-current": 0.3840000033378601, "open-references-backfile": 0.0026041667442768812, "orcids-current": 0.25200000405311584, "similarity-checking-backfile": 0.0, "references-backfile": 0.2222222238779068, "award-numbers-backfile": 0.010416666977107525, "update-policies-backfile": 0.2230902761220932, "licenses-current": 0.40799999237060547, "award-numbers-current": 0.04399999976158142, "abstracts-backfile": 0.0, "resource-links-current": 0.40799999237060547, "abstracts-current": 0.0, "open-references-current": 0.0, "references-current": 0.3840000033378601}, "title": "Acta Orthopaedica et Traumatologica Turcica", "subjects": [{"name": "General Medicine", "ASJC": 2700}, {"name": "Orthopedics and Sports Medicine", "ASJC": 2732}, {"name": "Surgery", "ASJC": 2746}], "coverage-type": {"all": {"last-status-check-time": 1620694656784, "affiliations": 0.0, "abstracts": 0.0, "orcids": 0.08404558151960373, "licenses": 0.25641027092933655, "references": 0.25071224570274353, "funders": 0.024928774684667587, "similarity-checking": 0.0, "award-numbers": 0.01638176664710045, "update-policies": 0.25142449140548706, "resource-links": 0.25641027092933655, "open-references": 0.0021367522422224283}, "backfile": {"last-status-check-time": 1620694654648, "affiliations": 0.0, "abstracts": 0.0, "orcids": 0.0477430559694767, "licenses": 0.2239583283662796, "references": 0.2222222238779068, "funders": 0.0173611119389534, "similarity-checking": 0.0, "award-numbers": 0.010416666977107525, "update-policies": 0.2230902761220932, "resource-links": 0.2239583283662796, "open-references": 0.0026041667442768812}, "current": {"last-status-check-time": 1620694652483, "affiliations": 0.0, "abstracts": 0.0, "orcids": 0.25200000405311584, "licenses": 0.40799999237060547, "references": 0.3840000033378601, "funders": 0.05999999865889549, "similarity-checking": 0.0, "award-numbers": 0.04399999976158142, "update-policies": 0.3840000033378601, "resource-links": 0.40799999237060547, "open-references": 0.0}}, "flags": {"deposits-abstracts-current": false, "deposits-orcids-current": true, "deposits": true, "deposits-affiliations-backfile": false, "deposits-update-policies-backfile": true, "deposits-similarity-checking-backfile": false, "deposits-award-numbers-current": true, "deposits-resource-links-current": true, "deposits-articles": true, "deposits-affiliations-current": false, "deposits-funders-current": true, "deposits-references-backfile": true, "deposits-abstracts-backfile": false, "deposits-licenses-backfile": true, "deposits-award-numbers-backfile": true, "deposits-open-references-backfile": true, "deposits-open-references-current": false, "deposits-references-current": true, "deposits-resource-links-backfile": true, "deposits-orcids-backfile": true, "deposits-funders-backfile": true, "deposits-update-policies-current": true, "deposits-similarity-checking-current": false, "deposits-licenses-current": true}, "ISSN": ["2589-1294", "1017-995X"], "issn-type": [{"value": "2589-1294", "type": "electronic"}, {"value": "1017-995X", "type": "print"}]}