{"last-status-check-time": 1620738127322, "counts": {"total-dois": 777, "current-dois": 79, "backfile-dois": 698}, "breakdowns": {"dois-by-issued-year": [[2004, 65], [2007, 41], [2006, 40], [2012, 39], [2011, 38], [2003, 37], [2020, 35], [2008, 34], [2019, 32], [2017, 32], [2018, 30], [2013, 30], [2002, 30], [2010, 29], [2016, 28], [2014, 28], [2009, 28], [2015, 27], [2005, 26], [1998, 26], [2001, 25], [1999, 23], [1997, 22], [2000, 20], [2021, 12]]}, "publisher": "\"Charles University in Prague, Karolinum Press\"", "coverage": {"affiliations-current": 0.0, "similarity-checking-current": 0.0, "funders-backfile": 0.21060171723365784, "licenses-backfile": 0.0, "funders-current": 0.18987341225147247, "affiliations-backfile": 0.0, "resource-links-backfile": 0.0, "orcids-backfile": 0.010028652846813202, "update-policies-current": 1.0, "open-references-backfile": 0.0, "orcids-current": 0.18987341225147247, "similarity-checking-backfile": 0.0, "references-backfile": 0.9856733679771423, "award-numbers-backfile": 0.21060171723365784, "update-policies-backfile": 0.054441262036561966, "licenses-current": 0.0, "award-numbers-current": 0.18987341225147247, "abstracts-backfile": 0.9785100221633911, "resource-links-current": 0.0, "abstracts-current": 0.9873417615890503, "open-references-current": 0.0, "references-current": 1.0}, "title": "Acta Medica (Hradec Kralove Czech Republic)", "subjects": [{"name": "General Medicine", "ASJC": 2700}], "coverage-type": {"all": {"last-status-check-time": 1620738120232, "affiliations": 0.0, "abstracts": 0.9794079661369324, "orcids": 0.028314027935266495, "licenses": 0.0, "references": 0.9871299862861633, "funders": 0.20849420130252838, "similarity-checking": 0.0, "award-numbers": 0.20849420130252838, "update-policies": 0.15057915449142456, "resource-links": 0.0, "open-references": 0.0}, "backfile": {"last-status-check-time": 1620738117734, "affiliations": 0.0, "abstracts": 0.9785100221633911, "orcids": 0.010028652846813202, "licenses": 0.0, "references": 0.9856733679771423, "funders": 0.21060171723365784, "similarity-checking": 0.0, "award-numbers": 0.21060171723365784, "update-policies": 0.054441262036561966, "resource-links": 0.0, "open-references": 0.0}, "current": {"last-status-check-time": 1620738115040, "affiliations": 0.0, "abstracts": 0.9873417615890503, "orcids": 0.18987341225147247, "licenses": 0.0, "references": 1.0, "funders": 0.18987341225147247, "similarity-checking": 0.0, "award-numbers": 0.18987341225147247, "update-policies": 1.0, "resource-links": 0.0, "open-references": 0.0}}, "flags": {"deposits-abstracts-current": true, "deposits-orcids-current": true, "deposits": true, "deposits-affiliations-backfile": false, "deposits-update-policies-backfile": true, "deposits-similarity-checking-backfile": false, "deposits-award-numbers-current": true, "deposits-resource-links-current": false, "deposits-articles": true, "deposits-affiliations-current": false, "deposits-funders-current": true, "deposits-references-backfile": true, "deposits-abstracts-backfile": true, "deposits-licenses-backfile": false, "deposits-award-numbers-backfile": true, "deposits-open-references-backfile": false, "deposits-open-references-current": false, "deposits-references-current": true, "deposits-resource-links-backfile": false, "deposits-orcids-backfile": true, "deposits-funders-backfile": true, "deposits-update-policies-current": true, "deposits-similarity-checking-current": false, "deposits-licenses-current": false}, "ISSN": ["1805-9694", "1211-4286"], "issn-type": [{"value": "1805-9694", "type": "electronic"}, {"value": "1211-4286", "type": "print"}]}