{"last-status-check-time": 1621216860608, "counts": {"total-dois": 457, "current-dois": 57, "backfile-dois": 400}, "breakdowns": {"dois-by-issued-year": [[2019, 40], [2012, 32], [2013, 31], [2004, 30], [2017, 28], [2011, 28], [2005, 26], [2015, 24], [2016, 23], [2014, 23], [2009, 23], [2008, 23], [2006, 21], [2010, 20], [2007, 20], [2020, 17], [2018, 17], [2002, 17], [2003, 14]]}, "publisher": "National Library of Serbia", "coverage": {"affiliations-current": 1.0, "similarity-checking-current": 0.0, "funders-backfile": 0.2874999940395355, "licenses-backfile": 1.0, "funders-current": 0.38596490025520325, "affiliations-backfile": 0.9524999856948853, "resource-links-backfile": 0.0, "orcids-backfile": 0.5375000238418579, "update-policies-current": 0.0, "open-references-backfile": 1.0, "orcids-current": 0.45614033937454224, "similarity-checking-backfile": 0.0, "references-backfile": 0.44999998807907104, "award-numbers-backfile": 0.2874999940395355, "update-policies-backfile": 0.0, "licenses-current": 1.0, "award-numbers-current": 0.38596490025520325, "abstracts-backfile": 1.0, "resource-links-current": 0.0, "abstracts-current": 1.0, "open-references-current": 1.0, "references-current": 0.0}, "title": "Acta periodica technologica", "subjects": [{"name": "General Engineering", "ASJC": 2200}], "coverage-type": {"all": {"last-status-check-time": 1621216853615, "affiliations": 0.9584245085716248, "abstracts": 1.0, "orcids": 0.5273522734642029, "licenses": 1.0, "references": 0.39387309551239014, "funders": 0.2997811734676361, "similarity-checking": 0.0, "award-numbers": 0.2997811734676361, "update-policies": 0.0, "resource-links": 0.0, "open-references": 1.0}, "backfile": {"last-status-check-time": 1621216851263, "affiliations": 0.9524999856948853, "abstracts": 1.0, "orcids": 0.5375000238418579, "licenses": 1.0, "references": 0.44999998807907104, "funders": 0.2874999940395355, "similarity-checking": 0.0, "award-numbers": 0.2874999940395355, "update-policies": 0.0, "resource-links": 0.0, "open-references": 1.0}, "current": {"last-status-check-time": 1621216848999, "affiliations": 1.0, "abstracts": 1.0, "orcids": 0.45614033937454224, "licenses": 1.0, "references": 0.0, "funders": 0.38596490025520325, "similarity-checking": 0.0, "award-numbers": 0.38596490025520325, "update-policies": 0.0, "resource-links": 0.0, "open-references": 1.0}}, "flags": {"deposits-abstracts-current": true, "deposits-orcids-current": true, "deposits": true, "deposits-affiliations-backfile": true, "deposits-update-policies-backfile": false, "deposits-similarity-checking-backfile": false, "deposits-award-numbers-current": true, "deposits-resource-links-current": false, "deposits-articles": true, "deposits-affiliations-current": true, "deposits-funders-current": true, "deposits-references-backfile": true, "deposits-abstracts-backfile": true, "deposits-licenses-backfile": true, "deposits-award-numbers-backfile": true, "deposits-open-references-backfile": true, "deposits-open-references-current": true, "deposits-references-current": false, "deposits-resource-links-backfile": false, "deposits-orcids-backfile": true, "deposits-funders-backfile": true, "deposits-update-policies-current": false, "deposits-similarity-checking-current": false, "deposits-licenses-current": true}, "ISSN": ["2406-095X", "1450-7188"], "issn-type": [{"value": "2406-095X", "type": "electronic"}, {"value": "1450-7188", "type": "print"}]}