{"last-status-check-time": 1618778257734, "counts": {"total-dois": 20188, "current-dois": 506, "backfile-dois": 19682}, "breakdowns": {"dois-by-issued-year": [[1986, 635], [1987, 579], [1989, 548], [1988, 535], [1985, 532], [1969, 519], [1971, 488], [1984, 484], [1974, 477], [1967, 450], [1972, 448], [1973, 446], [1975, 437], [1965, 419], [1983, 377], [1960, 344], [1970, 341], [1962, 330], [1982, 306], [1979, 291], [1977, 289], [1981, 278], [1978, 276], [2009, 274], [2010, 270], [2004, 268], [1964, 268], [1976, 265], [2006, 261], [2011, 258], [2008, 258], [1996, 258], [1980, 258], [2015, 253], [1994, 250], [2013, 249], [2012, 249], [2014, 246], [1995, 245], [2005, 243], [1998, 241], [2000, 232], [1990, 228], [1997, 227], [2002, 226], [1991, 223], [2007, 221], [1963, 217], [2016, 212], [1958, 211], [2001, 210], [1992, 210], [1993, 208], [1968, 207], [1966, 205], [1999, 203], [2020, 202], [1961, 201], [2017, 196], [1957, 187], [1959, 186], [2003, 179], [2019, 177], [1955, 176], [2018, 164], [1956, 143], [1953, 129], [2021, 127], [1952, 103], [1954, 92], [1951, 83], [1949, 68], [1950, 59], [1948, 33]]}, "publisher": "Bioscientifica", "coverage": {"affiliations-current": 0.9861660003662109, "similarity-checking-current": 0.4426877498626709, "funders-backfile": 0.0, "licenses-backfile": 0.006096941418945789, "funders-current": 0.0, "affiliations-backfile": 0.023574840277433395, "resource-links-backfile": 0.9884666204452515, "orcids-backfile": 0.0, "update-policies-current": 1.0, "open-references-backfile": 0.999898374080658, "orcids-current": 0.0, "similarity-checking-backfile": 0.015648815780878067, "references-backfile": 0.1226501390337944, "award-numbers-backfile": 0.0, "update-policies-backfile": 0.9991362690925598, "licenses-current": 0.05138339847326279, "award-numbers-current": 0.0, "abstracts-backfile": 0.6840260028839111, "resource-links-current": 1.0, "abstracts-current": 0.9169960618019104, "open-references-current": 1.0, "references-current": 0.06521739065647125}, "title": "Acta Endocrinologica", "subjects": [{"name": "Endocrinology", "ASJC": 1310}, {"name": "General Medicine", "ASJC": 2700}, {"name": "Endocrinology, Diabetes and Metabolism", "ASJC": 2712}], "coverage-type": {"all": {"last-status-check-time": 1618778250630, "affiliations": 0.04769924283027649, "abstracts": 0.6898310780525208, "orcids": 0.0, "licenses": 0.007231660652905703, "references": 0.12120461463928223, "funders": 0.0, "similarity-checking": 0.02635098248720169, "award-numbers": 0.0, "update-policies": 0.9991084337234497, "resource-links": 0.9887067079544067, "open-references": 0.9999009370803833}, "backfile": {"last-status-check-time": 1618778248084, "affiliations": 0.023574840277433395, "abstracts": 0.6840260028839111, "orcids": 0.0, "licenses": 0.006096941418945789, "references": 0.1226501390337944, "funders": 0.0, "similarity-checking": 0.015648815780878067, "award-numbers": 0.0, "update-policies": 0.9991362690925598, "resource-links": 0.9884666204452515, "open-references": 0.999898374080658}, "current": {"last-status-check-time": 1618778245708, "affiliations": 0.9861660003662109, "abstracts": 0.9169960618019104, "orcids": 0.0, "licenses": 0.05138339847326279, "references": 0.06521739065647125, "funders": 0.0, "similarity-checking": 0.4426877498626709, "award-numbers": 0.0, "update-policies": 1.0, "resource-links": 1.0, "open-references": 1.0}}, "flags": {"deposits-abstracts-current": true, "deposits-orcids-current": false, "deposits": true, "deposits-affiliations-backfile": true, "deposits-update-policies-backfile": true, "deposits-similarity-checking-backfile": true, "deposits-award-numbers-current": false, "deposits-resource-links-current": true, "deposits-articles": true, "deposits-affiliations-current": true, "deposits-funders-current": false, "deposits-references-backfile": true, "deposits-abstracts-backfile": true, "deposits-licenses-backfile": true, "deposits-award-numbers-backfile": false, "deposits-open-references-backfile": true, "deposits-open-references-current": true, "deposits-references-current": true, "deposits-resource-links-backfile": true, "deposits-orcids-backfile": false, "deposits-funders-backfile": false, "deposits-update-policies-current": true, "deposits-similarity-checking-current": true, "deposits-licenses-current": true}, "ISSN": ["1479-683X", "0804-4643"], "issn-type": [{"value": "1479-683X", "type": "electronic"}, {"value": "0804-4643", "type": "print"}]}