{"last-status-check-time": 1618759685104, "counts": {"total-dois": 477, "current-dois": 31, "backfile-dois": 446}, "breakdowns": {"dois-by-issued-year": [[1999, 26], [1998, 24], [2017, 22], [1991, 22], [1993, 20], [2012, 18], [1997, 18], [1989, 18], [2020, 17], [2009, 17], [2007, 17], [1994, 16], [2006, 15], [2019, 14], [2004, 14], [2002, 14], [1992, 14], [1990, 14], [1988, 14], [2016, 13], [2011, 13], [2010, 13], [2005, 13], [2018, 12], [2003, 12], [2000, 12], [2015, 11], [2014, 11], [2008, 11], [2013, 10], [2001, 10], [1985, 2]]}, "publisher": "\"Faculty of Arts, University of Ljubljana\"", "coverage": {"affiliations-current": 0.0, "similarity-checking-current": 0.9354838728904724, "funders-backfile": 0.0, "licenses-backfile": 0.773542582988739, "funders-current": 0.0, "affiliations-backfile": 0.0, "resource-links-backfile": 0.8923766613006592, "orcids-backfile": 0.0, "update-policies-current": 0.0, "open-references-backfile": 1.0, "orcids-current": 0.0, "similarity-checking-backfile": 0.8923766613006592, "references-backfile": 0.0, "award-numbers-backfile": 0.0, "update-policies-backfile": 0.0, "licenses-current": 0.9354838728904724, "award-numbers-current": 0.0, "abstracts-backfile": 0.908071756362915, "resource-links-current": 0.9354838728904724, "abstracts-current": 0.9354838728904724, "open-references-current": 1.0, "references-current": 0.0}, "title": "Acta Neophilologica", "subjects": [], "coverage-type": {"all": {"last-status-check-time": 1618759677249, "affiliations": 0.0, "abstracts": 0.9098532199859619, "orcids": 0.0, "licenses": 0.7840670943260193, "references": 0.0, "funders": 0.0, "similarity-checking": 0.8951781988143921, "award-numbers": 0.0, "update-policies": 0.0, "resource-links": 0.8951781988143921, "open-references": 1.0}, "backfile": {"last-status-check-time": 1618759674941, "affiliations": 0.0, "abstracts": 0.908071756362915, "orcids": 0.0, "licenses": 0.773542582988739, "references": 0.0, "funders": 0.0, "similarity-checking": 0.8923766613006592, "award-numbers": 0.0, "update-policies": 0.0, "resource-links": 0.8923766613006592, "open-references": 1.0}, "current": {"last-status-check-time": 1618759672750, "affiliations": 0.0, "abstracts": 0.9354838728904724, "orcids": 0.0, "licenses": 0.9354838728904724, "references": 0.0, "funders": 0.0, "similarity-checking": 0.9354838728904724, "award-numbers": 0.0, "update-policies": 0.0, "resource-links": 0.9354838728904724, "open-references": 1.0}}, "flags": {"deposits-abstracts-current": true, "deposits-orcids-current": false, "deposits": true, "deposits-affiliations-backfile": false, "deposits-update-policies-backfile": false, "deposits-similarity-checking-backfile": true, "deposits-award-numbers-current": false, "deposits-resource-links-current": true, "deposits-articles": true, "deposits-affiliations-current": false, "deposits-funders-current": false, "deposits-references-backfile": false, "deposits-abstracts-backfile": true, "deposits-licenses-backfile": true, "deposits-award-numbers-backfile": false, "deposits-open-references-backfile": true, "deposits-open-references-current": true, "deposits-references-current": false, "deposits-resource-links-backfile": true, "deposits-orcids-backfile": false, "deposits-funders-backfile": false, "deposits-update-policies-current": false, "deposits-similarity-checking-current": true, "deposits-licenses-current": true}, "ISSN": ["2350-417X", "0567-784X"], "issn-type": [{"value": "2350-417X", "type": "electronic"}, {"value": "0567-784X", "type": "print"}]}