{"last-status-check-time": 1620934297508, "counts": {"total-dois": 2358, "current-dois": 341, "backfile-dois": 2017}, "breakdowns": {"dois-by-issued-year": [[2020, 165], [2006, 164], [2005, 162], [2014, 155], [2010, 144], [2009, 143], [2016, 135], [2008, 135], [2011, 134], [2007, 134], [2017, 126], [2019, 122], [2013, 120], [2015, 114], [2012, 111], [2018, 106], [2021, 54], [2004, 47], [1992, 27], [1994, 25], [1988, 23], [1997, 6], [1962, 5], [1981, 1]]}, "publisher": "Informa UK (Taylor & Francis)", "coverage": {"affiliations-current": 0.9706745147705078, "similarity-checking-current": 1.0, "funders-backfile": 0.0, "licenses-backfile": 0.020327217876911163, "funders-current": 0.0, "affiliations-backfile": 0.19930590689182281, "resource-links-backfile": 0.0029747148510068655, "orcids-backfile": 0.000991571694612503, "update-policies-current": 1.0, "open-references-backfile": 1.0, "orcids-current": 0.02346041053533554, "similarity-checking-backfile": 0.9459593296051025, "references-backfile": 0.918195366859436, "award-numbers-backfile": 0.0, "update-policies-backfile": 0.3207734227180481, "licenses-current": 0.9706745147705078, "award-numbers-current": 0.0, "abstracts-backfile": 0.0, "resource-links-current": 0.12609970569610596, "abstracts-current": 0.0, "open-references-current": 1.0, "references-current": 0.9765396118164062}, "title": "Acta Orthopaedica", "subjects": [{"name": "General Medicine", "ASJC": 2700}, {"name": "Orthopedics and Sports Medicine", "ASJC": 2732}], "coverage-type": {"all": {"last-status-check-time": 1620934288843, "affiliations": 0.3108566701412201, "abstracts": 0.0, "orcids": 0.004240882117301226, "licenses": 0.15776081383228302, "references": 0.9266327619552612, "funders": 0.0, "similarity-checking": 0.9537743926048279, "award-numbers": 0.0, "update-policies": 0.41899916529655457, "resource-links": 0.020780323073267937, "open-references": 1.0}, "backfile": {"last-status-check-time": 1620934286334, "affiliations": 0.19930590689182281, "abstracts": 0.0, "orcids": 0.000991571694612503, "licenses": 0.020327217876911163, "references": 0.918195366859436, "funders": 0.0, "similarity-checking": 0.9459593296051025, "award-numbers": 0.0, "update-policies": 0.3207734227180481, "resource-links": 0.0029747148510068655, "open-references": 1.0}, "current": {"last-status-check-time": 1620934283653, "affiliations": 0.9706745147705078, "abstracts": 0.0, "orcids": 0.02346041053533554, "licenses": 0.9706745147705078, "references": 0.9765396118164062, "funders": 0.0, "similarity-checking": 1.0, "award-numbers": 0.0, "update-policies": 1.0, "resource-links": 0.12609970569610596, "open-references": 1.0}}, "flags": {"deposits-abstracts-current": false, "deposits-orcids-current": true, "deposits": true, "deposits-affiliations-backfile": true, "deposits-update-policies-backfile": true, "deposits-similarity-checking-backfile": true, "deposits-award-numbers-current": false, "deposits-resource-links-current": true, "deposits-articles": true, "deposits-affiliations-current": true, "deposits-funders-current": false, "deposits-references-backfile": true, "deposits-abstracts-backfile": false, "deposits-licenses-backfile": true, "deposits-award-numbers-backfile": false, "deposits-open-references-backfile": true, "deposits-open-references-current": true, "deposits-references-current": true, "deposits-resource-links-backfile": true, "deposits-orcids-backfile": true, "deposits-funders-backfile": false, "deposits-update-policies-current": true, "deposits-similarity-checking-current": true, "deposits-licenses-current": true}, "ISSN": ["1745-3682", "1745-3674"], "issn-type": [{"value": "1745-3682", "type": "electronic"}, {"value": "1745-3674", "type": "print"}]}