{"last-status-check-time": 1618788740144, "counts": {"total-dois": 631, "current-dois": 16, "backfile-dois": 615}, "breakdowns": {"dois-by-issued-year": [[1998, 47], [1995, 38], [1994, 33], [2012, 31], [2002, 31], [2001, 30], [2003, 29], [1993, 29], [2000, 24], [2013, 23], [2011, 23], [2004, 23], [1997, 22], [2016, 20], [2008, 19], [1996, 19], [2017, 18], [2007, 17], [1987, 16], [2014, 15], [2018, 12], [1999, 11], [1992, 11], [2019, 10], [2015, 10], [1989, 10], [1988, 10], [1990, 9], [2009, 8], [1985, 8], [2010, 7], [1991, 6], [1986, 6], [2020, 5], [2021, 1]]}, "publisher": "Hindawi Limited", "coverage": {"affiliations-current": 0.9375, "similarity-checking-current": 1.0, "funders-backfile": 0.1902438998222351, "licenses-backfile": 0.9983739852905273, "funders-current": 0.625, "affiliations-backfile": 0.9235772490501404, "resource-links-backfile": 0.9983739852905273, "orcids-backfile": 0.2536585330963135, "update-policies-current": 0.0, "open-references-backfile": 1.0, "orcids-current": 0.9375, "similarity-checking-backfile": 0.9983739852905273, "references-backfile": 0.3219512104988098, "award-numbers-backfile": 0.11056910455226898, "update-policies-backfile": 0.0, "licenses-current": 1.0, "award-numbers-current": 0.5, "abstracts-backfile": 0.9138211607933044, "resource-links-current": 1.0, "abstracts-current": 0.9375, "open-references-current": 1.0, "references-current": 1.0}, "title": "Active and Passive Electronic Components", "subjects": [{"name": "Electrical and Electronic Engineering", "ASJC": 2208}, {"name": "Electronic, Optical and Magnetic Materials", "ASJC": 2504}], "coverage-type": {"all": {"last-status-check-time": 1618788732579, "affiliations": 0.9210110306739807, "abstracts": 0.9115324020385742, "orcids": 0.27014216780662537, "licenses": 0.9952606558799744, "references": 0.33807265758514404, "funders": 0.20063191652297974, "similarity-checking": 0.9952606558799744, "award-numbers": 0.12006319314241409, "update-policies": 0.0, "resource-links": 0.9952606558799744, "open-references": 1.0}, "backfile": {"last-status-check-time": 1618788729858, "affiliations": 0.9235772490501404, "abstracts": 0.9138211607933044, "orcids": 0.2536585330963135, "licenses": 0.9983739852905273, "references": 0.3219512104988098, "funders": 0.1902438998222351, "similarity-checking": 0.9983739852905273, "award-numbers": 0.11056910455226898, "update-policies": 0.0, "resource-links": 0.9983739852905273, "open-references": 1.0}, "current": {"last-status-check-time": 1618788727386, "affiliations": 0.9375, "abstracts": 0.9375, "orcids": 0.9375, "licenses": 1.0, "references": 1.0, "funders": 0.625, "similarity-checking": 1.0, "award-numbers": 0.5, "update-policies": 0.0, "resource-links": 1.0, "open-references": 1.0}}, "flags": {"deposits-abstracts-current": true, "deposits-orcids-current": true, "deposits": true, "deposits-affiliations-backfile": true, "deposits-update-policies-backfile": false, "deposits-similarity-checking-backfile": true, "deposits-award-numbers-current": true, "deposits-resource-links-current": true, "deposits-articles": true, "deposits-affiliations-current": true, "deposits-funders-current": true, "deposits-references-backfile": true, "deposits-abstracts-backfile": true, "deposits-licenses-backfile": true, "deposits-award-numbers-backfile": true, "deposits-open-references-backfile": true, "deposits-open-references-current": true, "deposits-references-current": true, "deposits-resource-links-backfile": true, "deposits-orcids-backfile": true, "deposits-funders-backfile": true, "deposits-update-policies-current": false, "deposits-similarity-checking-current": true, "deposits-licenses-current": true}, "ISSN": ["1563-5031", "0882-7516"], "issn-type": [{"value": "1563-5031", "type": "electronic"}, {"value": "0882-7516", "type": "print"}]}