{"last-status-check-time": 1621036826592, "counts": {"total-dois": 633, "current-dois": 110, "backfile-dois": 523}, "breakdowns": {"dois-by-issued-year": [[2015, 163], [2012, 125], [2013, 111], [2019, 47], [2017, 35], [2020, 32], [2021, 31], [2018, 28], [2014, 22], [2016, 17], [2007, 8], [2009, 7], [2008, 7]]}, "publisher": "Springer (Biomed Central Ltd.)", "coverage": {"affiliations-current": 0.0, "similarity-checking-current": 1.0, "funders-backfile": 0.11472275108098984, "licenses-backfile": 0.600382387638092, "funders-current": 0.7818182110786438, "affiliations-backfile": 0.0, "resource-links-backfile": 0.600382387638092, "orcids-backfile": 0.045889101922512054, "update-policies-current": 0.9909090995788574, "open-references-backfile": 0.9579349756240845, "orcids-current": 0.699999988079071, "similarity-checking-backfile": 0.9369024634361267, "references-backfile": 0.43403440713882446, "award-numbers-backfile": 0.1070745661854744, "update-policies-backfile": 0.48183557391166687, "licenses-current": 1.0, "award-numbers-current": 0.699999988079071, "abstracts-backfile": 0.0, "resource-links-current": 1.0, "abstracts-current": 0.5363636612892151, "open-references-current": 1.0, "references-current": 0.9818181991577148}, "title": "Addiction Science & Clinical Practice", "subjects": [{"name": "General Medicine", "ASJC": 2700}], "coverage-type": {"all": {"last-status-check-time": 1621036817729, "affiliations": 0.0, "abstracts": 0.09305993467569351, "orcids": 0.15930598974227905, "licenses": 0.6687697172164917, "references": 0.5283911824226379, "funders": 0.2302839159965515, "similarity-checking": 0.9463722109794617, "award-numbers": 0.20977917313575745, "update-policies": 0.5694006085395813, "resource-links": 0.6687697172164917, "open-references": 0.9637224078178406}, "backfile": {"last-status-check-time": 1621036815198, "affiliations": 0.0, "abstracts": 0.0, "orcids": 0.045889101922512054, "licenses": 0.600382387638092, "references": 0.43403440713882446, "funders": 0.11472275108098984, "similarity-checking": 0.9369024634361267, "award-numbers": 0.1070745661854744, "update-policies": 0.48183557391166687, "resource-links": 0.600382387638092, "open-references": 0.9579349756240845}, "current": {"last-status-check-time": 1621036812533, "affiliations": 0.0, "abstracts": 0.5363636612892151, "orcids": 0.699999988079071, "licenses": 1.0, "references": 0.9818181991577148, "funders": 0.7818182110786438, "similarity-checking": 1.0, "award-numbers": 0.699999988079071, "update-policies": 0.9909090995788574, "resource-links": 1.0, "open-references": 1.0}}, "flags": {"deposits-abstracts-current": true, "deposits-orcids-current": true, "deposits": true, "deposits-affiliations-backfile": false, "deposits-update-policies-backfile": true, "deposits-similarity-checking-backfile": true, "deposits-award-numbers-current": true, "deposits-resource-links-current": true, "deposits-articles": true, "deposits-affiliations-current": false, "deposits-funders-current": true, "deposits-references-backfile": true, "deposits-abstracts-backfile": false, "deposits-licenses-backfile": true, "deposits-award-numbers-backfile": true, "deposits-open-references-backfile": true, "deposits-open-references-current": true, "deposits-references-current": true, "deposits-resource-links-backfile": true, "deposits-orcids-backfile": true, "deposits-funders-backfile": true, "deposits-update-policies-current": true, "deposits-similarity-checking-current": true, "deposits-licenses-current": true}, "ISSN": ["1940-0640", "1940-0632"], "issn-type": [{"value": "1940-0640", "type": "electronic"}, {"value": "1940-0632", "type": "print"}]}