{"last-status-check-time": 1621275047129, "counts": {"total-dois": 441, "current-dois": 121, "backfile-dois": 320}, "breakdowns": {"dois-by-issued-year": [[2013, 66], [2020, 63], [2014, 54], [2015, 45], [2012, 44], [2016, 40], [2017, 39], [2019, 36], [2018, 32], [2021, 22]]}, "publisher": "Landes Bioscience", "coverage": {"affiliations-current": 1.0, "similarity-checking-current": 1.0, "funders-backfile": 0.078125, "licenses-backfile": 0.07187499850988388, "funders-current": 0.7851239442825317, "affiliations-backfile": 0.28437501192092896, "resource-links-backfile": 0.06875000149011612, "orcids-backfile": 0.078125, "update-policies-current": 1.0, "open-references-backfile": 1.0, "orcids-current": 0.6033057570457458, "similarity-checking-backfile": 0.9937499761581421, "references-backfile": 0.9156249761581421, "award-numbers-backfile": 0.07187499850988388, "update-policies-backfile": 0.6968749761581421, "licenses-current": 0.9917355179786682, "award-numbers-current": 0.6694214940071106, "abstracts-backfile": 0.0, "resource-links-current": 0.1900826394557953, "abstracts-current": 0.0, "open-references-current": 1.0, "references-current": 1.0}, "title": "Adipocyte", "subjects": [{"name": "Cell Biology", "ASJC": 1307}, {"name": "Histology", "ASJC": 2722}], "coverage-type": {"all": {"last-status-check-time": 1621275039817, "affiliations": 0.479638010263443, "abstracts": 0.0, "orcids": 0.22171945869922638, "licenses": 0.3235294222831726, "references": 0.9366515874862671, "funders": 0.27149322628974915, "similarity-checking": 0.9932126402854919, "award-numbers": 0.23529411852359772, "update-policies": 0.7782805562019348, "resource-links": 0.10180995613336563, "open-references": 1.0}, "backfile": {"last-status-check-time": 1621275037306, "affiliations": 0.28437501192092896, "abstracts": 0.0, "orcids": 0.078125, "licenses": 0.07187499850988388, "references": 0.9156249761581421, "funders": 0.078125, "similarity-checking": 0.9937499761581421, "award-numbers": 0.07187499850988388, "update-policies": 0.6968749761581421, "resource-links": 0.06875000149011612, "open-references": 1.0}, "current": {"last-status-check-time": 1621275034894, "affiliations": 1.0, "abstracts": 0.0, "orcids": 0.6033057570457458, "licenses": 0.9917355179786682, "references": 1.0, "funders": 0.7851239442825317, "similarity-checking": 1.0, "award-numbers": 0.6694214940071106, "update-policies": 1.0, "resource-links": 0.1900826394557953, "open-references": 1.0}}, "flags": {"deposits-abstracts-current": false, "deposits-orcids-current": true, "deposits": true, "deposits-affiliations-backfile": true, "deposits-update-policies-backfile": true, "deposits-similarity-checking-backfile": true, "deposits-award-numbers-current": true, "deposits-resource-links-current": true, "deposits-articles": true, "deposits-affiliations-current": true, "deposits-funders-current": true, "deposits-references-backfile": true, "deposits-abstracts-backfile": false, "deposits-licenses-backfile": true, "deposits-award-numbers-backfile": true, "deposits-open-references-backfile": true, "deposits-open-references-current": true, "deposits-references-current": true, "deposits-resource-links-backfile": true, "deposits-orcids-backfile": true, "deposits-funders-backfile": true, "deposits-update-policies-current": true, "deposits-similarity-checking-current": true, "deposits-licenses-current": true}, "ISSN": ["2162-397X", "2162-3945"], "issn-type": [{"value": "2162-397X", "type": "electronic"}, {"value": "2162-3945", "type": "print"}]}