{"last-status-check-time": 1621052747976, "counts": {"total-dois": 2063, "current-dois": 80, "backfile-dois": 1983}, "breakdowns": {"dois-by-issued-year": [[2017, 116], [2002, 86], [2015, 82], [2011, 77], [1996, 77], [2010, 74], [1998, 72], [2012, 71], [2006, 71], [2005, 71], [2001, 71], [2000, 71], [1999, 71], [2013, 70], [2008, 70], [2004, 70], [2003, 70], [1997, 70], [2009, 69], [2007, 68], [2014, 66], [2018, 60], [2016, 59], [1995, 38], [1986, 33], [2019, 30], [2020, 29], [1988, 27], [1984, 26], [1993, 25], [1987, 25], [1994, 24], [1985, 24], [2021, 21], [1992, 20], [1991, 20], [1989, 20], [1990, 19]]}, "publisher": "Hindawi Limited", "coverage": {"affiliations-current": 1.0, "similarity-checking-current": 1.0, "funders-backfile": 0.01966717094182968, "licenses-backfile": 0.9994956851005554, "funders-current": 0.6875, "affiliations-backfile": 0.9833585619926453, "resource-links-backfile": 0.9994956851005554, "orcids-backfile": 0.014120019972324371, "update-policies-current": 0.737500011920929, "open-references-backfile": 1.0, "orcids-current": 0.9125000238418579, "similarity-checking-backfile": 0.9994956851005554, "references-backfile": 0.9768028259277344, "award-numbers-backfile": 0.017650024965405464, "update-policies-backfile": 0.7856782674789429, "licenses-current": 1.0, "award-numbers-current": 0.6875, "abstracts-backfile": 0.42309632897377014, "resource-links-current": 1.0, "abstracts-current": 0.8125, "open-references-current": 1.0, "references-current": 1.0}, "title": "Adsorption Science & Technology", "subjects": [{"name": "General Chemical Engineering", "ASJC": 1500}, {"name": "General Chemistry", "ASJC": 1600}, {"name": "Surfaces and Interfaces", "ASJC": 3110}], "coverage-type": {"all": {"last-status-check-time": 1621052740303, "affiliations": 0.9840039014816284, "abstracts": 0.4381968080997467, "orcids": 0.04895782843232155, "licenses": 0.9995152950286865, "references": 0.9777023792266846, "funders": 0.04556471109390259, "similarity-checking": 0.9995152950286865, "award-numbers": 0.043625786900520325, "update-policies": 0.7838099598884583, "resource-links": 0.9995152950286865, "open-references": 1.0}, "backfile": {"last-status-check-time": 1621052737768, "affiliations": 0.9833585619926453, "abstracts": 0.42309632897377014, "orcids": 0.014120019972324371, "licenses": 0.9994956851005554, "references": 0.9768028259277344, "funders": 0.01966717094182968, "similarity-checking": 0.9994956851005554, "award-numbers": 0.017650024965405464, "update-policies": 0.7856782674789429, "resource-links": 0.9994956851005554, "open-references": 1.0}, "current": {"last-status-check-time": 1621052735183, "affiliations": 1.0, "abstracts": 0.8125, "orcids": 0.9125000238418579, "licenses": 1.0, "references": 1.0, "funders": 0.6875, "similarity-checking": 1.0, "award-numbers": 0.6875, "update-policies": 0.737500011920929, "resource-links": 1.0, "open-references": 1.0}}, "flags": {"deposits-abstracts-current": true, "deposits-orcids-current": true, "deposits": true, "deposits-affiliations-backfile": true, "deposits-update-policies-backfile": true, "deposits-similarity-checking-backfile": true, "deposits-award-numbers-current": true, "deposits-resource-links-current": true, "deposits-articles": true, "deposits-affiliations-current": true, "deposits-funders-current": true, "deposits-references-backfile": true, "deposits-abstracts-backfile": true, "deposits-licenses-backfile": true, "deposits-award-numbers-backfile": true, "deposits-open-references-backfile": true, "deposits-open-references-current": true, "deposits-references-current": true, "deposits-resource-links-backfile": true, "deposits-orcids-backfile": true, "deposits-funders-backfile": true, "deposits-update-policies-current": true, "deposits-similarity-checking-current": true, "deposits-licenses-current": true}, "ISSN": ["2048-4038", "0263-6174"], "issn-type": [{"value": "2048-4038", "type": "electronic"}, {"value": "0263-6174", "type": "print"}]}