{"last-status-check-time": 1618767201307, "counts": {"total-dois": 2120, "current-dois": 240, "backfile-dois": 1880}, "breakdowns": {"dois-by-issued-year": [[2016, 174], [2018, 148], [2017, 132], [2020, 130], [2015, 125], [2019, 98], [2014, 89], [2012, 84], [2013, 79], [2011, 77], [1993, 55], [1996, 50], [1990, 41], [1984, 41], [2009, 39], [1986, 39], [2003, 38], [2004, 37], [1989, 36], [2010, 34], [2002, 34], [1995, 34], [1987, 34], [2006, 32], [1999, 32], [1994, 32], [2007, 31], [2000, 31], [1988, 31], [1981, 31], [2005, 28], [2001, 28], [1998, 27], [1983, 27], [1985, 26], [1997, 25], [2008, 24], [1982, 22], [1991, 18], [1992, 15], [2021, 12]]}, "publisher": "Hindawi Limited", "coverage": {"affiliations-current": 1.0, "similarity-checking-current": 1.0, "funders-backfile": 0.15797872841358185, "licenses-backfile": 0.9909574389457703, "funders-current": 0.862500011920929, "affiliations-backfile": 0.3579787313938141, "resource-links-backfile": 0.9909574389457703, "orcids-backfile": 0.14042553305625916, "update-policies-current": 0.0, "open-references-backfile": 1.0, "orcids-current": 1.0, "similarity-checking-backfile": 0.9765957593917847, "references-backfile": 0.5936170220375061, "award-numbers-backfile": 0.11702127754688263, "update-policies-backfile": 0.0005319148767739534, "licenses-current": 1.0, "award-numbers-current": 0.7416666746139526, "abstracts-backfile": 0.0, "resource-links-current": 1.0, "abstracts-current": 0.987500011920929, "open-references-current": 1.0, "references-current": 0.9916666746139526}, "title": "Advances in Polymer Technology", "subjects": [{"name": "General Chemical Engineering", "ASJC": 1500}, {"name": "Organic Chemistry", "ASJC": 1605}, {"name": "Polymers and Plastics", "ASJC": 2507}], "coverage-type": {"all": {"last-status-check-time": 1618767193734, "affiliations": 0.4302544891834259, "abstracts": 0.1116870865225792, "orcids": 0.2375117838382721, "licenses": 0.9910461902618408, "references": 0.6380772590637207, "funders": 0.2375117838382721, "similarity-checking": 0.9787935614585876, "award-numbers": 0.18755890429019928, "update-policies": 0.0004712535301223397, "resource-links": 0.9910461902618408, "open-references": 1.0}, "backfile": {"last-status-check-time": 1618767191185, "affiliations": 0.3579787313938141, "abstracts": 0.0, "orcids": 0.14042553305625916, "licenses": 0.9909574389457703, "references": 0.5936170220375061, "funders": 0.15797872841358185, "similarity-checking": 0.9765957593917847, "award-numbers": 0.11702127754688263, "update-policies": 0.0005319148767739534, "resource-links": 0.9909574389457703, "open-references": 1.0}, "current": {"last-status-check-time": 1618767188745, "affiliations": 1.0, "abstracts": 0.987500011920929, "orcids": 1.0, "licenses": 1.0, "references": 0.9916666746139526, "funders": 0.862500011920929, "similarity-checking": 1.0, "award-numbers": 0.7416666746139526, "update-policies": 0.0, "resource-links": 1.0, "open-references": 1.0}}, "flags": {"deposits-abstracts-current": true, "deposits-orcids-current": true, "deposits": true, "deposits-affiliations-backfile": true, "deposits-update-policies-backfile": true, "deposits-similarity-checking-backfile": true, "deposits-award-numbers-current": true, "deposits-resource-links-current": true, "deposits-articles": true, "deposits-affiliations-current": true, "deposits-funders-current": true, "deposits-references-backfile": true, "deposits-abstracts-backfile": false, "deposits-licenses-backfile": true, "deposits-award-numbers-backfile": true, "deposits-open-references-backfile": true, "deposits-open-references-current": true, "deposits-references-current": true, "deposits-resource-links-backfile": true, "deposits-orcids-backfile": true, "deposits-funders-backfile": true, "deposits-update-policies-current": false, "deposits-similarity-checking-current": true, "deposits-licenses-current": true}, "ISSN": ["1098-2329", "0730-6679"], "issn-type": [{"value": "1098-2329", "type": "electronic"}, {"value": "0730-6679", "type": "print"}]}