{"last-status-check-time": 1620555071390, "counts": {"total-dois": 496, "current-dois": 289, "backfile-dois": 207}, "breakdowns": {"dois-by-issued-year": [[2018, 139], [2020, 131], [2019, 118], [2017, 68], [2021, 40]]}, "publisher": "Oxford University Press", "coverage": {"affiliations-current": 1.0, "similarity-checking-current": 0.9965397715568542, "funders-backfile": 0.0917874425649643, "licenses-backfile": 1.0, "funders-current": 0.19031141698360443, "affiliations-backfile": 1.0, "resource-links-backfile": 0.0, "orcids-backfile": 0.07246376574039459, "update-policies-current": 0.0, "open-references-backfile": 1.0, "orcids-current": 0.34602075815200806, "similarity-checking-backfile": 1.0, "references-backfile": 0.25120773911476135, "award-numbers-backfile": 0.04830917716026306, "update-policies-backfile": 0.0, "licenses-current": 0.9965397715568542, "award-numbers-current": 0.05536332353949547, "abstracts-backfile": 0.0, "resource-links-current": 0.0, "abstracts-current": 0.7854671478271484, "open-references-current": 1.0, "references-current": 0.48788926005363464}, "title": "Rheumatology Advances in Practice", "subjects": [], "coverage-type": {"all": {"last-status-check-time": 1620555064769, "affiliations": 1.0, "abstracts": 0.45766130089759827, "orcids": 0.23185484111309052, "licenses": 0.9979838728904724, "references": 0.3891128897666931, "funders": 0.14919355511665344, "similarity-checking": 0.9979838728904724, "award-numbers": 0.052419353276491165, "update-policies": 0.0, "resource-links": 0.0, "open-references": 1.0}, "backfile": {"last-status-check-time": 1620555062658, "affiliations": 1.0, "abstracts": 0.0, "orcids": 0.07246376574039459, "licenses": 1.0, "references": 0.25120773911476135, "funders": 0.0917874425649643, "similarity-checking": 1.0, "award-numbers": 0.04830917716026306, "update-policies": 0.0, "resource-links": 0.0, "open-references": 1.0}, "current": {"last-status-check-time": 1620555060389, "affiliations": 1.0, "abstracts": 0.7854671478271484, "orcids": 0.34602075815200806, "licenses": 0.9965397715568542, "references": 0.48788926005363464, "funders": 0.19031141698360443, "similarity-checking": 0.9965397715568542, "award-numbers": 0.05536332353949547, "update-policies": 0.0, "resource-links": 0.0, "open-references": 1.0}}, "flags": {"deposits-abstracts-current": true, "deposits-orcids-current": true, "deposits": true, "deposits-affiliations-backfile": true, "deposits-update-policies-backfile": false, "deposits-similarity-checking-backfile": true, "deposits-award-numbers-current": true, "deposits-resource-links-current": false, "deposits-articles": true, "deposits-affiliations-current": true, "deposits-funders-current": true, "deposits-references-backfile": true, "deposits-abstracts-backfile": false, "deposits-licenses-backfile": true, "deposits-award-numbers-backfile": true, "deposits-open-references-backfile": true, "deposits-open-references-current": true, "deposits-references-current": true, "deposits-resource-links-backfile": false, "deposits-orcids-backfile": true, "deposits-funders-backfile": true, "deposits-update-policies-current": false, "deposits-similarity-checking-current": true, "deposits-licenses-current": true}, "ISSN": ["2514-1775"], "issn-type": [{"value": "2514-1775", "type": "electronic"}]}