{"last-status-check-time": 1620906866693, "counts": {"total-dois": 221, "current-dois": 5, "backfile-dois": 216}, "breakdowns": {"dois-by-issued-year": [[2012, 54], [2014, 25], [2013, 24], [2011, 24], [2016, 21], [2009, 17], [2008, 14], [2017, 12], [2018, 9], [2010, 9], [2015, 7], [2019, 4], [2020, 1]]}, "publisher": "Hindawi Limited", "coverage": {"affiliations-current": 1.0, "similarity-checking-current": 1.0, "funders-backfile": 0.28703704476356506, "licenses-backfile": 1.0, "funders-current": 0.20000000298023224, "affiliations-backfile": 1.0, "resource-links-backfile": 1.0, "orcids-backfile": 0.46759259700775146, "update-policies-current": 0.0, "open-references-backfile": 1.0, "orcids-current": 0.800000011920929, "similarity-checking-backfile": 1.0, "references-backfile": 0.9768518805503845, "award-numbers-backfile": 0.18518517911434174, "update-policies-backfile": 0.0, "licenses-current": 1.0, "award-numbers-current": 0.20000000298023224, "abstracts-backfile": 0.9722222089767456, "resource-links-current": 1.0, "abstracts-current": 0.800000011920929, "open-references-current": 1.0, "references-current": 1.0}, "title": "Advances in Acoustics and Vibration", "subjects": [{"name": "Mechanics of Materials", "ASJC": 2211}, {"name": "Building and Construction", "ASJC": 2215}, {"name": "Acoustics and Ultrasonics", "ASJC": 3102}], "coverage-type": {"all": {"last-status-check-time": 1620906858859, "affiliations": 0.9910314083099365, "abstracts": 0.9596412777900696, "orcids": 0.4708520174026489, "licenses": 0.9910314083099365, "references": 0.9686098694801331, "funders": 0.2825112044811249, "similarity-checking": 0.9910314083099365, "award-numbers": 0.18385650217533112, "update-policies": 0.0, "resource-links": 0.9910314083099365, "open-references": 1.0}, "backfile": {"last-status-check-time": 1620906855964, "affiliations": 1.0, "abstracts": 0.9722222089767456, "orcids": 0.46759259700775146, "licenses": 1.0, "references": 0.9768518805503845, "funders": 0.28703704476356506, "similarity-checking": 1.0, "award-numbers": 0.18518517911434174, "update-policies": 0.0, "resource-links": 1.0, "open-references": 1.0}, "current": {"last-status-check-time": 1620906853433, "affiliations": 1.0, "abstracts": 0.800000011920929, "orcids": 0.800000011920929, "licenses": 1.0, "references": 1.0, "funders": 0.20000000298023224, "similarity-checking": 1.0, "award-numbers": 0.20000000298023224, "update-policies": 0.0, "resource-links": 1.0, "open-references": 1.0}}, "flags": {"deposits-abstracts-current": true, "deposits-orcids-current": true, "deposits": true, "deposits-affiliations-backfile": true, "deposits-update-policies-backfile": false, "deposits-similarity-checking-backfile": true, "deposits-award-numbers-current": true, "deposits-resource-links-current": true, "deposits-articles": true, "deposits-affiliations-current": true, "deposits-funders-current": true, "deposits-references-backfile": true, "deposits-abstracts-backfile": true, "deposits-licenses-backfile": true, "deposits-award-numbers-backfile": true, "deposits-open-references-backfile": true, "deposits-open-references-current": true, "deposits-references-current": true, "deposits-resource-links-backfile": true, "deposits-orcids-backfile": true, "deposits-funders-backfile": true, "deposits-update-policies-current": false, "deposits-similarity-checking-current": true, "deposits-licenses-current": true}, "ISSN": ["1687-627X", "1687-6261"], "issn-type": [{"value": "1687-627X", "type": "electronic"}, {"value": "1687-6261", "type": "print"}]}