{"last-status-check-time": 1620905027482, "counts": {"total-dois": 830, "current-dois": 42, "backfile-dois": 788}, "breakdowns": {"dois-by-issued-year": [[2005, 125], [2007, 68], [2011, 62], [2006, 62], [2008, 59], [2003, 59], [2013, 52], [2012, 50], [2010, 47], [2009, 46], [2014, 39], [2017, 36], [2015, 33], [2019, 31], [2016, 27], [2018, 23], [2020, 11]]}, "publisher": "Copernicus GmbH", "coverage": {"affiliations-current": 0.0, "similarity-checking-current": 1.0, "funders-backfile": 0.025380710139870644, "licenses-backfile": 1.0, "funders-current": 0.1428571492433548, "affiliations-backfile": 0.0, "resource-links-backfile": 0.0, "orcids-backfile": 0.06725887954235077, "update-policies-current": 0.0, "open-references-backfile": 1.0, "orcids-current": 0.5714285969734192, "similarity-checking-backfile": 1.0, "references-backfile": 0.7563451528549194, "award-numbers-backfile": 0.0241116750985384, "update-policies-backfile": 0.0, "licenses-current": 1.0, "award-numbers-current": 0.1190476194024086, "abstracts-backfile": 0.9936548471450806, "resource-links-current": 0.0, "abstracts-current": 1.0, "open-references-current": 1.0, "references-current": 0.976190447807312}, "title": "Advances in Radio Science", "subjects": [], "coverage-type": {"all": {"last-status-check-time": 1620905019814, "affiliations": 0.0, "abstracts": 0.9939758777618408, "orcids": 0.09277108311653137, "licenses": 1.0, "references": 0.7674698829650879, "funders": 0.03132530301809311, "similarity-checking": 1.0, "award-numbers": 0.028915662318468094, "update-policies": 0.0, "resource-links": 0.0, "open-references": 1.0}, "backfile": {"last-status-check-time": 1620905017352, "affiliations": 0.0, "abstracts": 0.9936548471450806, "orcids": 0.06725887954235077, "licenses": 1.0, "references": 0.7563451528549194, "funders": 0.025380710139870644, "similarity-checking": 1.0, "award-numbers": 0.0241116750985384, "update-policies": 0.0, "resource-links": 0.0, "open-references": 1.0}, "current": {"last-status-check-time": 1620905014570, "affiliations": 0.0, "abstracts": 1.0, "orcids": 0.5714285969734192, "licenses": 1.0, "references": 0.976190447807312, "funders": 0.1428571492433548, "similarity-checking": 1.0, "award-numbers": 0.1190476194024086, "update-policies": 0.0, "resource-links": 0.0, "open-references": 1.0}}, "flags": {"deposits-abstracts-current": true, "deposits-orcids-current": true, "deposits": true, "deposits-affiliations-backfile": false, "deposits-update-policies-backfile": false, "deposits-similarity-checking-backfile": true, "deposits-award-numbers-current": true, "deposits-resource-links-current": false, "deposits-articles": true, "deposits-affiliations-current": false, "deposits-funders-current": true, "deposits-references-backfile": true, "deposits-abstracts-backfile": true, "deposits-licenses-backfile": true, "deposits-award-numbers-backfile": true, "deposits-open-references-backfile": true, "deposits-open-references-current": true, "deposits-references-current": true, "deposits-resource-links-backfile": false, "deposits-orcids-backfile": true, "deposits-funders-backfile": true, "deposits-update-policies-current": false, "deposits-similarity-checking-current": true, "deposits-licenses-current": true}, "ISSN": ["1684-9973"], "issn-type": [{"value": "1684-9973", "type": "electronic"}]}