{"last-status-check-time": 1620908140612, "counts": {"total-dois": 310, "current-dois": 45, "backfile-dois": 265}, "breakdowns": {"dois-by-issued-year": [[2012, 69], [2011, 40], [2010, 33], [2014, 30], [2020, 25], [2009, 23], [2016, 19], [2015, 18], [2019, 14], [2013, 14], [2018, 12], [2017, 7], [2021, 6]]}, "publisher": "Hindawi Limited", "coverage": {"affiliations-current": 1.0, "similarity-checking-current": 1.0, "funders-backfile": 0.21509434282779694, "licenses-backfile": 1.0, "funders-current": 0.20000000298023224, "affiliations-backfile": 0.9886792302131653, "resource-links-backfile": 1.0, "orcids-backfile": 0.3358490467071533, "update-policies-current": 0.0, "open-references-backfile": 1.0, "orcids-current": 1.0, "similarity-checking-backfile": 1.0, "references-backfile": 0.9735848903656006, "award-numbers-backfile": 0.13962264358997345, "update-policies-backfile": 0.0, "licenses-current": 1.0, "award-numbers-current": 0.04444444552063942, "abstracts-backfile": 0.947169840335846, "resource-links-current": 1.0, "abstracts-current": 0.9777777791023254, "open-references-current": 1.0, "references-current": 1.0}, "title": "Advances in Hematology", "subjects": [{"name": "Hematology", "ASJC": 2720}], "coverage-type": {"all": {"last-status-check-time": 1620908132861, "affiliations": 0.9839743375778198, "abstracts": 0.9455128312110901, "orcids": 0.4294871687889099, "licenses": 0.9935897588729858, "references": 0.9711538553237915, "funders": 0.21153846383094788, "similarity-checking": 0.9935897588729858, "award-numbers": 0.125, "update-policies": 0.0, "resource-links": 0.9935897588729858, "open-references": 1.0}, "backfile": {"last-status-check-time": 1620908130364, "affiliations": 0.9886792302131653, "abstracts": 0.947169840335846, "orcids": 0.3358490467071533, "licenses": 1.0, "references": 0.9735848903656006, "funders": 0.21509434282779694, "similarity-checking": 1.0, "award-numbers": 0.13962264358997345, "update-policies": 0.0, "resource-links": 1.0, "open-references": 1.0}, "current": {"last-status-check-time": 1620908127965, "affiliations": 1.0, "abstracts": 0.9777777791023254, "orcids": 1.0, "licenses": 1.0, "references": 1.0, "funders": 0.20000000298023224, "similarity-checking": 1.0, "award-numbers": 0.04444444552063942, "update-policies": 0.0, "resource-links": 1.0, "open-references": 1.0}}, "flags": {"deposits-abstracts-current": true, "deposits-orcids-current": true, "deposits": true, "deposits-affiliations-backfile": true, "deposits-update-policies-backfile": false, "deposits-similarity-checking-backfile": true, "deposits-award-numbers-current": true, "deposits-resource-links-current": true, "deposits-articles": true, "deposits-affiliations-current": true, "deposits-funders-current": true, "deposits-references-backfile": true, "deposits-abstracts-backfile": true, "deposits-licenses-backfile": true, "deposits-award-numbers-backfile": true, "deposits-open-references-backfile": true, "deposits-open-references-current": true, "deposits-references-current": true, "deposits-resource-links-backfile": true, "deposits-orcids-backfile": true, "deposits-funders-backfile": true, "deposits-update-policies-current": false, "deposits-similarity-checking-current": true, "deposits-licenses-current": true}, "ISSN": ["1687-9112", "1687-9104"], "issn-type": [{"value": "1687-9112", "type": "electronic"}, {"value": "1687-9104", "type": "print"}]}