{"last-status-check-time": 1620906693537, "counts": {"total-dois": 218, "current-dois": 37, "backfile-dois": 181}, "breakdowns": {"dois-by-issued-year": [[2012, 37], [2018, 27], [2008, 20], [2014, 19], [2011, 19], [2019, 17], [2013, 17], [2010, 13], [2020, 11], [2016, 10], [2021, 9], [2015, 7], [2017, 6], [2009, 6]]}, "publisher": "Hindawi Limited", "coverage": {"affiliations-current": 1.0, "similarity-checking-current": 1.0, "funders-backfile": 0.41436463594436646, "licenses-backfile": 1.0, "funders-current": 0.6216216087341309, "affiliations-backfile": 1.0, "resource-links-backfile": 1.0, "orcids-backfile": 0.4419889450073242, "update-policies-current": 0.0, "open-references-backfile": 1.0, "orcids-current": 1.0, "similarity-checking-backfile": 1.0, "references-backfile": 0.9834254384040833, "award-numbers-backfile": 0.2209944725036621, "update-policies-backfile": 0.0, "licenses-current": 1.0, "award-numbers-current": 0.37837839126586914, "abstracts-backfile": 0.9558011293411255, "resource-links-current": 1.0, "abstracts-current": 0.9189189076423645, "open-references-current": 1.0, "references-current": 0.9459459185600281}, "title": "Advances in Human-Computer Interaction", "subjects": [{"name": "Human-Computer Interaction", "ASJC": 1709}], "coverage-type": {"all": {"last-status-check-time": 1620906685032, "affiliations": 0.9909090995788574, "abstracts": 0.9409090876579285, "orcids": 0.5318182110786438, "licenses": 0.9909090995788574, "references": 0.9681817889213562, "funders": 0.44545453786849976, "similarity-checking": 0.9909090995788574, "award-numbers": 0.2454545497894287, "update-policies": 0.0, "resource-links": 0.9909090995788574, "open-references": 1.0}, "backfile": {"last-status-check-time": 1620906682647, "affiliations": 1.0, "abstracts": 0.9558011293411255, "orcids": 0.4419889450073242, "licenses": 1.0, "references": 0.9834254384040833, "funders": 0.41436463594436646, "similarity-checking": 1.0, "award-numbers": 0.2209944725036621, "update-policies": 0.0, "resource-links": 1.0, "open-references": 1.0}, "current": {"last-status-check-time": 1620906680094, "affiliations": 1.0, "abstracts": 0.9189189076423645, "orcids": 1.0, "licenses": 1.0, "references": 0.9459459185600281, "funders": 0.6216216087341309, "similarity-checking": 1.0, "award-numbers": 0.37837839126586914, "update-policies": 0.0, "resource-links": 1.0, "open-references": 1.0}}, "flags": {"deposits-abstracts-current": true, "deposits-orcids-current": true, "deposits": true, "deposits-affiliations-backfile": true, "deposits-update-policies-backfile": false, "deposits-similarity-checking-backfile": true, "deposits-award-numbers-current": true, "deposits-resource-links-current": true, "deposits-articles": true, "deposits-affiliations-current": true, "deposits-funders-current": true, "deposits-references-backfile": true, "deposits-abstracts-backfile": true, "deposits-licenses-backfile": true, "deposits-award-numbers-backfile": true, "deposits-open-references-backfile": true, "deposits-open-references-current": true, "deposits-references-current": true, "deposits-resource-links-backfile": true, "deposits-orcids-backfile": true, "deposits-funders-backfile": true, "deposits-update-policies-current": false, "deposits-similarity-checking-current": true, "deposits-licenses-current": true}, "ISSN": ["1687-5907", "1687-5893"], "issn-type": [{"value": "1687-5907", "type": "electronic"}, {"value": "1687-5893", "type": "print"}]}