{"last-status-check-time": 1620906707554, "counts": {"total-dois": 153, "current-dois": 11, "backfile-dois": 142}, "breakdowns": {"dois-by-issued-year": [[2012, 31], [2013, 24], [2018, 18], [2011, 17], [2016, 14], [2020, 9], [2014, 9], [2008, 8], [2017, 7], [2015, 6], [2010, 4], [2009, 4], [2019, 2]]}, "publisher": "Hindawi Limited", "coverage": {"affiliations-current": 1.0, "similarity-checking-current": 1.0, "funders-backfile": 0.26760563254356384, "licenses-backfile": 0.9929577708244324, "funders-current": 0.7272727489471436, "affiliations-backfile": 0.98591548204422, "resource-links-backfile": 0.9929577708244324, "orcids-backfile": 0.4084506928920746, "update-policies-current": 0.0, "open-references-backfile": 1.0, "orcids-current": 1.0, "similarity-checking-backfile": 0.9929577708244324, "references-backfile": 0.98591548204422, "award-numbers-backfile": 0.15492957830429077, "update-policies-backfile": 0.0, "licenses-current": 1.0, "award-numbers-current": 0.27272728085517883, "abstracts-backfile": 0.9507042169570923, "resource-links-current": 1.0, "abstracts-current": 1.0, "open-references-current": 1.0, "references-current": 1.0}, "title": "Advances in Tribology", "subjects": [{"name": "Mechanical Engineering", "ASJC": 2210}, {"name": "Surfaces, Coatings and Films", "ASJC": 2508}], "coverage-type": {"all": {"last-status-check-time": 1620906699514, "affiliations": 0.9741935729980469, "abstracts": 0.9419354796409607, "orcids": 0.44516128301620483, "licenses": 0.9806451797485352, "references": 0.9741935729980469, "funders": 0.2967741787433624, "similarity-checking": 0.9806451797485352, "award-numbers": 0.16129031777381897, "update-policies": 0.0, "resource-links": 0.9806451797485352, "open-references": 1.0}, "backfile": {"last-status-check-time": 1620906696957, "affiliations": 0.98591548204422, "abstracts": 0.9507042169570923, "orcids": 0.4084506928920746, "licenses": 0.9929577708244324, "references": 0.98591548204422, "funders": 0.26760563254356384, "similarity-checking": 0.9929577708244324, "award-numbers": 0.15492957830429077, "update-policies": 0.0, "resource-links": 0.9929577708244324, "open-references": 1.0}, "current": {"last-status-check-time": 1620906693570, "affiliations": 1.0, "abstracts": 1.0, "orcids": 1.0, "licenses": 1.0, "references": 1.0, "funders": 0.7272727489471436, "similarity-checking": 1.0, "award-numbers": 0.27272728085517883, "update-policies": 0.0, "resource-links": 1.0, "open-references": 1.0}}, "flags": {"deposits-abstracts-current": true, "deposits-orcids-current": true, "deposits": true, "deposits-affiliations-backfile": true, "deposits-update-policies-backfile": false, "deposits-similarity-checking-backfile": true, "deposits-award-numbers-current": true, "deposits-resource-links-current": true, "deposits-articles": true, "deposits-affiliations-current": true, "deposits-funders-current": true, "deposits-references-backfile": true, "deposits-abstracts-backfile": true, "deposits-licenses-backfile": true, "deposits-award-numbers-backfile": true, "deposits-open-references-backfile": true, "deposits-open-references-current": true, "deposits-references-current": true, "deposits-resource-links-backfile": true, "deposits-orcids-backfile": true, "deposits-funders-backfile": true, "deposits-update-policies-current": false, "deposits-similarity-checking-current": true, "deposits-licenses-current": true}, "ISSN": ["1687-5923", "1687-5915"], "issn-type": [{"value": "1687-5923", "type": "electronic"}, {"value": "1687-5915", "type": "print"}]}