{"last-status-check-time": 1620896865855, "counts": {"total-dois": 391, "current-dois": 114, "backfile-dois": 277}, "breakdowns": {"dois-by-issued-year": [[2020, 47], [2013, 47], [2021, 36], [2017, 34], [2016, 33], [2019, 31], [2011, 31], [2018, 30], [2015, 29], [2014, 29], [2012, 27], [2010, 17]]}, "publisher": "Elsevier ", "coverage": {"affiliations-current": 0.0, "similarity-checking-current": 0.0, "funders-backfile": 0.41516244411468506, "licenses-backfile": 1.0, "funders-current": 0.7543859481811523, "affiliations-backfile": 0.0, "resource-links-backfile": 0.9458483457565308, "orcids-backfile": 0.11191336065530777, "update-policies-current": 0.7280701994895935, "open-references-backfile": 1.0, "orcids-current": 0.359649121761322, "similarity-checking-backfile": 0.0, "references-backfile": 0.9638988971710205, "award-numbers-backfile": 0.37906137108802795, "update-policies-backfile": 0.512635350227356, "licenses-current": 1.0, "award-numbers-current": 0.37719297409057617, "abstracts-backfile": 0.0, "resource-links-current": 1.0, "abstracts-current": 0.0, "open-references-current": 1.0, "references-current": 0.9122806787490845}, "title": "Advances in Climate Change Research", "subjects": [{"name": "Atmospheric Science", "ASJC": 1902}, {"name": "Global and Planetary Change", "ASJC": 2306}, {"name": "Management, Monitoring, Policy and Law", "ASJC": 2308}], "coverage-type": {"all": {"last-status-check-time": 1620896857035, "affiliations": 0.0, "abstracts": 0.0, "orcids": 0.18414321541786194, "licenses": 1.0, "references": 0.948849081993103, "funders": 0.5140665173530579, "similarity-checking": 0.0, "award-numbers": 0.37851661443710327, "update-policies": 0.5754475593566895, "resource-links": 0.9616368412971497, "open-references": 1.0}, "backfile": {"last-status-check-time": 1620896854069, "affiliations": 0.0, "abstracts": 0.0, "orcids": 0.11191336065530777, "licenses": 1.0, "references": 0.9638988971710205, "funders": 0.41516244411468506, "similarity-checking": 0.0, "award-numbers": 0.37906137108802795, "update-policies": 0.512635350227356, "resource-links": 0.9458483457565308, "open-references": 1.0}, "current": {"last-status-check-time": 1620896850677, "affiliations": 0.0, "abstracts": 0.0, "orcids": 0.359649121761322, "licenses": 1.0, "references": 0.9122806787490845, "funders": 0.7543859481811523, "similarity-checking": 0.0, "award-numbers": 0.37719297409057617, "update-policies": 0.7280701994895935, "resource-links": 1.0, "open-references": 1.0}}, "flags": {"deposits-abstracts-current": false, "deposits-orcids-current": true, "deposits": true, "deposits-affiliations-backfile": false, "deposits-update-policies-backfile": true, "deposits-similarity-checking-backfile": false, "deposits-award-numbers-current": true, "deposits-resource-links-current": true, "deposits-articles": true, "deposits-affiliations-current": false, "deposits-funders-current": true, "deposits-references-backfile": true, "deposits-abstracts-backfile": false, "deposits-licenses-backfile": true, "deposits-award-numbers-backfile": true, "deposits-open-references-backfile": true, "deposits-open-references-current": true, "deposits-references-current": true, "deposits-resource-links-backfile": true, "deposits-orcids-backfile": true, "deposits-funders-backfile": true, "deposits-update-policies-current": true, "deposits-similarity-checking-current": false, "deposits-licenses-current": true}, "ISSN": ["1674-9278"], "issn-type": [{"value": "1674-9278", "type": "print"}]}