{"last-status-check-time": 1620906893426, "counts": {"total-dois": 456, "current-dois": 26, "backfile-dois": 430}, "breakdowns": {"dois-by-issued-year": [[2012, 100], [2008, 68], [2011, 47], [2009, 46], [2014, 30], [2013, 30], [2018, 28], [2015, 28], [2016, 27], [2017, 13], [2010, 13], [2020, 11], [2019, 9], [2021, 6]]}, "publisher": "Hindawi Limited", "coverage": {"affiliations-current": 1.0, "similarity-checking-current": 1.0, "funders-backfile": 0.11162790656089783, "licenses-backfile": 1.0, "funders-current": 0.38461539149284363, "affiliations-backfile": 0.9930232763290405, "resource-links-backfile": 1.0, "orcids-backfile": 0.3162790834903717, "update-policies-current": 0.0, "open-references-backfile": 1.0, "orcids-current": 1.0, "similarity-checking-backfile": 1.0, "references-backfile": 0.9767441749572754, "award-numbers-backfile": 0.05116279050707817, "update-policies-backfile": 0.0, "licenses-current": 1.0, "award-numbers-current": 0.11538461595773697, "abstracts-backfile": 0.9488372206687927, "resource-links-current": 1.0, "abstracts-current": 1.0, "open-references-current": 1.0, "references-current": 1.0}, "title": "Advances in Urology", "subjects": [{"name": "Obstetrics and Gynaecology", "ASJC": 2729}, {"name": "Urology", "ASJC": 2748}], "coverage-type": {"all": {"last-status-check-time": 1620906885316, "affiliations": 0.9890829920768738, "abstracts": 0.9475982785224915, "orcids": 0.3537117838859558, "licenses": 0.9956331849098206, "references": 0.9737991094589233, "funders": 0.1266375482082367, "similarity-checking": 0.9956331849098206, "award-numbers": 0.05458515137434006, "update-policies": 0.0, "resource-links": 0.9956331849098206, "open-references": 1.0}, "backfile": {"last-status-check-time": 1620906882706, "affiliations": 0.9930232763290405, "abstracts": 0.9488372206687927, "orcids": 0.3162790834903717, "licenses": 1.0, "references": 0.9767441749572754, "funders": 0.11162790656089783, "similarity-checking": 1.0, "award-numbers": 0.05116279050707817, "update-policies": 0.0, "resource-links": 1.0, "open-references": 1.0}, "current": {"last-status-check-time": 1620906879985, "affiliations": 1.0, "abstracts": 1.0, "orcids": 1.0, "licenses": 1.0, "references": 1.0, "funders": 0.38461539149284363, "similarity-checking": 1.0, "award-numbers": 0.11538461595773697, "update-policies": 0.0, "resource-links": 1.0, "open-references": 1.0}}, "flags": {"deposits-abstracts-current": true, "deposits-orcids-current": true, "deposits": true, "deposits-affiliations-backfile": true, "deposits-update-policies-backfile": false, "deposits-similarity-checking-backfile": true, "deposits-award-numbers-current": true, "deposits-resource-links-current": true, "deposits-articles": true, "deposits-affiliations-current": true, "deposits-funders-current": true, "deposits-references-backfile": true, "deposits-abstracts-backfile": true, "deposits-licenses-backfile": true, "deposits-award-numbers-backfile": true, "deposits-open-references-backfile": true, "deposits-open-references-current": true, "deposits-references-current": true, "deposits-resource-links-backfile": true, "deposits-orcids-backfile": true, "deposits-funders-backfile": true, "deposits-update-policies-current": false, "deposits-similarity-checking-current": true, "deposits-licenses-current": true}, "ISSN": ["1687-6377", "1687-6369"], "issn-type": [{"value": "1687-6377", "type": "electronic"}, {"value": "1687-6369", "type": "print"}]}