{"last-status-check-time": 1620907286464, "counts": {"total-dois": 1387, "current-dois": 214, "backfile-dois": 1173}, "breakdowns": {"dois-by-issued-year": [[2014, 198], [2018, 184], [2013, 180], [2015, 178], [2016, 157], [2017, 151], [2020, 97], [2019, 87], [2012, 59], [2021, 30], [2011, 28], [2010, 17], [2007, 8], [2009, 7], [2008, 6]]}, "publisher": "Hindawi Limited", "coverage": {"affiliations-current": 0.9953271150588989, "similarity-checking-current": 1.0, "funders-backfile": 0.5106564164161682, "licenses-backfile": 1.0, "funders-current": 0.677570104598999, "affiliations-backfile": 0.9735720157623291, "resource-links-backfile": 1.0, "orcids-backfile": 0.5583972930908203, "update-policies-current": 0.0, "open-references-backfile": 1.0, "orcids-current": 0.9953271150588989, "similarity-checking-backfile": 1.0, "references-backfile": 0.971867024898529, "award-numbers-backfile": 0.37766411900520325, "update-policies-backfile": 0.0, "licenses-current": 1.0, "award-numbers-current": 0.5420560836791992, "abstracts-backfile": 0.9437339901924133, "resource-links-current": 1.0, "abstracts-current": 0.9532710313796997, "open-references-current": 1.0, "references-current": 0.9672897458076477}, "title": "Advances in High Energy Physics", "subjects": [{"name": "Nuclear and High Energy Physics", "ASJC": 3106}], "coverage-type": {"all": {"last-status-check-time": 1620907278180, "affiliations": 0.975521981716156, "abstracts": 0.9438444972038269, "orcids": 0.6249099969863892, "licenses": 0.9985601305961609, "references": 0.9697624444961548, "funders": 0.5356371402740479, "similarity-checking": 0.9985601305961609, "award-numbers": 0.40244778990745544, "update-policies": 0.0, "resource-links": 0.9985601305961609, "open-references": 1.0}, "backfile": {"last-status-check-time": 1620907275654, "affiliations": 0.9735720157623291, "abstracts": 0.9437339901924133, "orcids": 0.5583972930908203, "licenses": 1.0, "references": 0.971867024898529, "funders": 0.5106564164161682, "similarity-checking": 1.0, "award-numbers": 0.37766411900520325, "update-policies": 0.0, "resource-links": 1.0, "open-references": 1.0}, "current": {"last-status-check-time": 1620907272780, "affiliations": 0.9953271150588989, "abstracts": 0.9532710313796997, "orcids": 0.9953271150588989, "licenses": 1.0, "references": 0.9672897458076477, "funders": 0.677570104598999, "similarity-checking": 1.0, "award-numbers": 0.5420560836791992, "update-policies": 0.0, "resource-links": 1.0, "open-references": 1.0}}, "flags": {"deposits-abstracts-current": true, "deposits-orcids-current": true, "deposits": true, "deposits-affiliations-backfile": true, "deposits-update-policies-backfile": false, "deposits-similarity-checking-backfile": true, "deposits-award-numbers-current": true, "deposits-resource-links-current": true, "deposits-articles": true, "deposits-affiliations-current": true, "deposits-funders-current": true, "deposits-references-backfile": true, "deposits-abstracts-backfile": true, "deposits-licenses-backfile": true, "deposits-award-numbers-backfile": true, "deposits-open-references-backfile": true, "deposits-open-references-current": true, "deposits-references-current": true, "deposits-resource-links-backfile": true, "deposits-orcids-backfile": true, "deposits-funders-backfile": true, "deposits-update-policies-current": false, "deposits-similarity-checking-current": true, "deposits-licenses-current": true}, "ISSN": ["1687-7365", "1687-7357"], "issn-type": [{"value": "1687-7365", "type": "electronic"}, {"value": "1687-7357", "type": "print"}]}