{"last-status-check-time": 1620905680657, "counts": {"total-dois": 4615, "current-dois": 1473, "backfile-dois": 3142}, "breakdowns": {"dois-by-issued-year": [[2020, 690], [2019, 532], [2018, 476], [2017, 394], [2015, 386], [2013, 379], [2016, 328], [2014, 328], [2021, 251], [2010, 241], [2012, 232], [2011, 125], [2009, 79], [2006, 64], [2008, 41], [2005, 24], [2007, 23], [2004, 22]]}, "publisher": "Springer (Biomed Central Ltd.)", "coverage": {"affiliations-current": 0.0, "similarity-checking-current": 1.0, "funders-backfile": 0.2603437304496765, "licenses-backfile": 0.7587524056434631, "funders-current": 0.5193482637405396, "affiliations-backfile": 0.0, "resource-links-backfile": 0.7587524056434631, "orcids-backfile": 0.08434118330478668, "update-policies-current": 1.0, "open-references-backfile": 1.0, "orcids-current": 0.58791583776474, "similarity-checking-backfile": 0.7587524056434631, "references-backfile": 0.9745385050773621, "award-numbers-backfile": 0.24570336937904358, "update-policies-backfile": 0.5572883486747742, "licenses-current": 1.0, "award-numbers-current": 0.4928717017173767, "abstracts-backfile": 0.0006365372100844979, "resource-links-current": 1.0, "abstracts-current": 0.5682281255722046, "open-references-current": 1.0, "references-current": 1.0}, "title": "Advances in Difference Equations", "subjects": [{"name": "Algebra and Number Theory", "ASJC": 2602}, {"name": "Analysis", "ASJC": 2603}, {"name": "Applied Mathematics", "ASJC": 2604}], "coverage-type": {"all": {"last-status-check-time": 1620905672807, "affiliations": 0.0, "abstracts": 0.18175910413265228, "orcids": 0.24501733481884003, "licenses": 0.8355719447135925, "references": 0.9824523329734802, "funders": 0.3429376184940338, "similarity-checking": 0.8355719447135925, "award-numbers": 0.324523389339447, "update-policies": 0.6984401941299438, "resource-links": 0.8355719447135925, "open-references": 1.0}, "backfile": {"last-status-check-time": 1620905670082, "affiliations": 0.0, "abstracts": 0.0006365372100844979, "orcids": 0.08434118330478668, "licenses": 0.7587524056434631, "references": 0.9745385050773621, "funders": 0.2603437304496765, "similarity-checking": 0.7587524056434631, "award-numbers": 0.24570336937904358, "update-policies": 0.5572883486747742, "resource-links": 0.7587524056434631, "open-references": 1.0}, "current": {"last-status-check-time": 1620905667600, "affiliations": 0.0, "abstracts": 0.5682281255722046, "orcids": 0.58791583776474, "licenses": 1.0, "references": 1.0, "funders": 0.5193482637405396, "similarity-checking": 1.0, "award-numbers": 0.4928717017173767, "update-policies": 1.0, "resource-links": 1.0, "open-references": 1.0}}, "flags": {"deposits-abstracts-current": true, "deposits-orcids-current": true, "deposits": true, "deposits-affiliations-backfile": false, "deposits-update-policies-backfile": true, "deposits-similarity-checking-backfile": true, "deposits-award-numbers-current": true, "deposits-resource-links-current": true, "deposits-articles": true, "deposits-affiliations-current": false, "deposits-funders-current": true, "deposits-references-backfile": true, "deposits-abstracts-backfile": true, "deposits-licenses-backfile": true, "deposits-award-numbers-backfile": true, "deposits-open-references-backfile": true, "deposits-open-references-current": true, "deposits-references-current": true, "deposits-resource-links-backfile": true, "deposits-orcids-backfile": true, "deposits-funders-backfile": true, "deposits-update-policies-current": true, "deposits-similarity-checking-current": true, "deposits-licenses-current": true}, "ISSN": ["1687-1847", "1687-1839"], "issn-type": [{"value": "1687-1847", "type": "electronic"}, {"value": "1687-1839", "type": "print"}]}