{"last-status-check-time": 1621042809653, "counts": {"total-dois": 190, "current-dois": 18, "backfile-dois": 172}, "breakdowns": {"dois-by-issued-year": [[2013, 29], [2010, 28], [2017, 22], [2012, 22], [2016, 18], [2014, 18], [2011, 18], [2019, 11], [2018, 9], [2015, 8], [2020, 6], [2021, 1]]}, "publisher": "PAGEPress Publications", "coverage": {"affiliations-current": 0.0, "similarity-checking-current": 1.0, "funders-backfile": 0.0, "licenses-backfile": 0.25581395626068115, "funders-current": 0.0, "affiliations-backfile": 0.0, "resource-links-backfile": 0.6627907156944275, "orcids-backfile": 0.04651162773370743, "update-policies-current": 0.0, "open-references-backfile": 0.3372093141078949, "orcids-current": 0.2777777910232544, "similarity-checking-backfile": 0.4767441749572754, "references-backfile": 0.3255814015865326, "award-numbers-backfile": 0.0, "update-policies-backfile": 0.05232558026909828, "licenses-current": 1.0, "award-numbers-current": 0.0, "abstracts-backfile": 0.6511628031730652, "resource-links-current": 1.0, "abstracts-current": 1.0, "open-references-current": 0.0, "references-current": 0.0}, "title": "Advances in Oceanography and Limnology", "subjects": [{"name": "Aquatic Science", "ASJC": 1104}, {"name": "Oceanography", "ASJC": 1910}], "coverage-type": {"all": {"last-status-check-time": 1621042801206, "affiliations": 0.0, "abstracts": 0.6842105388641357, "orcids": 0.06842105090618134, "licenses": 0.3263157904148102, "references": 0.2947368323802948, "funders": 0.0, "similarity-checking": 0.5263158082962036, "award-numbers": 0.0, "update-policies": 0.04736842215061188, "resource-links": 0.6947368383407593, "open-references": 0.3052631616592407}, "backfile": {"last-status-check-time": 1621042798190, "affiliations": 0.0, "abstracts": 0.6511628031730652, "orcids": 0.04651162773370743, "licenses": 0.25581395626068115, "references": 0.3255814015865326, "funders": 0.0, "similarity-checking": 0.4767441749572754, "award-numbers": 0.0, "update-policies": 0.05232558026909828, "resource-links": 0.6627907156944275, "open-references": 0.3372093141078949}, "current": {"last-status-check-time": 1621042795642, "affiliations": 0.0, "abstracts": 1.0, "orcids": 0.2777777910232544, "licenses": 1.0, "references": 0.0, "funders": 0.0, "similarity-checking": 1.0, "award-numbers": 0.0, "update-policies": 0.0, "resource-links": 1.0, "open-references": 0.0}}, "flags": {"deposits-abstracts-current": true, "deposits-orcids-current": true, "deposits": true, "deposits-affiliations-backfile": false, "deposits-update-policies-backfile": true, "deposits-similarity-checking-backfile": true, "deposits-award-numbers-current": false, "deposits-resource-links-current": true, "deposits-articles": true, "deposits-affiliations-current": false, "deposits-funders-current": false, "deposits-references-backfile": true, "deposits-abstracts-backfile": true, "deposits-licenses-backfile": true, "deposits-award-numbers-backfile": false, "deposits-open-references-backfile": true, "deposits-open-references-current": false, "deposits-references-current": false, "deposits-resource-links-backfile": true, "deposits-orcids-backfile": true, "deposits-funders-backfile": false, "deposits-update-policies-current": false, "deposits-similarity-checking-current": true, "deposits-licenses-current": true}, "ISSN": ["1947-573X", "1947-5721"], "issn-type": [{"value": "1947-573X", "type": "electronic"}, {"value": "1947-5721", "type": "print"}]}