{"last-status-check-time": 1620462325261, "counts": {"total-dois": 473, "current-dois": 273, "backfile-dois": 200}, "breakdowns": {"dois-by-issued-year": [[2020, 143], [2019, 79], [2018, 78], [2021, 51], [2017, 49], [2016, 29], [2015, 23], [2014, 21]]}, "publisher": "Bentham Science", "coverage": {"affiliations-current": 0.9926739931106567, "similarity-checking-current": 0.9413919448852539, "funders-backfile": 0.0, "licenses-backfile": 0.0, "funders-current": 0.2014652043581009, "affiliations-backfile": 0.5550000071525574, "resource-links-backfile": 0.0, "orcids-backfile": 0.0, "update-policies-current": 0.8827838897705078, "open-references-backfile": 1.0, "orcids-current": 0.4285714328289032, "similarity-checking-backfile": 0.9900000095367432, "references-backfile": 0.0, "award-numbers-backfile": 0.0, "update-policies-backfile": 0.0, "licenses-current": 0.10989011079072952, "award-numbers-current": 0.2014652043581009, "abstracts-backfile": 0.0, "resource-links-current": 0.2600732743740082, "abstracts-current": 0.901098906993866, "open-references-current": 1.0, "references-current": 0.31501832604408264}, "title": "Recent Advances in Electrical & Electronic Engineering (Formerly Recent Patents on Electrical & Electronic Engineering)", "subjects": [{"name": "Electrical and Electronic Engineering", "ASJC": 2208}, {"name": "Electronic, Optical and Magnetic Materials", "ASJC": 2504}], "coverage-type": {"all": {"last-status-check-time": 1620462318917, "affiliations": 0.8059071898460388, "abstracts": 0.5189873576164246, "orcids": 0.24683544039726257, "licenses": 0.06329113990068436, "references": 0.18143460154533386, "funders": 0.11603375524282455, "similarity-checking": 0.9599156379699707, "award-numbers": 0.11603375524282455, "update-policies": 0.5084388256072998, "resource-links": 0.14978903532028198, "open-references": 1.0}, "backfile": {"last-status-check-time": 1620462316916, "affiliations": 0.5550000071525574, "abstracts": 0.0, "orcids": 0.0, "licenses": 0.0, "references": 0.0, "funders": 0.0, "similarity-checking": 0.9900000095367432, "award-numbers": 0.0, "update-policies": 0.0, "resource-links": 0.0, "open-references": 1.0}, "current": {"last-status-check-time": 1620462314818, "affiliations": 0.9926739931106567, "abstracts": 0.901098906993866, "orcids": 0.4285714328289032, "licenses": 0.10989011079072952, "references": 0.31501832604408264, "funders": 0.2014652043581009, "similarity-checking": 0.9413919448852539, "award-numbers": 0.2014652043581009, "update-policies": 0.8827838897705078, "resource-links": 0.2600732743740082, "open-references": 1.0}}, "flags": {"deposits-abstracts-current": true, "deposits-orcids-current": true, "deposits": true, "deposits-affiliations-backfile": true, "deposits-update-policies-backfile": false, "deposits-similarity-checking-backfile": true, "deposits-award-numbers-current": true, "deposits-resource-links-current": true, "deposits-articles": true, "deposits-affiliations-current": true, "deposits-funders-current": true, "deposits-references-backfile": false, "deposits-abstracts-backfile": false, "deposits-licenses-backfile": false, "deposits-award-numbers-backfile": false, "deposits-open-references-backfile": true, "deposits-open-references-current": true, "deposits-references-current": true, "deposits-resource-links-backfile": false, "deposits-orcids-backfile": false, "deposits-funders-backfile": false, "deposits-update-policies-current": true, "deposits-similarity-checking-current": true, "deposits-licenses-current": true}, "ISSN": ["2352-0965"], "issn-type": [{"value": "2352-0965", "type": "print"}]}