{"last-status-check-time": 1621303095400, "counts": {"total-dois": 4242, "current-dois": 1791, "backfile-dois": 2451}, "breakdowns": {"dois-by-issued-year": [[2020, 812], [2019, 727], [2018, 712], [2016, 560], [2017, 552], [2015, 359], [2021, 252], [2014, 247], [2013, 21]]}, "publisher": "Wiley (John Wiley & Sons)", "coverage": {"affiliations-current": 0.9290899038314819, "similarity-checking-current": 0.9687325358390808, "funders-backfile": 0.574459433555603, "licenses-backfile": 0.9706242084503174, "funders-current": 0.6895589232444763, "affiliations-backfile": 0.8776009678840637, "resource-links-backfile": 0.9706242084503174, "orcids-backfile": 0.25907793641090393, "update-policies-current": 0.9218313694000244, "open-references-backfile": 1.0, "orcids-current": 0.7582356333732605, "similarity-checking-backfile": 0.9812321662902832, "references-backfile": 0.7364341020584106, "award-numbers-backfile": 0.49653202295303345, "update-policies-backfile": 0.04447164386510849, "licenses-current": 0.9687325358390808, "award-numbers-current": 0.6018983721733093, "abstracts-backfile": 0.0, "resource-links-current": 0.9687325358390808, "abstracts-current": 0.0, "open-references-current": 1.0, "references-current": 0.767169177532196}, "title": "Advanced Materials Interfaces", "subjects": [], "coverage-type": {"all": {"last-status-check-time": 1621303088846, "affiliations": 0.8991279602050781, "abstracts": 0.0, "orcids": 0.46971482038497925, "licenses": 0.9695969820022583, "references": 0.7492340207099915, "funders": 0.6229082942008972, "similarity-checking": 0.9759604334831238, "award-numbers": 0.5408908724784851, "update-policies": 0.41480085253715515, "resource-links": 0.9695969820022583, "open-references": 1.0}, "backfile": {"last-status-check-time": 1621303086554, "affiliations": 0.8776009678840637, "abstracts": 0.0, "orcids": 0.25907793641090393, "licenses": 0.9706242084503174, "references": 0.7364341020584106, "funders": 0.574459433555603, "similarity-checking": 0.9812321662902832, "award-numbers": 0.49653202295303345, "update-policies": 0.04447164386510849, "resource-links": 0.9706242084503174, "open-references": 1.0}, "current": {"last-status-check-time": 1621303084358, "affiliations": 0.9290899038314819, "abstracts": 0.0, "orcids": 0.7582356333732605, "licenses": 0.9687325358390808, "references": 0.767169177532196, "funders": 0.6895589232444763, "similarity-checking": 0.9687325358390808, "award-numbers": 0.6018983721733093, "update-policies": 0.9218313694000244, "resource-links": 0.9687325358390808, "open-references": 1.0}}, "flags": {"deposits-abstracts-current": false, "deposits-orcids-current": true, "deposits": true, "deposits-affiliations-backfile": true, "deposits-update-policies-backfile": true, "deposits-similarity-checking-backfile": true, "deposits-award-numbers-current": true, "deposits-resource-links-current": true, "deposits-articles": true, "deposits-affiliations-current": true, "deposits-funders-current": true, "deposits-references-backfile": true, "deposits-abstracts-backfile": false, "deposits-licenses-backfile": true, "deposits-award-numbers-backfile": true, "deposits-open-references-backfile": true, "deposits-open-references-current": true, "deposits-references-current": true, "deposits-resource-links-backfile": true, "deposits-orcids-backfile": true, "deposits-funders-backfile": true, "deposits-update-policies-current": true, "deposits-similarity-checking-current": true, "deposits-licenses-current": true}, "ISSN": ["2196-7350", "2196-7350"], "issn-type": [{"value": "2196-7350", "type": "electronic"}, {"value": "2196-7350", "type": "print"}]}