{"last-status-check-time": 1618980439370, "counts": {"total-dois": 308, "current-dois": 79, "backfile-dois": 229}, "breakdowns": {"dois-by-issued-year": [[2012, 54], [2013, 35], [2020, 33], [2019, 33], [2014, 29], [2018, 28], [2011, 28], [2015, 25], [2016, 21], [2021, 13], [2017, 9]]}, "publisher": "Hindawi Limited", "coverage": {"affiliations-current": 0.9873417615890503, "similarity-checking-current": 1.0, "funders-backfile": 0.13100436329841614, "licenses-backfile": 1.0, "funders-current": 0.2278480976819992, "affiliations-backfile": 1.0, "resource-links-backfile": 1.0, "orcids-backfile": 0.46724891662597656, "update-policies-current": 0.0, "open-references-backfile": 1.0, "orcids-current": 0.9873417615890503, "similarity-checking-backfile": 1.0, "references-backfile": 0.9868995547294617, "award-numbers-backfile": 0.021834060549736023, "update-policies-backfile": 0.0, "licenses-current": 1.0, "award-numbers-current": 0.08860759437084198, "abstracts-backfile": 0.9650654792785645, "resource-links-current": 1.0, "abstracts-current": 0.949367105960846, "open-references-current": 1.0, "references-current": 1.0}, "title": "Advances in Orthopedics", "subjects": [{"name": "Orthopedics and Sports Medicine", "ASJC": 2732}], "coverage-type": {"all": {"last-status-check-time": 1618980432310, "affiliations": 0.9903225898742676, "abstracts": 0.9548386931419373, "orcids": 0.5967742204666138, "licenses": 0.9935483932495117, "references": 0.9838709831237793, "funders": 0.1548387110233307, "similarity-checking": 0.9935483932495117, "award-numbers": 0.03870967775583267, "update-policies": 0.0, "resource-links": 0.9935483932495117, "open-references": 1.0}, "backfile": {"last-status-check-time": 1618980429682, "affiliations": 1.0, "abstracts": 0.9650654792785645, "orcids": 0.46724891662597656, "licenses": 1.0, "references": 0.9868995547294617, "funders": 0.13100436329841614, "similarity-checking": 1.0, "award-numbers": 0.021834060549736023, "update-policies": 0.0, "resource-links": 1.0, "open-references": 1.0}, "current": {"last-status-check-time": 1618980427246, "affiliations": 0.9873417615890503, "abstracts": 0.949367105960846, "orcids": 0.9873417615890503, "licenses": 1.0, "references": 1.0, "funders": 0.2278480976819992, "similarity-checking": 1.0, "award-numbers": 0.08860759437084198, "update-policies": 0.0, "resource-links": 1.0, "open-references": 1.0}}, "flags": {"deposits-abstracts-current": true, "deposits-orcids-current": true, "deposits": true, "deposits-affiliations-backfile": true, "deposits-update-policies-backfile": false, "deposits-similarity-checking-backfile": true, "deposits-award-numbers-current": true, "deposits-resource-links-current": true, "deposits-articles": true, "deposits-affiliations-current": true, "deposits-funders-current": true, "deposits-references-backfile": true, "deposits-abstracts-backfile": true, "deposits-licenses-backfile": true, "deposits-award-numbers-backfile": true, "deposits-open-references-backfile": true, "deposits-open-references-current": true, "deposits-references-current": true, "deposits-resource-links-backfile": true, "deposits-orcids-backfile": true, "deposits-funders-backfile": true, "deposits-update-policies-current": false, "deposits-similarity-checking-current": true, "deposits-licenses-current": true}, "ISSN": ["2090-3472", "2090-3464"], "issn-type": [{"value": "2090-3472", "type": "electronic"}, {"value": "2090-3464", "type": "print"}]}