{"last-status-check-time": 1621312302231, "counts": {"total-dois": 193, "current-dois": 72, "backfile-dois": 121}, "breakdowns": {"dois-by-issued-year": [[2020, 48], [2016, 33], [2015, 32], [2018, 31], [2014, 18], [2019, 13], [2021, 11], [2017, 7]]}, "publisher": "Springer (Biomed Central Ltd.)", "coverage": {"affiliations-current": 0.0, "similarity-checking-current": 1.0, "funders-backfile": 0.35537189245224, "licenses-backfile": 0.8842975497245789, "funders-current": 0.6111111044883728, "affiliations-backfile": 0.0, "resource-links-backfile": 0.8842975497245789, "orcids-backfile": 0.3305785059928894, "update-policies-current": 1.0, "open-references-backfile": 1.0, "orcids-current": 0.6805555820465088, "similarity-checking-backfile": 0.9090909361839294, "references-backfile": 0.9917355179786682, "award-numbers-backfile": 0.3305785059928894, "update-policies-backfile": 0.9090909361839294, "licenses-current": 0.9722222089767456, "award-numbers-current": 0.5, "abstracts-backfile": 0.0, "resource-links-current": 0.9722222089767456, "abstracts-current": 0.6666666865348816, "open-references-current": 1.0, "references-current": 0.9861111044883728}, "title": "Advanced Modeling and Simulation in Engineering Sciences", "subjects": [], "coverage-type": {"all": {"last-status-check-time": 1621312295064, "affiliations": 0.0, "abstracts": 0.24870465695858002, "orcids": 0.46113988757133484, "licenses": 0.9170984625816345, "references": 0.9896373152732849, "funders": 0.45077720284461975, "similarity-checking": 0.9430052042007446, "award-numbers": 0.393782377243042, "update-policies": 0.9430052042007446, "resource-links": 0.9170984625816345, "open-references": 1.0}, "backfile": {"last-status-check-time": 1621312292697, "affiliations": 0.0, "abstracts": 0.0, "orcids": 0.3305785059928894, "licenses": 0.8842975497245789, "references": 0.9917355179786682, "funders": 0.35537189245224, "similarity-checking": 0.9090909361839294, "award-numbers": 0.3305785059928894, "update-policies": 0.9090909361839294, "resource-links": 0.8842975497245789, "open-references": 1.0}, "current": {"last-status-check-time": 1621312290456, "affiliations": 0.0, "abstracts": 0.6666666865348816, "orcids": 0.6805555820465088, "licenses": 0.9722222089767456, "references": 0.9861111044883728, "funders": 0.6111111044883728, "similarity-checking": 1.0, "award-numbers": 0.5, "update-policies": 1.0, "resource-links": 0.9722222089767456, "open-references": 1.0}}, "flags": {"deposits-abstracts-current": true, "deposits-orcids-current": true, "deposits": true, "deposits-affiliations-backfile": false, "deposits-update-policies-backfile": true, "deposits-similarity-checking-backfile": true, "deposits-award-numbers-current": true, "deposits-resource-links-current": true, "deposits-articles": true, "deposits-affiliations-current": false, "deposits-funders-current": true, "deposits-references-backfile": true, "deposits-abstracts-backfile": false, "deposits-licenses-backfile": true, "deposits-award-numbers-backfile": true, "deposits-open-references-backfile": true, "deposits-open-references-current": true, "deposits-references-current": true, "deposits-resource-links-backfile": true, "deposits-orcids-backfile": true, "deposits-funders-backfile": true, "deposits-update-policies-current": true, "deposits-similarity-checking-current": true, "deposits-licenses-current": true}, "ISSN": ["2213-7467", "2213-7467"], "issn-type": [{"value": "2213-7467", "type": "electronic"}, {"value": "2213-7467", "type": "print"}]}