{"last-status-check-time": 1621299676176, "counts": {"total-dois": 401, "current-dois": 131, "backfile-dois": 270}, "breakdowns": {"dois-by-issued-year": [[2018, 72], [2017, 66], [2020, 60], [2019, 57], [2016, 36], [2014, 29], [2015, 25], [2012, 22], [2013, 20], [2021, 14]]}, "publisher": "Walter de Gruyter GmbH", "coverage": {"affiliations-current": 0.9847328066825867, "similarity-checking-current": 1.0, "funders-backfile": 0.3481481373310089, "licenses-backfile": 0.5629629492759705, "funders-current": 0.007633587811142206, "affiliations-backfile": 0.614814817905426, "resource-links-backfile": 0.7148148417472839, "orcids-backfile": 0.04444444552063942, "update-policies-current": 0.0, "open-references-backfile": 1.0, "orcids-current": 0.0, "similarity-checking-backfile": 0.9962962865829468, "references-backfile": 0.5888888835906982, "award-numbers-backfile": 0.3296296298503876, "update-policies-backfile": 0.0, "licenses-current": 0.9847328066825867, "award-numbers-current": 0.007633587811142206, "abstracts-backfile": 0.6962962746620178, "resource-links-current": 1.0, "abstracts-current": 0.9312977194786072, "open-references-current": 1.0, "references-current": 0.9389312863349915}, "title": "Advances in Nonlinear Analysis", "subjects": [], "coverage-type": {"all": {"last-status-check-time": 1621299669501, "affiliations": 0.7320099472999573, "abstracts": 0.7692307829856873, "orcids": 0.02977667562663555, "licenses": 0.6972704529762268, "references": 0.6997518539428711, "funders": 0.23573200404644012, "similarity-checking": 0.9925558567047119, "award-numbers": 0.22332505881786346, "update-policies": 0.0, "resource-links": 0.803970217704773, "open-references": 1.0}, "backfile": {"last-status-check-time": 1621299667115, "affiliations": 0.614814817905426, "abstracts": 0.6962962746620178, "orcids": 0.04444444552063942, "licenses": 0.5629629492759705, "references": 0.5888888835906982, "funders": 0.3481481373310089, "similarity-checking": 0.9962962865829468, "award-numbers": 0.3296296298503876, "update-policies": 0.0, "resource-links": 0.7148148417472839, "open-references": 1.0}, "current": {"last-status-check-time": 1621299664502, "affiliations": 0.9847328066825867, "abstracts": 0.9312977194786072, "orcids": 0.0, "licenses": 0.9847328066825867, "references": 0.9389312863349915, "funders": 0.007633587811142206, "similarity-checking": 1.0, "award-numbers": 0.007633587811142206, "update-policies": 0.0, "resource-links": 1.0, "open-references": 1.0}}, "flags": {"deposits-abstracts-current": true, "deposits-orcids-current": false, "deposits": true, "deposits-affiliations-backfile": true, "deposits-update-policies-backfile": false, "deposits-similarity-checking-backfile": true, "deposits-award-numbers-current": true, "deposits-resource-links-current": true, "deposits-articles": true, "deposits-affiliations-current": true, "deposits-funders-current": true, "deposits-references-backfile": true, "deposits-abstracts-backfile": true, "deposits-licenses-backfile": true, "deposits-award-numbers-backfile": true, "deposits-open-references-backfile": true, "deposits-open-references-current": true, "deposits-references-current": true, "deposits-resource-links-backfile": true, "deposits-orcids-backfile": true, "deposits-funders-backfile": true, "deposits-update-policies-current": false, "deposits-similarity-checking-current": true, "deposits-licenses-current": true}, "ISSN": ["2191-950X", "2191-9496"], "issn-type": [{"value": "2191-950X", "type": "electronic"}, {"value": "2191-9496", "type": "print"}]}