{"last-status-check-time": 1619671830497, "counts": {"total-dois": 231, "current-dois": 191, "backfile-dois": 40}, "breakdowns": {"dois-by-issued-year": [[2020, 105], [2019, 66], [2018, 40], [2021, 20]]}, "publisher": "Springer-Verlag", "coverage": {"affiliations-current": 0.0, "similarity-checking-current": 0.7382199168205261, "funders-backfile": 0.0, "licenses-backfile": 0.0, "funders-current": 0.24607330560684204, "affiliations-backfile": 0.0, "resource-links-backfile": 0.0, "orcids-backfile": 0.0, "update-policies-current": 0.7382199168205261, "open-references-backfile": 1.0, "orcids-current": 0.43455496430397034, "similarity-checking-backfile": 0.0, "references-backfile": 0.0, "award-numbers-backfile": 0.0, "update-policies-backfile": 0.0, "licenses-current": 0.7329843044281006, "award-numbers-current": 0.22513088583946228, "abstracts-backfile": 0.0, "resource-links-current": 0.7329843044281006, "abstracts-current": 0.03664921596646309, "open-references-current": 1.0, "references-current": 0.7382199168205261}, "title": "Advances in Operator Theory", "subjects": [], "coverage-type": {"all": {"last-status-check-time": 1619671822573, "affiliations": 0.0, "abstracts": 0.03030303120613098, "orcids": 0.35930734872817993, "licenses": 0.6060606241226196, "references": 0.6103895902633667, "funders": 0.20346319675445557, "similarity-checking": 0.6103895902633667, "award-numbers": 0.18614718317985535, "update-policies": 0.6103895902633667, "resource-links": 0.6060606241226196, "open-references": 1.0}, "backfile": {"last-status-check-time": 1619671819934, "affiliations": 0.0, "abstracts": 0.0, "orcids": 0.0, "licenses": 0.0, "references": 0.0, "funders": 0.0, "similarity-checking": 0.0, "award-numbers": 0.0, "update-policies": 0.0, "resource-links": 0.0, "open-references": 1.0}, "current": {"last-status-check-time": 1619671817398, "affiliations": 0.0, "abstracts": 0.03664921596646309, "orcids": 0.43455496430397034, "licenses": 0.7329843044281006, "references": 0.7382199168205261, "funders": 0.24607330560684204, "similarity-checking": 0.7382199168205261, "award-numbers": 0.22513088583946228, "update-policies": 0.7382199168205261, "resource-links": 0.7329843044281006, "open-references": 1.0}}, "flags": {"deposits-abstracts-current": true, "deposits-orcids-current": true, "deposits": true, "deposits-affiliations-backfile": false, "deposits-update-policies-backfile": false, "deposits-similarity-checking-backfile": false, "deposits-award-numbers-current": true, "deposits-resource-links-current": true, "deposits-articles": true, "deposits-affiliations-current": false, "deposits-funders-current": true, "deposits-references-backfile": false, "deposits-abstracts-backfile": false, "deposits-licenses-backfile": false, "deposits-award-numbers-backfile": false, "deposits-open-references-backfile": true, "deposits-open-references-current": true, "deposits-references-current": true, "deposits-resource-links-backfile": false, "deposits-orcids-backfile": false, "deposits-funders-backfile": false, "deposits-update-policies-current": true, "deposits-similarity-checking-current": true, "deposits-licenses-current": true}, "ISSN": ["2538-225X", "2662-2009"], "issn-type": [{"value": "2538-225X", "type": "electronic"}, {"value": "2662-2009", "type": "print"}]}