{"last-status-check-time": 1620908167167, "counts": {"total-dois": 155, "current-dois": 20, "backfile-dois": 135}, "breakdowns": {"dois-by-issued-year": [[2012, 26], [2016, 19], [2014, 17], [2011, 15], [2018, 11], [2013, 11], [2009, 11], [2020, 10], [2017, 10], [2015, 10], [2019, 8], [2010, 5], [2021, 2]]}, "publisher": "Hindawi Limited", "coverage": {"affiliations-current": 1.0, "similarity-checking-current": 1.0, "funders-backfile": 0.31111112236976624, "licenses-backfile": 1.0, "funders-current": 0.30000001192092896, "affiliations-backfile": 1.0, "resource-links-backfile": 1.0, "orcids-backfile": 0.4296296238899231, "update-policies-current": 0.0, "open-references-backfile": 1.0, "orcids-current": 1.0, "similarity-checking-backfile": 1.0, "references-backfile": 0.9925925731658936, "award-numbers-backfile": 0.2518518567085266, "update-policies-backfile": 0.0, "licenses-current": 1.0, "award-numbers-current": 0.25, "abstracts-backfile": 0.9629629850387573, "resource-links-current": 1.0, "abstracts-current": 0.949999988079071, "open-references-current": 1.0, "references-current": 0.949999988079071}, "title": "Advances in Operations Research", "subjects": [{"name": "Management Science and Operations Research", "ASJC": 1803}], "coverage-type": {"all": {"last-status-check-time": 1620908158660, "affiliations": 0.987261176109314, "abstracts": 0.9490445852279663, "orcids": 0.4968152940273285, "licenses": 0.987261176109314, "references": 0.9745222926139832, "funders": 0.30573248863220215, "similarity-checking": 0.987261176109314, "award-numbers": 0.24840764701366425, "update-policies": 0.0, "resource-links": 0.987261176109314, "open-references": 1.0}, "backfile": {"last-status-check-time": 1620908156078, "affiliations": 1.0, "abstracts": 0.9629629850387573, "orcids": 0.4296296238899231, "licenses": 1.0, "references": 0.9925925731658936, "funders": 0.31111112236976624, "similarity-checking": 1.0, "award-numbers": 0.2518518567085266, "update-policies": 0.0, "resource-links": 1.0, "open-references": 1.0}, "current": {"last-status-check-time": 1620908153668, "affiliations": 1.0, "abstracts": 0.949999988079071, "orcids": 1.0, "licenses": 1.0, "references": 0.949999988079071, "funders": 0.30000001192092896, "similarity-checking": 1.0, "award-numbers": 0.25, "update-policies": 0.0, "resource-links": 1.0, "open-references": 1.0}}, "flags": {"deposits-abstracts-current": true, "deposits-orcids-current": true, "deposits": true, "deposits-affiliations-backfile": true, "deposits-update-policies-backfile": false, "deposits-similarity-checking-backfile": true, "deposits-award-numbers-current": true, "deposits-resource-links-current": true, "deposits-articles": true, "deposits-affiliations-current": true, "deposits-funders-current": true, "deposits-references-backfile": true, "deposits-abstracts-backfile": true, "deposits-licenses-backfile": true, "deposits-award-numbers-backfile": true, "deposits-open-references-backfile": true, "deposits-open-references-current": true, "deposits-references-current": true, "deposits-resource-links-backfile": true, "deposits-orcids-backfile": true, "deposits-funders-backfile": true, "deposits-update-policies-current": false, "deposits-similarity-checking-current": true, "deposits-licenses-current": true}, "ISSN": ["1687-9155", "1687-9147"], "issn-type": [{"value": "1687-9155", "type": "electronic"}, {"value": "1687-9147", "type": "print"}]}