{"last-status-check-time": 1620725661167, "counts": {"total-dois": 770, "current-dois": 166, "backfile-dois": 604}, "breakdowns": {"dois-by-issued-year": [[2020, 87], [2018, 84], [2017, 77], [2014, 73], [2016, 70], [2021, 68], [2015, 65], [2013, 56], [2012, 55], [2009, 50], [2010, 29], [2008, 25], [2011, 20], [2019, 11]]}, "publisher": "Springer (Biomed Central Ltd.)", "coverage": {"affiliations-current": 0.0, "similarity-checking-current": 1.0, "funders-backfile": 0.009933775290846825, "licenses-backfile": 1.0, "funders-current": 0.01807228848338127, "affiliations-backfile": 0.0, "resource-links-backfile": 1.0, "orcids-backfile": 0.14900662004947662, "update-policies-current": 1.0, "open-references-backfile": 1.0, "orcids-current": 0.7289156913757324, "similarity-checking-backfile": 0.20529800653457642, "references-backfile": 0.889072835445404, "award-numbers-backfile": 0.0016556291375309229, "update-policies-backfile": 0.5745033025741577, "licenses-current": 1.0, "award-numbers-current": 0.0060240961611270905, "abstracts-backfile": 0.0, "resource-links-current": 1.0, "abstracts-current": 0.8975903391838074, "open-references-current": 1.0, "references-current": 1.0}, "title": "African Journal of Urology", "subjects": [{"name": "Urology", "ASJC": 2748}], "coverage-type": {"all": {"last-status-check-time": 1620725654537, "affiliations": 0.0, "abstracts": 0.19325551390647888, "orcids": 0.2736705541610718, "licenses": 0.9987030029296875, "references": 0.9118028283119202, "funders": 0.011673151515424252, "similarity-checking": 0.3761349022388458, "award-numbers": 0.002594033721834421, "update-policies": 0.6653696298599243, "resource-links": 0.9987030029296875, "open-references": 1.0}, "backfile": {"last-status-check-time": 1620725652291, "affiliations": 0.0, "abstracts": 0.0, "orcids": 0.14900662004947662, "licenses": 1.0, "references": 0.889072835445404, "funders": 0.009933775290846825, "similarity-checking": 0.20529800653457642, "award-numbers": 0.0016556291375309229, "update-policies": 0.5745033025741577, "resource-links": 1.0, "open-references": 1.0}, "current": {"last-status-check-time": 1620725650106, "affiliations": 0.0, "abstracts": 0.8975903391838074, "orcids": 0.7289156913757324, "licenses": 1.0, "references": 1.0, "funders": 0.01807228848338127, "similarity-checking": 1.0, "award-numbers": 0.0060240961611270905, "update-policies": 1.0, "resource-links": 1.0, "open-references": 1.0}}, "flags": {"deposits-abstracts-current": true, "deposits-orcids-current": true, "deposits": true, "deposits-affiliations-backfile": false, "deposits-update-policies-backfile": true, "deposits-similarity-checking-backfile": true, "deposits-award-numbers-current": true, "deposits-resource-links-current": true, "deposits-articles": true, "deposits-affiliations-current": false, "deposits-funders-current": true, "deposits-references-backfile": true, "deposits-abstracts-backfile": false, "deposits-licenses-backfile": true, "deposits-award-numbers-backfile": true, "deposits-open-references-backfile": true, "deposits-open-references-current": true, "deposits-references-current": true, "deposits-resource-links-backfile": true, "deposits-orcids-backfile": true, "deposits-funders-backfile": true, "deposits-update-policies-current": true, "deposits-similarity-checking-current": true, "deposits-licenses-current": true}, "ISSN": ["1961-9987", "1110-5704"], "issn-type": [{"value": "1961-9987", "type": "electronic"}, {"value": "1110-5704", "type": "print"}]}