{"last-status-check-time": 1621163194650, "counts": {"total-dois": 334, "current-dois": 68, "backfile-dois": 266}, "breakdowns": {"dois-by-issued-year": [[2018, 70], [2016, 66], [2017, 64], [2015, 41], [2020, 32], [2014, 25], [2019, 20], [2021, 16]]}, "publisher": "AOSIS", "coverage": {"affiliations-current": 0.029411764815449715, "similarity-checking-current": 0.9117646813392639, "funders-backfile": 0.08646616339683533, "licenses-backfile": 0.6879699230194092, "funders-current": 0.014705882407724857, "affiliations-backfile": 0.30075186491012573, "resource-links-backfile": 0.6879699230194092, "orcids-backfile": 0.1541353315114975, "update-policies-current": 0.029411764815449715, "open-references-backfile": 1.0, "orcids-current": 0.20588235557079315, "similarity-checking-backfile": 1.0, "references-backfile": 0.5639097690582275, "award-numbers-backfile": 0.05263157933950424, "update-policies-backfile": 0.5789473652839661, "licenses-current": 0.9117646813392639, "award-numbers-current": 0.014705882407724857, "abstracts-backfile": 0.4172932207584381, "resource-links-current": 0.9117646813392639, "abstracts-current": 0.2647058963775635, "open-references-current": 1.0, "references-current": 0.8970588445663452}, "title": "Southern African Journal of Infectious Diseases", "subjects": [], "coverage-type": {"all": {"last-status-check-time": 1621163187296, "affiliations": 0.24550898373126984, "abstracts": 0.386227548122406, "orcids": 0.1646706610918045, "licenses": 0.7335329055786133, "references": 0.6317365169525146, "funders": 0.071856290102005, "similarity-checking": 0.9820359349250793, "award-numbers": 0.04491018131375313, "update-policies": 0.46706587076187134, "resource-links": 0.7335329055786133, "open-references": 1.0}, "backfile": {"last-status-check-time": 1621163184920, "affiliations": 0.30075186491012573, "abstracts": 0.4172932207584381, "orcids": 0.1541353315114975, "licenses": 0.6879699230194092, "references": 0.5639097690582275, "funders": 0.08646616339683533, "similarity-checking": 1.0, "award-numbers": 0.05263157933950424, "update-policies": 0.5789473652839661, "resource-links": 0.6879699230194092, "open-references": 1.0}, "current": {"last-status-check-time": 1621163182706, "affiliations": 0.029411764815449715, "abstracts": 0.2647058963775635, "orcids": 0.20588235557079315, "licenses": 0.9117646813392639, "references": 0.8970588445663452, "funders": 0.014705882407724857, "similarity-checking": 0.9117646813392639, "award-numbers": 0.014705882407724857, "update-policies": 0.029411764815449715, "resource-links": 0.9117646813392639, "open-references": 1.0}}, "flags": {"deposits-abstracts-current": true, "deposits-orcids-current": true, "deposits": true, "deposits-affiliations-backfile": true, "deposits-update-policies-backfile": true, "deposits-similarity-checking-backfile": true, "deposits-award-numbers-current": true, "deposits-resource-links-current": true, "deposits-articles": true, "deposits-affiliations-current": true, "deposits-funders-current": true, "deposits-references-backfile": true, "deposits-abstracts-backfile": true, "deposits-licenses-backfile": true, "deposits-award-numbers-backfile": true, "deposits-open-references-backfile": true, "deposits-open-references-current": true, "deposits-references-current": true, "deposits-resource-links-backfile": true, "deposits-orcids-backfile": true, "deposits-funders-backfile": true, "deposits-update-policies-current": true, "deposits-similarity-checking-current": true, "deposits-licenses-current": true}, "ISSN": ["2313-1810", "2312-0053"], "issn-type": [{"value": "2313-1810", "type": "electronic"}, {"value": "2312-0053", "type": "print"}]}