{"last-status-check-time": 1621323074103, "counts": {"total-dois": 322, "current-dois": 112, "backfile-dois": 210}, "breakdowns": {"dois-by-issued-year": [[2020, 63], [2016, 51], [2014, 43], [2018, 35], [2019, 33], [2017, 32], [2015, 17], [2013, 17], [2021, 16], [2011, 15]]}, "publisher": "AOSIS", "coverage": {"affiliations-current": 0.0, "similarity-checking-current": 0.8839285969734192, "funders-backfile": 0.0, "licenses-backfile": 0.21904762089252472, "funders-current": 0.0, "affiliations-backfile": 0.0, "resource-links-backfile": 0.21904762089252472, "orcids-backfile": 0.009523809887468815, "update-policies-current": 0.0, "open-references-backfile": 1.0, "orcids-current": 0.25, "similarity-checking-backfile": 0.9857142567634583, "references-backfile": 0.8714285492897034, "award-numbers-backfile": 0.0, "update-policies-backfile": 0.0, "licenses-current": 0.8839285969734192, "award-numbers-current": 0.0, "abstracts-backfile": 0.8238095045089722, "resource-links-current": 0.8839285969734192, "abstracts-current": 0.2857142984867096, "open-references-current": 1.0, "references-current": 0.9285714030265808}, "title": "African Journal of Laboratory Medicine", "subjects": [], "coverage-type": {"all": {"last-status-check-time": 1621323067624, "affiliations": 0.0, "abstracts": 0.6366459727287292, "orcids": 0.09316769987344742, "licenses": 0.4503105580806732, "references": 0.8913043737411499, "funders": 0.0, "similarity-checking": 0.9503105878829956, "award-numbers": 0.0, "update-policies": 0.0, "resource-links": 0.4503105580806732, "open-references": 1.0}, "backfile": {"last-status-check-time": 1621323065537, "affiliations": 0.0, "abstracts": 0.8238095045089722, "orcids": 0.009523809887468815, "licenses": 0.21904762089252472, "references": 0.8714285492897034, "funders": 0.0, "similarity-checking": 0.9857142567634583, "award-numbers": 0.0, "update-policies": 0.0, "resource-links": 0.21904762089252472, "open-references": 1.0}, "current": {"last-status-check-time": 1621323063449, "affiliations": 0.0, "abstracts": 0.2857142984867096, "orcids": 0.25, "licenses": 0.8839285969734192, "references": 0.9285714030265808, "funders": 0.0, "similarity-checking": 0.8839285969734192, "award-numbers": 0.0, "update-policies": 0.0, "resource-links": 0.8839285969734192, "open-references": 1.0}}, "flags": {"deposits-abstracts-current": true, "deposits-orcids-current": true, "deposits": true, "deposits-affiliations-backfile": false, "deposits-update-policies-backfile": false, "deposits-similarity-checking-backfile": true, "deposits-award-numbers-current": false, "deposits-resource-links-current": true, "deposits-articles": true, "deposits-affiliations-current": false, "deposits-funders-current": false, "deposits-references-backfile": true, "deposits-abstracts-backfile": true, "deposits-licenses-backfile": true, "deposits-award-numbers-backfile": false, "deposits-open-references-backfile": true, "deposits-open-references-current": true, "deposits-references-current": true, "deposits-resource-links-backfile": true, "deposits-orcids-backfile": true, "deposits-funders-backfile": false, "deposits-update-policies-current": false, "deposits-similarity-checking-current": true, "deposits-licenses-current": true}, "ISSN": ["2225-2010", "2225-2002"], "issn-type": [{"value": "2225-2010", "type": "electronic"}, {"value": "2225-2002", "type": "print"}]}