{"last-status-check-time": 1619080418251, "counts": {"total-dois": 306, "current-dois": 30, "backfile-dois": 276}, "breakdowns": {"dois-by-issued-year": [[2015, 55], [2012, 39], [2013, 35], [2011, 35], [2009, 23], [2010, 22], [2008, 18], [2019, 15], [2014, 15], [2017, 13], [2018, 11], [2016, 10], [2020, 8], [2021, 7]]}, "publisher": "Pensoft Publishers", "coverage": {"affiliations-current": 0.0, "similarity-checking-current": 1.0, "funders-backfile": 0.007246376946568489, "licenses-backfile": 0.12318840622901917, "funders-current": 0.10000000149011612, "affiliations-backfile": 0.0, "resource-links-backfile": 0.09782608598470688, "orcids-backfile": 0.018115941435098648, "update-policies-current": 0.0, "open-references-backfile": 0.12318840622901917, "orcids-current": 0.6000000238418579, "similarity-checking-backfile": 0.12318840622901917, "references-backfile": 0.9239130616188049, "award-numbers-backfile": 0.0, "update-policies-backfile": 0.0, "licenses-current": 1.0, "award-numbers-current": 0.0, "abstracts-backfile": 0.036231882870197296, "resource-links-current": 1.0, "abstracts-current": 1.0, "open-references-current": 1.0, "references-current": 1.0}, "title": "African Invertebrates", "subjects": [{"name": "Animal Science and Zoology", "ASJC": 1103}, {"name": "Ecology, Evolution, Behavior and Systematics", "ASJC": 1105}, {"name": "Insect Science", "ASJC": 1109}, {"name": "Palaeontology", "ASJC": 1911}], "coverage-type": {"all": {"last-status-check-time": 1619080397911, "affiliations": 0.0, "abstracts": 0.13071896135807037, "orcids": 0.07516340166330338, "licenses": 0.20915032923221588, "references": 0.9313725233078003, "funders": 0.016339870169758797, "similarity-checking": 0.20915032923221588, "award-numbers": 0.0, "update-policies": 0.0, "resource-links": 0.18627451360225677, "open-references": 0.20915032923221588}, "backfile": {"last-status-check-time": 1619080395224, "affiliations": 0.0, "abstracts": 0.036231882870197296, "orcids": 0.018115941435098648, "licenses": 0.12318840622901917, "references": 0.9239130616188049, "funders": 0.007246376946568489, "similarity-checking": 0.12318840622901917, "award-numbers": 0.0, "update-policies": 0.0, "resource-links": 0.09782608598470688, "open-references": 0.12318840622901917}, "current": {"last-status-check-time": 1619080392467, "affiliations": 0.0, "abstracts": 1.0, "orcids": 0.6000000238418579, "licenses": 1.0, "references": 1.0, "funders": 0.10000000149011612, "similarity-checking": 1.0, "award-numbers": 0.0, "update-policies": 0.0, "resource-links": 1.0, "open-references": 1.0}}, "flags": {"deposits-abstracts-current": true, "deposits-orcids-current": true, "deposits": true, "deposits-affiliations-backfile": false, "deposits-update-policies-backfile": false, "deposits-similarity-checking-backfile": true, "deposits-award-numbers-current": false, "deposits-resource-links-current": true, "deposits-articles": true, "deposits-affiliations-current": false, "deposits-funders-current": true, "deposits-references-backfile": true, "deposits-abstracts-backfile": true, "deposits-licenses-backfile": true, "deposits-award-numbers-backfile": false, "deposits-open-references-backfile": true, "deposits-open-references-current": true, "deposits-references-current": true, "deposits-resource-links-backfile": true, "deposits-orcids-backfile": true, "deposits-funders-backfile": true, "deposits-update-policies-current": false, "deposits-similarity-checking-current": true, "deposits-licenses-current": true}, "ISSN": ["2305-2562", "1681-5556"], "issn-type": [{"value": "2305-2562", "type": "electronic"}, {"value": "1681-5556", "type": "print"}]}