{"last-status-check-time": 1621154709454, "counts": {"total-dois": 149, "current-dois": 46, "backfile-dois": 103}, "breakdowns": {"dois-by-issued-year": [[2020, 30], [2015, 22], [2018, 21], [2017, 19], [2019, 16], [2013, 15], [2016, 13], [2014, 13]]}, "publisher": "AOSIS", "coverage": {"affiliations-current": 0.0, "similarity-checking-current": 0.97826087474823, "funders-backfile": 0.0, "licenses-backfile": 0.19417475163936615, "funders-current": 0.0, "affiliations-backfile": 0.0, "resource-links-backfile": 0.19417475163936615, "orcids-backfile": 0.10679611563682556, "update-policies-current": 0.0, "open-references-backfile": 1.0, "orcids-current": 0.21739129722118378, "similarity-checking-backfile": 0.9805825352668762, "references-backfile": 0.7184466123580933, "award-numbers-backfile": 0.0, "update-policies-backfile": 0.0, "licenses-current": 0.97826087474823, "award-numbers-current": 0.0, "abstracts-backfile": 0.8252426981925964, "resource-links-current": 0.97826087474823, "abstracts-current": 0.30434781312942505, "open-references-current": 1.0, "references-current": 0.8260869383811951}, "title": "African Evaluation Journal", "subjects": [], "coverage-type": {"all": {"last-status-check-time": 1621154702958, "affiliations": 0.0, "abstracts": 0.6644295454025269, "orcids": 0.1409395933151245, "licenses": 0.43624159693717957, "references": 0.7516778707504272, "funders": 0.0, "similarity-checking": 0.9798657894134521, "award-numbers": 0.0, "update-policies": 0.0, "resource-links": 0.43624159693717957, "open-references": 1.0}, "backfile": {"last-status-check-time": 1621154700654, "affiliations": 0.0, "abstracts": 0.8252426981925964, "orcids": 0.10679611563682556, "licenses": 0.19417475163936615, "references": 0.7184466123580933, "funders": 0.0, "similarity-checking": 0.9805825352668762, "award-numbers": 0.0, "update-policies": 0.0, "resource-links": 0.19417475163936615, "open-references": 1.0}, "current": {"last-status-check-time": 1621154698055, "affiliations": 0.0, "abstracts": 0.30434781312942505, "orcids": 0.21739129722118378, "licenses": 0.97826087474823, "references": 0.8260869383811951, "funders": 0.0, "similarity-checking": 0.97826087474823, "award-numbers": 0.0, "update-policies": 0.0, "resource-links": 0.97826087474823, "open-references": 1.0}}, "flags": {"deposits-abstracts-current": true, "deposits-orcids-current": true, "deposits": true, "deposits-affiliations-backfile": false, "deposits-update-policies-backfile": false, "deposits-similarity-checking-backfile": true, "deposits-award-numbers-current": false, "deposits-resource-links-current": true, "deposits-articles": true, "deposits-affiliations-current": false, "deposits-funders-current": false, "deposits-references-backfile": true, "deposits-abstracts-backfile": true, "deposits-licenses-backfile": true, "deposits-award-numbers-backfile": false, "deposits-open-references-backfile": true, "deposits-open-references-current": true, "deposits-references-current": true, "deposits-resource-links-backfile": true, "deposits-orcids-backfile": true, "deposits-funders-backfile": false, "deposits-update-policies-current": false, "deposits-similarity-checking-current": true, "deposits-licenses-current": true}, "ISSN": ["2306-5133", "2310-4988"], "issn-type": [{"value": "2306-5133", "type": "electronic"}, {"value": "2310-4988", "type": "print"}]}