{"last-status-check-time": 1621321792891, "counts": {"total-dois": 271, "current-dois": 101, "backfile-dois": 170}, "breakdowns": {"dois-by-issued-year": [[2019, 63], [2017, 39], [2018, 31], [2020, 29], [2015, 26], [2014, 26], [2016, 24], [2013, 14], [2012, 10], [2021, 9]]}, "publisher": "AOSIS", "coverage": {"affiliations-current": 0.0, "similarity-checking-current": 0.9801980257034302, "funders-backfile": 0.0, "licenses-backfile": 0.7529411911964417, "funders-current": 0.0, "affiliations-backfile": 0.0, "resource-links-backfile": 0.7529411911964417, "orcids-backfile": 0.10588235408067703, "update-policies-current": 0.0, "open-references-backfile": 1.0, "orcids-current": 0.6534653306007385, "similarity-checking-backfile": 0.9941176176071167, "references-backfile": 0.841176450252533, "award-numbers-backfile": 0.0, "update-policies-backfile": 0.0, "licenses-current": 0.9801980257034302, "award-numbers-current": 0.0, "abstracts-backfile": 0.9529411792755127, "resource-links-current": 0.9801980257034302, "abstracts-current": 0.6831682920455933, "open-references-current": 1.0, "references-current": 0.7722772359848022}, "title": "African Journal of Disability", "subjects": [], "coverage-type": {"all": {"last-status-check-time": 1621321786512, "affiliations": 0.0, "abstracts": 0.8523985147476196, "orcids": 0.3099631071090698, "licenses": 0.8376383781433105, "references": 0.8154981732368469, "funders": 0.0, "similarity-checking": 0.9889298677444458, "award-numbers": 0.0, "update-policies": 0.0, "resource-links": 0.8376383781433105, "open-references": 1.0}, "backfile": {"last-status-check-time": 1621321784449, "affiliations": 0.0, "abstracts": 0.9529411792755127, "orcids": 0.10588235408067703, "licenses": 0.7529411911964417, "references": 0.841176450252533, "funders": 0.0, "similarity-checking": 0.9941176176071167, "award-numbers": 0.0, "update-policies": 0.0, "resource-links": 0.7529411911964417, "open-references": 1.0}, "current": {"last-status-check-time": 1621321782308, "affiliations": 0.0, "abstracts": 0.6831682920455933, "orcids": 0.6534653306007385, "licenses": 0.9801980257034302, "references": 0.7722772359848022, "funders": 0.0, "similarity-checking": 0.9801980257034302, "award-numbers": 0.0, "update-policies": 0.0, "resource-links": 0.9801980257034302, "open-references": 1.0}}, "flags": {"deposits-abstracts-current": true, "deposits-orcids-current": true, "deposits": true, "deposits-affiliations-backfile": false, "deposits-update-policies-backfile": false, "deposits-similarity-checking-backfile": true, "deposits-award-numbers-current": false, "deposits-resource-links-current": true, "deposits-articles": true, "deposits-affiliations-current": false, "deposits-funders-current": false, "deposits-references-backfile": true, "deposits-abstracts-backfile": true, "deposits-licenses-backfile": true, "deposits-award-numbers-backfile": false, "deposits-open-references-backfile": true, "deposits-open-references-current": true, "deposits-references-current": true, "deposits-resource-links-backfile": true, "deposits-orcids-backfile": true, "deposits-funders-backfile": false, "deposits-update-policies-current": false, "deposits-similarity-checking-current": true, "deposits-licenses-current": true}, "ISSN": ["2226-7220", "2223-9170"], "issn-type": [{"value": "2226-7220", "type": "electronic"}, {"value": "2223-9170", "type": "print"}]}