{"last-status-check-time": 1621413599718, "counts": {"total-dois": 368, "current-dois": 63, "backfile-dois": 305}, "breakdowns": {"dois-by-issued-year": [[2015, 41], [2013, 41], [2016, 33], [2009, 32], [2014, 29], [2020, 27], [2018, 27], [2017, 27], [2010, 27], [2011, 26], [2019, 22], [2012, 22], [2021, 14]]}, "publisher": "SAGE Publications", "coverage": {"affiliations-current": 0.9682539701461792, "similarity-checking-current": 1.0, "funders-backfile": 0.0, "licenses-backfile": 1.0, "funders-current": 0.2222222238779068, "affiliations-backfile": 0.6721311211585999, "resource-links-backfile": 1.0, "orcids-backfile": 0.0, "update-policies-current": 0.0, "open-references-backfile": 1.0, "orcids-current": 0.2380952388048172, "similarity-checking-backfile": 1.0, "references-backfile": 0.6098360419273376, "award-numbers-backfile": 0.0, "update-policies-backfile": 0.0, "licenses-current": 1.0, "award-numbers-current": 0.1587301641702652, "abstracts-backfile": 0.5508196949958801, "resource-links-current": 1.0, "abstracts-current": 0.6349206566810608, "open-references-current": 1.0, "references-current": 0.6507936716079712}, "title": "Africa Spectrum", "subjects": [{"name": "Development", "ASJC": 3303}, {"name": "Sociology and Political Science", "ASJC": 3312}, {"name": "Cultural Studies", "ASJC": 3316}, {"name": "Political Science and International Relations", "ASJC": 3320}], "coverage-type": {"all": {"last-status-check-time": 1621413592713, "affiliations": 0.7228260636329651, "abstracts": 0.5652173757553101, "orcids": 0.04076087102293968, "licenses": 1.0, "references": 0.616847813129425, "funders": 0.03804347664117813, "similarity-checking": 1.0, "award-numbers": 0.027173912152647972, "update-policies": 0.0, "resource-links": 1.0, "open-references": 1.0}, "backfile": {"last-status-check-time": 1621413590518, "affiliations": 0.6721311211585999, "abstracts": 0.5508196949958801, "orcids": 0.0, "licenses": 1.0, "references": 0.6098360419273376, "funders": 0.0, "similarity-checking": 1.0, "award-numbers": 0.0, "update-policies": 0.0, "resource-links": 1.0, "open-references": 1.0}, "current": {"last-status-check-time": 1621413587937, "affiliations": 0.9682539701461792, "abstracts": 0.6349206566810608, "orcids": 0.2380952388048172, "licenses": 1.0, "references": 0.6507936716079712, "funders": 0.2222222238779068, "similarity-checking": 1.0, "award-numbers": 0.1587301641702652, "update-policies": 0.0, "resource-links": 1.0, "open-references": 1.0}}, "flags": {"deposits-abstracts-current": true, "deposits-orcids-current": true, "deposits": true, "deposits-affiliations-backfile": true, "deposits-update-policies-backfile": false, "deposits-similarity-checking-backfile": true, "deposits-award-numbers-current": true, "deposits-resource-links-current": true, "deposits-articles": true, "deposits-affiliations-current": true, "deposits-funders-current": true, "deposits-references-backfile": true, "deposits-abstracts-backfile": true, "deposits-licenses-backfile": true, "deposits-award-numbers-backfile": false, "deposits-open-references-backfile": true, "deposits-open-references-current": true, "deposits-references-current": true, "deposits-resource-links-backfile": true, "deposits-orcids-backfile": false, "deposits-funders-backfile": false, "deposits-update-policies-current": false, "deposits-similarity-checking-current": true, "deposits-licenses-current": true}, "ISSN": ["1868-6869", "0002-0397"], "issn-type": [{"value": "1868-6869", "type": "electronic"}, {"value": "0002-0397", "type": "print"}]}