{"last-status-check-time": 1621309580301, "counts": {"total-dois": 671, "current-dois": 209, "backfile-dois": 462}, "breakdowns": {"dois-by-issued-year": [[2013, 119], [2020, 95], [2021, 61], [2014, 55], [2019, 53], [2017, 53], [2012, 52], [2011, 52], [2016, 51], [2015, 45], [2018, 35]]}, "publisher": "Elsevier ", "coverage": {"affiliations-current": 0.0, "similarity-checking-current": 0.0, "funders-backfile": 0.03246753290295601, "licenses-backfile": 1.0, "funders-current": 0.1818181872367859, "affiliations-backfile": 0.0, "resource-links-backfile": 1.0, "orcids-backfile": 0.06709956377744675, "update-policies-current": 0.9904305934906006, "open-references-backfile": 1.0, "orcids-current": 0.12918660044670105, "similarity-checking-backfile": 0.0, "references-backfile": 0.6471861600875854, "award-numbers-backfile": 0.006493506487458944, "update-policies-backfile": 0.5108225345611572, "licenses-current": 1.0, "award-numbers-current": 0.06220095604658127, "abstracts-backfile": 0.0, "resource-links-current": 1.0, "abstracts-current": 0.0, "open-references-current": 1.0, "references-current": 0.9856459498405457}, "title": "African Journal of Emergency Medicine", "subjects": [{"name": "Emergency Medicine", "ASJC": 2711}], "coverage-type": {"all": {"last-status-check-time": 1621309573584, "affiliations": 0.0, "abstracts": 0.0, "orcids": 0.0864381492137909, "licenses": 1.0, "references": 0.752608060836792, "funders": 0.07898658514022827, "similarity-checking": 0.0, "award-numbers": 0.0238450076431036, "update-policies": 0.6602086424827576, "resource-links": 1.0, "open-references": 1.0}, "backfile": {"last-status-check-time": 1621309571468, "affiliations": 0.0, "abstracts": 0.0, "orcids": 0.06709956377744675, "licenses": 1.0, "references": 0.6471861600875854, "funders": 0.03246753290295601, "similarity-checking": 0.0, "award-numbers": 0.006493506487458944, "update-policies": 0.5108225345611572, "resource-links": 1.0, "open-references": 1.0}, "current": {"last-status-check-time": 1621309569293, "affiliations": 0.0, "abstracts": 0.0, "orcids": 0.12918660044670105, "licenses": 1.0, "references": 0.9856459498405457, "funders": 0.1818181872367859, "similarity-checking": 0.0, "award-numbers": 0.06220095604658127, "update-policies": 0.9904305934906006, "resource-links": 1.0, "open-references": 1.0}}, "flags": {"deposits-abstracts-current": false, "deposits-orcids-current": true, "deposits": true, "deposits-affiliations-backfile": false, "deposits-update-policies-backfile": true, "deposits-similarity-checking-backfile": false, "deposits-award-numbers-current": true, "deposits-resource-links-current": true, "deposits-articles": true, "deposits-affiliations-current": false, "deposits-funders-current": true, "deposits-references-backfile": true, "deposits-abstracts-backfile": false, "deposits-licenses-backfile": true, "deposits-award-numbers-backfile": true, "deposits-open-references-backfile": true, "deposits-open-references-current": true, "deposits-references-current": true, "deposits-resource-links-backfile": true, "deposits-orcids-backfile": true, "deposits-funders-backfile": true, "deposits-update-policies-current": true, "deposits-similarity-checking-current": false, "deposits-licenses-current": true}, "ISSN": ["2211-419X"], "issn-type": [{"value": "2211-419X", "type": "print"}]}