{"last-status-check-time": 1621300823578, "counts": {"total-dois": 200, "current-dois": 65, "backfile-dois": 135}, "breakdowns": {"dois-by-issued-year": [[2015, 28], [2020, 27], [2017, 25], [2019, 24], [2018, 24], [2016, 23], [2014, 18], [2013, 17], [2021, 14]]}, "publisher": "Springer (Biomed Central Ltd.)", "coverage": {"affiliations-current": 0.0, "similarity-checking-current": 1.0, "funders-backfile": 0.14814814925193787, "licenses-backfile": 0.9777777791023254, "funders-current": 0.4307692348957062, "affiliations-backfile": 0.0, "resource-links-backfile": 0.9777777791023254, "orcids-backfile": 0.192592591047287, "update-policies-current": 1.0, "open-references-backfile": 1.0, "orcids-current": 0.8307692408561707, "similarity-checking-backfile": 0.9925925731658936, "references-backfile": 0.9925925731658936, "award-numbers-backfile": 0.08148147910833359, "update-policies-backfile": 0.8592592477798462, "licenses-current": 1.0, "award-numbers-current": 0.26153847575187683, "abstracts-backfile": 0.0, "resource-links-current": 1.0, "abstracts-current": 0.5692307949066162, "open-references-current": 1.0, "references-current": 0.9846153855323792}, "title": "Agricultural and Food Economics", "subjects": [], "coverage-type": {"all": {"last-status-check-time": 1621300817000, "affiliations": 0.0, "abstracts": 0.1840796023607254, "orcids": 0.3980099558830261, "licenses": 0.9800994992256165, "references": 0.9850746393203735, "funders": 0.23880596458911896, "similarity-checking": 0.9900497794151306, "award-numbers": 0.13930347561836243, "update-policies": 0.9004974961280823, "resource-links": 0.9800994992256165, "open-references": 1.0}, "backfile": {"last-status-check-time": 1621300814704, "affiliations": 0.0, "abstracts": 0.0, "orcids": 0.192592591047287, "licenses": 0.9777777791023254, "references": 0.9925925731658936, "funders": 0.14814814925193787, "similarity-checking": 0.9925925731658936, "award-numbers": 0.08148147910833359, "update-policies": 0.8592592477798462, "resource-links": 0.9777777791023254, "open-references": 1.0}, "current": {"last-status-check-time": 1621300812320, "affiliations": 0.0, "abstracts": 0.5692307949066162, "orcids": 0.8307692408561707, "licenses": 1.0, "references": 0.9846153855323792, "funders": 0.4307692348957062, "similarity-checking": 1.0, "award-numbers": 0.26153847575187683, "update-policies": 1.0, "resource-links": 1.0, "open-references": 1.0}}, "flags": {"deposits-abstracts-current": true, "deposits-orcids-current": true, "deposits": true, "deposits-affiliations-backfile": false, "deposits-update-policies-backfile": true, "deposits-similarity-checking-backfile": true, "deposits-award-numbers-current": true, "deposits-resource-links-current": true, "deposits-articles": true, "deposits-affiliations-current": false, "deposits-funders-current": true, "deposits-references-backfile": true, "deposits-abstracts-backfile": false, "deposits-licenses-backfile": true, "deposits-award-numbers-backfile": true, "deposits-open-references-backfile": true, "deposits-open-references-current": true, "deposits-references-current": true, "deposits-resource-links-backfile": true, "deposits-orcids-backfile": true, "deposits-funders-backfile": true, "deposits-update-policies-current": true, "deposits-similarity-checking-current": true, "deposits-licenses-current": true}, "ISSN": ["2193-7532", "2193-7532"], "issn-type": [{"value": "2193-7532", "type": "electronic"}, {"value": "2193-7532", "type": "print"}]}