{"last-status-check-time": 1618792773969, "counts": {"total-dois": 2224, "current-dois": 300, "backfile-dois": 1924}, "breakdowns": {"dois-by-issued-year": [[2020, 167], [2019, 106], [2015, 99], [2014, 96], [2016, 91], [2008, 81], [2017, 78], [2007, 75], [2012, 71], [2009, 65], [1985, 61], [2018, 59], [2013, 59], [2006, 58], [2005, 55], [1999, 55], [2001, 54], [2010, 53], [1994, 52], [2000, 50], [1992, 50], [1998, 48], [1984, 48], [2004, 47], [2002, 47], [1991, 46], [1997, 45], [1993, 45], [1996, 43], [2003, 42], [2011, 40], [1986, 39], [1995, 36], [1990, 36], [1989, 36], [1988, 34], [1987, 30], [2021, 27]]}, "publisher": "Springer-Verlag", "coverage": {"affiliations-current": 0.0, "similarity-checking-current": 1.0, "funders-backfile": 0.06392931193113327, "licenses-backfile": 0.8045738339424133, "funders-current": 0.3933333456516266, "affiliations-backfile": 0.0, "resource-links-backfile": 0.8045738339424133, "orcids-backfile": 0.05665280669927597, "update-policies-current": 0.9700000286102295, "open-references-backfile": 1.0, "orcids-current": 0.6133333444595337, "similarity-checking-backfile": 0.9682952165603638, "references-backfile": 0.5545738339424133, "award-numbers-backfile": 0.039501041173934937, "update-policies-backfile": 0.20062370598316193, "licenses-current": 1.0, "award-numbers-current": 0.2800000011920929, "abstracts-backfile": 0.0, "resource-links-current": 1.0, "abstracts-current": 0.11666666716337204, "open-references-current": 1.0, "references-current": 0.7766666412353516}, "title": "Agriculture and Human Values", "subjects": [{"name": "Agronomy and Crop Science", "ASJC": 1102}], "coverage-type": {"all": {"last-status-check-time": 1618792766459, "affiliations": 0.0, "abstracts": 0.01573033630847931, "orcids": 0.13168539106845856, "licenses": 0.8305618166923523, "references": 0.584269642829895, "funders": 0.10831460356712341, "similarity-checking": 0.9721348285675049, "award-numbers": 0.07191011309623718, "update-policies": 0.3042696714401245, "resource-links": 0.8305618166923523, "open-references": 1.0}, "backfile": {"last-status-check-time": 1618792764219, "affiliations": 0.0, "abstracts": 0.0, "orcids": 0.05665280669927597, "licenses": 0.8045738339424133, "references": 0.5545738339424133, "funders": 0.06392931193113327, "similarity-checking": 0.9682952165603638, "award-numbers": 0.039501041173934937, "update-policies": 0.20062370598316193, "resource-links": 0.8045738339424133, "open-references": 1.0}, "current": {"last-status-check-time": 1618792761594, "affiliations": 0.0, "abstracts": 0.11666666716337204, "orcids": 0.6133333444595337, "licenses": 1.0, "references": 0.7766666412353516, "funders": 0.3933333456516266, "similarity-checking": 1.0, "award-numbers": 0.2800000011920929, "update-policies": 0.9700000286102295, "resource-links": 1.0, "open-references": 1.0}}, "flags": {"deposits-abstracts-current": true, "deposits-orcids-current": true, "deposits": true, "deposits-affiliations-backfile": false, "deposits-update-policies-backfile": true, "deposits-similarity-checking-backfile": true, "deposits-award-numbers-current": true, "deposits-resource-links-current": true, "deposits-articles": true, "deposits-affiliations-current": false, "deposits-funders-current": true, "deposits-references-backfile": true, "deposits-abstracts-backfile": false, "deposits-licenses-backfile": true, "deposits-award-numbers-backfile": true, "deposits-open-references-backfile": true, "deposits-open-references-current": true, "deposits-references-current": true, "deposits-resource-links-backfile": true, "deposits-orcids-backfile": true, "deposits-funders-backfile": true, "deposits-update-policies-current": true, "deposits-similarity-checking-current": true, "deposits-licenses-current": true}, "ISSN": ["1572-8366", "0889-048X"], "issn-type": [{"value": "1572-8366", "type": "electronic"}, {"value": "0889-048X", "type": "print"}]}