{"last-status-check-time": 1620930918890, "counts": {"total-dois": 643, "current-dois": 136, "backfile-dois": 507}, "breakdowns": {"dois-by-issued-year": [[2020, 67], [2017, 61], [2010, 47], [2011, 44], [2015, 43], [2016, 42], [2019, 40], [2014, 40], [2012, 38], [2013, 35], [2009, 30], [2006, 30], [2021, 29], [2007, 29], [2018, 28], [2008, 26], [2005, 12], [2004, 2]]}, "publisher": "Springer (Biomed Central Ltd.)", "coverage": {"affiliations-current": 0.0, "similarity-checking-current": 1.0, "funders-backfile": 0.15976330637931824, "licenses-backfile": 0.13412228226661682, "funders-current": 0.5441176295280457, "affiliations-backfile": 0.0, "resource-links-backfile": 0.13412228226661682, "orcids-backfile": 0.0374753437936306, "update-policies-current": 1.0, "open-references-backfile": 1.0, "orcids-current": 0.5441176295280457, "similarity-checking-backfile": 0.35108479857444763, "references-backfile": 0.6055226922035217, "award-numbers-backfile": 0.13412228226661682, "update-policies-backfile": 0.34319525957107544, "licenses-current": 0.9926470518112183, "award-numbers-current": 0.4485294222831726, "abstracts-backfile": 0.0, "resource-links-current": 0.9926470518112183, "abstracts-current": 0.529411792755127, "open-references-current": 1.0, "references-current": 1.0}, "title": "AIDS Research and Therapy", "subjects": [{"name": "Molecular Medicine", "ASJC": 1313}, {"name": "Virology", "ASJC": 2406}, {"name": "Pharmacology (medical)", "ASJC": 2736}], "coverage-type": {"all": {"last-status-check-time": 1620930910449, "affiliations": 0.0, "abstracts": 0.11197511851787567, "orcids": 0.14463452994823456, "licenses": 0.31570762395858765, "references": 0.6889579892158508, "funders": 0.24105754494667053, "similarity-checking": 0.4883359372615814, "award-numbers": 0.2006220817565918, "update-policies": 0.48211508989334106, "resource-links": 0.31570762395858765, "open-references": 1.0}, "backfile": {"last-status-check-time": 1620930907981, "affiliations": 0.0, "abstracts": 0.0, "orcids": 0.0374753437936306, "licenses": 0.13412228226661682, "references": 0.6055226922035217, "funders": 0.15976330637931824, "similarity-checking": 0.35108479857444763, "award-numbers": 0.13412228226661682, "update-policies": 0.34319525957107544, "resource-links": 0.13412228226661682, "open-references": 1.0}, "current": {"last-status-check-time": 1620930905295, "affiliations": 0.0, "abstracts": 0.529411792755127, "orcids": 0.5441176295280457, "licenses": 0.9926470518112183, "references": 1.0, "funders": 0.5441176295280457, "similarity-checking": 1.0, "award-numbers": 0.4485294222831726, "update-policies": 1.0, "resource-links": 0.9926470518112183, "open-references": 1.0}}, "flags": {"deposits-abstracts-current": true, "deposits-orcids-current": true, "deposits": true, "deposits-affiliations-backfile": false, "deposits-update-policies-backfile": true, "deposits-similarity-checking-backfile": true, "deposits-award-numbers-current": true, "deposits-resource-links-current": true, "deposits-articles": true, "deposits-affiliations-current": false, "deposits-funders-current": true, "deposits-references-backfile": true, "deposits-abstracts-backfile": false, "deposits-licenses-backfile": true, "deposits-award-numbers-backfile": true, "deposits-open-references-backfile": true, "deposits-open-references-current": true, "deposits-references-current": true, "deposits-resource-links-backfile": true, "deposits-orcids-backfile": true, "deposits-funders-backfile": true, "deposits-update-policies-current": true, "deposits-similarity-checking-current": true, "deposits-licenses-current": true}, "ISSN": ["1742-6405", "1742-6405"], "issn-type": [{"value": "1742-6405", "type": "electronic"}, {"value": "1742-6405", "type": "print"}]}