{"last-status-check-time": 1618982625275, "counts": {"total-dois": 1440, "current-dois": 521, "backfile-dois": 919}, "breakdowns": {"dois-by-issued-year": [[2018, 315], [2021, 237], [2020, 189], [2014, 135], [2015, 119], [2016, 97], [2019, 95], [2013, 95], [2017, 66], [2012, 44], [2011, 29], [2010, 19]]}, "publisher": "Elsevier ", "coverage": {"affiliations-current": 0.0, "similarity-checking-current": 0.0, "funders-backfile": 0.07072905451059341, "licenses-backfile": 1.0, "funders-current": 0.19577735662460327, "affiliations-backfile": 0.0, "resource-links-backfile": 1.0, "orcids-backfile": 0.05114254727959633, "update-policies-current": 0.6046065092086792, "open-references-backfile": 1.0, "orcids-current": 0.25911709666252136, "similarity-checking-backfile": 0.0, "references-backfile": 0.9608269929885864, "award-numbers-backfile": 0.02937976084649563, "update-policies-backfile": 0.7366703152656555, "licenses-current": 1.0, "award-numbers-current": 0.06717850267887115, "abstracts-backfile": 0.0, "resource-links-current": 1.0, "abstracts-current": 0.0, "open-references-current": 1.0, "references-current": 0.9827255010604858}, "title": "Ain Shams Engineering Journal", "subjects": [{"name": "General Engineering", "ASJC": 2200}], "coverage-type": {"all": {"last-status-check-time": 1618982433554, "affiliations": 0.0, "abstracts": 0.0, "orcids": 0.12638889253139496, "licenses": 1.0, "references": 0.96875, "funders": 0.11597222089767456, "similarity-checking": 0.0, "award-numbers": 0.04305555671453476, "update-policies": 0.6888889074325562, "resource-links": 1.0, "open-references": 1.0}, "backfile": {"last-status-check-time": 1618982358661, "affiliations": 0.0, "abstracts": 0.0, "orcids": 0.05114254727959633, "licenses": 1.0, "references": 0.9608269929885864, "funders": 0.07072905451059341, "similarity-checking": 0.0, "award-numbers": 0.02937976084649563, "update-policies": 0.7366703152656555, "resource-links": 1.0, "open-references": 1.0}, "current": {"last-status-check-time": 1618982279593, "affiliations": 0.0, "abstracts": 0.0, "orcids": 0.25911709666252136, "licenses": 1.0, "references": 0.9827255010604858, "funders": 0.19577735662460327, "similarity-checking": 0.0, "award-numbers": 0.06717850267887115, "update-policies": 0.6046065092086792, "resource-links": 1.0, "open-references": 1.0}}, "flags": {"deposits-abstracts-current": false, "deposits-orcids-current": true, "deposits": true, "deposits-affiliations-backfile": false, "deposits-update-policies-backfile": true, "deposits-similarity-checking-backfile": false, "deposits-award-numbers-current": true, "deposits-resource-links-current": true, "deposits-articles": true, "deposits-affiliations-current": false, "deposits-funders-current": true, "deposits-references-backfile": true, "deposits-abstracts-backfile": false, "deposits-licenses-backfile": true, "deposits-award-numbers-backfile": true, "deposits-open-references-backfile": true, "deposits-open-references-current": true, "deposits-references-current": true, "deposits-resource-links-backfile": true, "deposits-orcids-backfile": true, "deposits-funders-backfile": true, "deposits-update-policies-current": true, "deposits-similarity-checking-current": false, "deposits-licenses-current": true}, "ISSN": ["2090-4479"], "issn-type": [{"value": "2090-4479", "type": "print"}]}