{"last-status-check-time": 1621267208780, "counts": {"total-dois": 10839, "current-dois": 3722, "backfile-dois": 7117}, "breakdowns": {"dois-by-issued-year": [[2018, 1816], [2020, 1508], [2019, 1469], [2017, 1413], [2016, 1314], [2015, 955], [2021, 745], [2014, 570], [2013, 408], [2012, 382], [2011, 259]]}, "publisher": "American Institute of Physics", "coverage": {"affiliations-current": 0.990327775478363, "similarity-checking-current": 1.0, "funders-backfile": 0.5880286693572998, "licenses-backfile": 0.3514121174812317, "funders-current": 0.772971510887146, "affiliations-backfile": 0.6587045192718506, "resource-links-backfile": 0.13727694749832153, "orcids-backfile": 0.4430237412452698, "update-policies-current": 1.0, "open-references-backfile": 1.0, "orcids-current": 0.8664696216583252, "similarity-checking-backfile": 0.992974579334259, "references-backfile": 0.9911479353904724, "award-numbers-backfile": 0.5344948768615723, "update-policies-backfile": 0.9325558543205261, "licenses-current": 0.06958624720573425, "award-numbers-current": 0.7224610447883606, "abstracts-backfile": 0.0, "resource-links-current": 0.0, "abstracts-current": 0.0, "open-references-current": 1.0, "references-current": 0.9970446228981018}, "title": "AIP Advances", "subjects": [{"name": "General Physics and Astronomy", "ASJC": 3100}], "coverage-type": {"all": {"last-status-check-time": 1621267200817, "affiliations": 0.7725805044174194, "abstracts": 0.0, "orcids": 0.588430643081665, "licenses": 0.2546360492706299, "references": 0.993172824382782, "funders": 0.6515361070632935, "similarity-checking": 0.9953870177268982, "award-numbers": 0.5990405082702637, "update-policies": 0.9557154774665833, "resource-links": 0.09013746678829193, "open-references": 1.0}, "backfile": {"last-status-check-time": 1621267198504, "affiliations": 0.6587045192718506, "abstracts": 0.0, "orcids": 0.4430237412452698, "licenses": 0.3514121174812317, "references": 0.9911479353904724, "funders": 0.5880286693572998, "similarity-checking": 0.992974579334259, "award-numbers": 0.5344948768615723, "update-policies": 0.9325558543205261, "resource-links": 0.13727694749832153, "open-references": 1.0}, "current": {"last-status-check-time": 1621267196125, "affiliations": 0.990327775478363, "abstracts": 0.0, "orcids": 0.8664696216583252, "licenses": 0.06958624720573425, "references": 0.9970446228981018, "funders": 0.772971510887146, "similarity-checking": 1.0, "award-numbers": 0.7224610447883606, "update-policies": 1.0, "resource-links": 0.0, "open-references": 1.0}}, "flags": {"deposits-abstracts-current": false, "deposits-orcids-current": true, "deposits": true, "deposits-affiliations-backfile": true, "deposits-update-policies-backfile": true, "deposits-similarity-checking-backfile": true, "deposits-award-numbers-current": true, "deposits-resource-links-current": false, "deposits-articles": true, "deposits-affiliations-current": true, "deposits-funders-current": true, "deposits-references-backfile": true, "deposits-abstracts-backfile": false, "deposits-licenses-backfile": true, "deposits-award-numbers-backfile": true, "deposits-open-references-backfile": true, "deposits-open-references-current": true, "deposits-references-current": true, "deposits-resource-links-backfile": true, "deposits-orcids-backfile": true, "deposits-funders-backfile": true, "deposits-update-policies-current": true, "deposits-similarity-checking-current": true, "deposits-licenses-current": true}, "ISSN": ["2158-3226", "2158-3226"], "issn-type": [{"value": "2158-3226", "type": "electronic"}, {"value": "2158-3226", "type": "print"}]}