{"last-status-check-time": 1620734766961, "counts": {"total-dois": 189, "current-dois": 78, "backfile-dois": 111}, "breakdowns": {"dois-by-issued-year": [[2020, 41], [2019, 19], [2021, 18], [2017, 15], [2016, 13], [2014, 13], [2013, 12], [2018, 11], [2015, 10], [2010, 10], [2012, 9], [2011, 8], [2009, 5], [2008, 5]]}, "publisher": "\"Libertas Academica, Ltd.\"", "coverage": {"affiliations-current": 0.9743589758872986, "similarity-checking-current": 1.0, "funders-backfile": 0.0, "licenses-backfile": 1.0, "funders-current": 0.07692307978868484, "affiliations-backfile": 1.0, "resource-links-backfile": 1.0, "orcids-backfile": 0.018018018454313278, "update-policies-current": 1.0, "open-references-backfile": 0.2432432472705841, "orcids-current": 0.8589743375778198, "similarity-checking-backfile": 1.0, "references-backfile": 0.9819819927215576, "award-numbers-backfile": 0.0, "update-policies-backfile": 0.8198198080062866, "licenses-current": 1.0, "award-numbers-current": 0.012820512987673283, "abstracts-backfile": 0.9819819927215576, "resource-links-current": 1.0, "abstracts-current": 0.9487179517745972, "open-references-current": 1.0, "references-current": 0.9743589758872986}, "title": "Air Soil and Water Research", "subjects": [{"name": "General Environmental Science", "ASJC": 2300}], "coverage-type": {"all": {"last-status-check-time": 1620734760284, "affiliations": 0.9842105507850647, "abstracts": 0.9631578922271729, "orcids": 0.36315789818763733, "licenses": 0.9947368502616882, "references": 0.9736841917037964, "funders": 0.031578946858644485, "similarity-checking": 0.9947368502616882, "award-numbers": 0.005263158120214939, "update-policies": 0.8894736766815186, "resource-links": 0.9947368502616882, "open-references": 0.5526315569877625}, "backfile": {"last-status-check-time": 1620734758108, "affiliations": 1.0, "abstracts": 0.9819819927215576, "orcids": 0.018018018454313278, "licenses": 1.0, "references": 0.9819819927215576, "funders": 0.0, "similarity-checking": 1.0, "award-numbers": 0.0, "update-policies": 0.8198198080062866, "resource-links": 1.0, "open-references": 0.2432432472705841}, "current": {"last-status-check-time": 1620734755714, "affiliations": 0.9743589758872986, "abstracts": 0.9487179517745972, "orcids": 0.8589743375778198, "licenses": 1.0, "references": 0.9743589758872986, "funders": 0.07692307978868484, "similarity-checking": 1.0, "award-numbers": 0.012820512987673283, "update-policies": 1.0, "resource-links": 1.0, "open-references": 1.0}}, "flags": {"deposits-abstracts-current": true, "deposits-orcids-current": true, "deposits": true, "deposits-affiliations-backfile": true, "deposits-update-policies-backfile": true, "deposits-similarity-checking-backfile": true, "deposits-award-numbers-current": true, "deposits-resource-links-current": true, "deposits-articles": true, "deposits-affiliations-current": true, "deposits-funders-current": true, "deposits-references-backfile": true, "deposits-abstracts-backfile": true, "deposits-licenses-backfile": true, "deposits-award-numbers-backfile": false, "deposits-open-references-backfile": true, "deposits-open-references-current": true, "deposits-references-current": true, "deposits-resource-links-backfile": true, "deposits-orcids-backfile": true, "deposits-funders-backfile": false, "deposits-update-policies-current": true, "deposits-similarity-checking-current": true, "deposits-licenses-current": true}, "ISSN": ["1178-6221", "1178-6221"], "issn-type": [{"value": "1178-6221", "type": "electronic"}, {"value": "1178-6221", "type": "print"}]}