{"last-status-check-time": 1620681347923, "counts": {"total-dois": 338, "current-dois": 198, "backfile-dois": 140}, "breakdowns": {"dois-by-issued-year": [[2020, 147], [2019, 44], [2018, 37], [2016, 37], [2017, 35], [2015, 31], [2021, 7]]}, "publisher": "Informa UK (Taylor & Francis)", "coverage": {"affiliations-current": 0.9747474789619446, "similarity-checking-current": 0.9949495196342468, "funders-backfile": 0.3142857253551483, "licenses-backfile": 1.0, "funders-current": 0.32828283309936523, "affiliations-backfile": 0.9857142567634583, "resource-links-backfile": 1.0, "orcids-backfile": 0.0, "update-policies-current": 0.9949495196342468, "open-references-backfile": 1.0, "orcids-current": 0.07575757801532745, "similarity-checking-backfile": 1.0, "references-backfile": 0.9714285731315613, "award-numbers-backfile": 0.2928571403026581, "update-policies-backfile": 1.0, "licenses-current": 0.9292929172515869, "award-numbers-current": 0.2777777910232544, "abstracts-backfile": 0.0, "resource-links-current": 0.5959596037864685, "abstracts-current": 0.0, "open-references-current": 1.0, "references-current": 0.9696969985961914}, "title": "AKCE International Journal of Graphs and Combinatorics", "subjects": [{"name": "Discrete Mathematics and Combinatorics", "ASJC": 2607}], "coverage-type": {"all": {"last-status-check-time": 1620681341972, "affiliations": 0.9792899489402771, "abstracts": 0.0, "orcids": 0.044378697872161865, "licenses": 0.9585798978805542, "references": 0.9704142212867737, "funders": 0.32248520851135254, "similarity-checking": 0.9970414042472839, "award-numbers": 0.2840236723423004, "update-policies": 0.9970414042472839, "resource-links": 0.7633135914802551, "open-references": 1.0}, "backfile": {"last-status-check-time": 1620681340020, "affiliations": 0.9857142567634583, "abstracts": 0.0, "orcids": 0.0, "licenses": 1.0, "references": 0.9714285731315613, "funders": 0.3142857253551483, "similarity-checking": 1.0, "award-numbers": 0.2928571403026581, "update-policies": 1.0, "resource-links": 1.0, "open-references": 1.0}, "current": {"last-status-check-time": 1620681338075, "affiliations": 0.9747474789619446, "abstracts": 0.0, "orcids": 0.07575757801532745, "licenses": 0.9292929172515869, "references": 0.9696969985961914, "funders": 0.32828283309936523, "similarity-checking": 0.9949495196342468, "award-numbers": 0.2777777910232544, "update-policies": 0.9949495196342468, "resource-links": 0.5959596037864685, "open-references": 1.0}}, "flags": {"deposits-abstracts-current": false, "deposits-orcids-current": true, "deposits": true, "deposits-affiliations-backfile": true, "deposits-update-policies-backfile": true, "deposits-similarity-checking-backfile": true, "deposits-award-numbers-current": true, "deposits-resource-links-current": true, "deposits-articles": true, "deposits-affiliations-current": true, "deposits-funders-current": true, "deposits-references-backfile": true, "deposits-abstracts-backfile": false, "deposits-licenses-backfile": true, "deposits-award-numbers-backfile": true, "deposits-open-references-backfile": true, "deposits-open-references-current": true, "deposits-references-current": true, "deposits-resource-links-backfile": true, "deposits-orcids-backfile": false, "deposits-funders-backfile": true, "deposits-update-policies-current": true, "deposits-similarity-checking-current": true, "deposits-licenses-current": true}, "ISSN": ["2543-3474", "0972-8600"], "issn-type": [{"value": "2543-3474", "type": "electronic"}, {"value": "0972-8600", "type": "print"}]}