{"last-status-check-time": 1621237500872, "counts": {"total-dois": 650, "current-dois": 147, "backfile-dois": 503}, "breakdowns": {"dois-by-issued-year": [[2020, 63], [2019, 61], [2018, 52], [2017, 47], [2016, 41], [2014, 36], [2009, 34], [2015, 31], [2013, 30], [2008, 30], [2010, 28], [2005, 28], [2004, 26], [2012, 25], [2007, 25], [2003, 25], [2006, 24], [2021, 23], [2011, 21]]}, "publisher": "SciELO", "coverage": {"affiliations-current": 0.9591836929321289, "similarity-checking-current": 1.0, "funders-backfile": 0.0, "licenses-backfile": 0.04572564736008644, "funders-current": 0.0, "affiliations-backfile": 0.6719681620597839, "resource-links-backfile": 0.0, "orcids-backfile": 0.0417495034635067, "update-policies-current": 0.0, "open-references-backfile": 1.0, "orcids-current": 0.9591836929321289, "similarity-checking-backfile": 1.0, "references-backfile": 0.7216699719429016, "award-numbers-backfile": 0.0, "update-policies-backfile": 0.0, "licenses-current": 1.0, "award-numbers-current": 0.0, "abstracts-backfile": 0.6858847141265869, "resource-links-current": 0.0, "abstracts-current": 0.7891156673431396, "open-references-current": 1.0, "references-current": 0.9523809552192688}, "title": "Alea Estudos Neolatinos", "subjects": [{"name": "Language and Linguistics", "ASJC": 1203}, {"name": "Literature and Literary Theory", "ASJC": 1208}, {"name": "Linguistics and Language", "ASJC": 3310}], "coverage-type": {"all": {"last-status-check-time": 1621237493374, "affiliations": 0.736923098564148, "abstracts": 0.7092307806015015, "orcids": 0.2492307722568512, "licenses": 0.26153847575187683, "references": 0.7738461494445801, "funders": 0.0, "similarity-checking": 1.0, "award-numbers": 0.0, "update-policies": 0.0, "resource-links": 0.0, "open-references": 1.0}, "backfile": {"last-status-check-time": 1621237490887, "affiliations": 0.6719681620597839, "abstracts": 0.6858847141265869, "orcids": 0.0417495034635067, "licenses": 0.04572564736008644, "references": 0.7216699719429016, "funders": 0.0, "similarity-checking": 1.0, "award-numbers": 0.0, "update-policies": 0.0, "resource-links": 0.0, "open-references": 1.0}, "current": {"last-status-check-time": 1621237488301, "affiliations": 0.9591836929321289, "abstracts": 0.7891156673431396, "orcids": 0.9591836929321289, "licenses": 1.0, "references": 0.9523809552192688, "funders": 0.0, "similarity-checking": 1.0, "award-numbers": 0.0, "update-policies": 0.0, "resource-links": 0.0, "open-references": 1.0}}, "flags": {"deposits-abstracts-current": true, "deposits-orcids-current": true, "deposits": true, "deposits-affiliations-backfile": true, "deposits-update-policies-backfile": false, "deposits-similarity-checking-backfile": true, "deposits-award-numbers-current": false, "deposits-resource-links-current": false, "deposits-articles": true, "deposits-affiliations-current": true, "deposits-funders-current": false, "deposits-references-backfile": true, "deposits-abstracts-backfile": true, "deposits-licenses-backfile": true, "deposits-award-numbers-backfile": false, "deposits-open-references-backfile": true, "deposits-open-references-current": true, "deposits-references-current": true, "deposits-resource-links-backfile": false, "deposits-orcids-backfile": true, "deposits-funders-backfile": false, "deposits-update-policies-current": false, "deposits-similarity-checking-current": true, "deposits-licenses-current": true}, "ISSN": ["1517-106X", "1517-106X"], "issn-type": [{"value": "1517-106X", "type": "electronic"}, {"value": "1517-106X", "type": "print"}]}