{"last-status-check-time": 1620937235376, "counts": {"total-dois": 385, "current-dois": 49, "backfile-dois": 336}, "breakdowns": {"dois-by-issued-year": [[2010, 39], [2012, 36], [2015, 31], [2013, 31], [2016, 28], [2017, 27], [2014, 27], [2011, 27], [2019, 25], [2006, 25], [2020, 19], [2018, 17], [2009, 16], [2008, 16], [2007, 16], [2021, 5]]}, "publisher": "Springer (Biomed Central Ltd.)", "coverage": {"affiliations-current": 0.0, "similarity-checking-current": 1.0, "funders-backfile": 0.1666666716337204, "licenses-backfile": 0.5565476417541504, "funders-current": 0.8367347121238708, "affiliations-backfile": 0.0, "resource-links-backfile": 0.5565476417541504, "orcids-backfile": 0.1041666641831398, "update-policies-current": 1.0, "open-references-backfile": 1.0, "orcids-current": 0.8775510191917419, "similarity-checking-backfile": 0.7648809552192688, "references-backfile": 0.8660714030265808, "award-numbers-backfile": 0.1369047611951828, "update-policies-backfile": 0.3452380895614624, "licenses-current": 1.0, "award-numbers-current": 0.7551020383834839, "abstracts-backfile": 0.0, "resource-links-current": 1.0, "abstracts-current": 0.4285714328289032, "open-references-current": 1.0, "references-current": 1.0}, "title": "Algorithms for Molecular Biology", "subjects": [{"name": "Molecular Biology", "ASJC": 1312}, {"name": "Structural Biology", "ASJC": 1315}, {"name": "Computational Theory and Mathematics", "ASJC": 1703}, {"name": "Applied Mathematics", "ASJC": 2604}], "coverage-type": {"all": {"last-status-check-time": 1620937227576, "affiliations": 0.0, "abstracts": 0.05454545468091965, "orcids": 0.20259740948677063, "licenses": 0.6129870414733887, "references": 0.8831169009208679, "funders": 0.2519480586051941, "similarity-checking": 0.7948051691055298, "award-numbers": 0.2155844122171402, "update-policies": 0.4285714328289032, "resource-links": 0.6129870414733887, "open-references": 1.0}, "backfile": {"last-status-check-time": 1620937224970, "affiliations": 0.0, "abstracts": 0.0, "orcids": 0.1041666641831398, "licenses": 0.5565476417541504, "references": 0.8660714030265808, "funders": 0.1666666716337204, "similarity-checking": 0.7648809552192688, "award-numbers": 0.1369047611951828, "update-policies": 0.3452380895614624, "resource-links": 0.5565476417541504, "open-references": 1.0}, "current": {"last-status-check-time": 1620937222445, "affiliations": 0.0, "abstracts": 0.4285714328289032, "orcids": 0.8775510191917419, "licenses": 1.0, "references": 1.0, "funders": 0.8367347121238708, "similarity-checking": 1.0, "award-numbers": 0.7551020383834839, "update-policies": 1.0, "resource-links": 1.0, "open-references": 1.0}}, "flags": {"deposits-abstracts-current": true, "deposits-orcids-current": true, "deposits": true, "deposits-affiliations-backfile": false, "deposits-update-policies-backfile": true, "deposits-similarity-checking-backfile": true, "deposits-award-numbers-current": true, "deposits-resource-links-current": true, "deposits-articles": true, "deposits-affiliations-current": false, "deposits-funders-current": true, "deposits-references-backfile": true, "deposits-abstracts-backfile": false, "deposits-licenses-backfile": true, "deposits-award-numbers-backfile": true, "deposits-open-references-backfile": true, "deposits-open-references-current": true, "deposits-references-current": true, "deposits-resource-links-backfile": true, "deposits-orcids-backfile": true, "deposits-funders-backfile": true, "deposits-update-policies-current": true, "deposits-similarity-checking-current": true, "deposits-licenses-current": true}, "ISSN": ["1748-7188", "1748-7188"], "issn-type": [{"value": "1748-7188", "type": "electronic"}, {"value": "1748-7188", "type": "print"}]}