{"last-status-check-time": 1621177676205, "counts": {"total-dois": 1781, "current-dois": 299, "backfile-dois": 1482}, "breakdowns": {"dois-by-issued-year": [[2017, 116], [2020, 114], [2016, 113], [2018, 111], [2019, 110], [2015, 99], [2014, 86], [2005, 86], [2012, 78], [2021, 75], [2009, 75], [2013, 72], [2011, 68], [2008, 58], [2004, 58], [2007, 57], [2006, 57], [2010, 54], [2001, 42], [1998, 42], [1999, 38], [1997, 38], [2000, 37], [2002, 34], [2003, 33], [1996, 30]]}, "publisher": "Elsevier ", "coverage": {"affiliations-current": 0.0, "similarity-checking-current": 0.0, "funders-backfile": 0.14507421851158142, "licenses-backfile": 1.0, "funders-current": 0.5384615659713745, "affiliations-backfile": 0.0, "resource-links-backfile": 0.9817813634872437, "orcids-backfile": 0.004048583097755909, "update-policies-current": 0.9030100107192993, "open-references-backfile": 0.4655870497226715, "orcids-current": 0.28093644976615906, "similarity-checking-backfile": 0.0, "references-backfile": 0.97773277759552, "award-numbers-backfile": 0.10391362756490707, "update-policies-backfile": 0.2941970229148865, "licenses-current": 1.0, "award-numbers-current": 0.3076923191547394, "abstracts-backfile": 0.0, "resource-links-current": 1.0, "abstracts-current": 0.0, "open-references-current": 1.0, "references-current": 0.9899665713310242}, "title": "Allergology International", "subjects": [{"name": "General Medicine", "ASJC": 2700}, {"name": "Immunology and Allergy", "ASJC": 2723}], "coverage-type": {"all": {"last-status-check-time": 1621177669479, "affiliations": 0.0, "abstracts": 0.0, "orcids": 0.05053340643644333, "licenses": 1.0, "references": 0.9797866344451904, "funders": 0.21111735701560974, "similarity-checking": 0.0, "award-numbers": 0.13812464475631714, "update-policies": 0.39640650153160095, "resource-links": 0.9848399758338928, "open-references": 0.5553060173988342}, "backfile": {"last-status-check-time": 1621177667277, "affiliations": 0.0, "abstracts": 0.0, "orcids": 0.004048583097755909, "licenses": 1.0, "references": 0.97773277759552, "funders": 0.14507421851158142, "similarity-checking": 0.0, "award-numbers": 0.10391362756490707, "update-policies": 0.2941970229148865, "resource-links": 0.9817813634872437, "open-references": 0.4655870497226715}, "current": {"last-status-check-time": 1621177665054, "affiliations": 0.0, "abstracts": 0.0, "orcids": 0.28093644976615906, "licenses": 1.0, "references": 0.9899665713310242, "funders": 0.5384615659713745, "similarity-checking": 0.0, "award-numbers": 0.3076923191547394, "update-policies": 0.9030100107192993, "resource-links": 1.0, "open-references": 1.0}}, "flags": {"deposits-abstracts-current": false, "deposits-orcids-current": true, "deposits": true, "deposits-affiliations-backfile": false, "deposits-update-policies-backfile": true, "deposits-similarity-checking-backfile": false, "deposits-award-numbers-current": true, "deposits-resource-links-current": true, "deposits-articles": true, "deposits-affiliations-current": false, "deposits-funders-current": true, "deposits-references-backfile": true, "deposits-abstracts-backfile": false, "deposits-licenses-backfile": true, "deposits-award-numbers-backfile": true, "deposits-open-references-backfile": true, "deposits-open-references-current": true, "deposits-references-current": true, "deposits-resource-links-backfile": true, "deposits-orcids-backfile": true, "deposits-funders-backfile": true, "deposits-update-policies-current": true, "deposits-similarity-checking-current": false, "deposits-licenses-current": true}, "ISSN": ["1440-1592", "1323-8930"], "issn-type": [{"value": "1440-1592", "type": "electronic"}, {"value": "1323-8930", "type": "print"}]}