{"last-status-check-time": 1618998286478, "counts": {"total-dois": 864, "current-dois": 215, "backfile-dois": 649}, "breakdowns": {"dois-by-issued-year": [[2014, 92], [2016, 89], [2020, 87], [2015, 85], [2019, 82], [2018, 76], [2017, 76], [2013, 69], [2012, 64], [2011, 49], [2021, 46], [2010, 40], [2009, 9]]}, "publisher": "\"The Korean Academy of Asthma, Allergy and Clinical Immunology and The Korean Academy of Pediatric Allergy and Respiratory Disease\"", "coverage": {"affiliations-current": 1.0, "similarity-checking-current": 1.0, "funders-backfile": 0.6009244918823242, "licenses-backfile": 1.0, "funders-current": 0.6976743936538696, "affiliations-backfile": 0.9953774809837341, "resource-links-backfile": 1.0, "orcids-backfile": 0.22033898532390594, "update-policies-current": 1.0, "open-references-backfile": 0.0, "orcids-current": 0.934883713722229, "similarity-checking-backfile": 1.0, "references-backfile": 0.9861325025558472, "award-numbers-backfile": 0.4514637887477875, "update-policies-backfile": 0.9969183206558228, "licenses-current": 1.0, "award-numbers-current": 0.5953488349914551, "abstracts-backfile": 0.0, "resource-links-current": 1.0, "abstracts-current": 0.0, "open-references-current": 0.0, "references-current": 0.9767441749572754}, "title": "Allergy Asthma and Immunology Research", "subjects": [{"name": "Immunology", "ASJC": 2403}, {"name": "Immunology and Allergy", "ASJC": 2723}, {"name": "Pulmonary and Respiratory Medicine", "ASJC": 2740}], "coverage-type": {"all": {"last-status-check-time": 1618998278838, "affiliations": 0.9953756928443909, "abstracts": 0.0, "orcids": 0.3976878523826599, "licenses": 0.9988439083099365, "references": 0.9826589822769165, "funders": 0.6242774724960327, "similarity-checking": 0.9988439083099365, "award-numbers": 0.4867052137851715, "update-policies": 0.9965317845344543, "resource-links": 0.9988439083099365, "open-references": 0.0}, "backfile": {"last-status-check-time": 1618998276000, "affiliations": 0.9953774809837341, "abstracts": 0.0, "orcids": 0.22033898532390594, "licenses": 1.0, "references": 0.9861325025558472, "funders": 0.6009244918823242, "similarity-checking": 1.0, "award-numbers": 0.4514637887477875, "update-policies": 0.9969183206558228, "resource-links": 1.0, "open-references": 0.0}, "current": {"last-status-check-time": 1618998236323, "affiliations": 1.0, "abstracts": 0.0, "orcids": 0.934883713722229, "licenses": 1.0, "references": 0.9767441749572754, "funders": 0.6976743936538696, "similarity-checking": 1.0, "award-numbers": 0.5953488349914551, "update-policies": 1.0, "resource-links": 1.0, "open-references": 0.0}}, "flags": {"deposits-abstracts-current": false, "deposits-orcids-current": true, "deposits": true, "deposits-affiliations-backfile": true, "deposits-update-policies-backfile": true, "deposits-similarity-checking-backfile": true, "deposits-award-numbers-current": true, "deposits-resource-links-current": true, "deposits-articles": true, "deposits-affiliations-current": true, "deposits-funders-current": true, "deposits-references-backfile": true, "deposits-abstracts-backfile": false, "deposits-licenses-backfile": true, "deposits-award-numbers-backfile": true, "deposits-open-references-backfile": false, "deposits-open-references-current": false, "deposits-references-current": true, "deposits-resource-links-backfile": true, "deposits-orcids-backfile": true, "deposits-funders-backfile": true, "deposits-update-policies-current": true, "deposits-similarity-checking-current": true, "deposits-licenses-current": true}, "ISSN": ["2092-7363", "2092-7355"], "issn-type": [{"value": "2092-7363", "type": "electronic"}, {"value": "2092-7355", "type": "print"}]}