{"last-status-check-time": 1620731188490, "counts": {"total-dois": 110, "current-dois": 47, "backfile-dois": 63}, "breakdowns": {"dois-by-issued-year": [[2021, 21], [2016, 20], [2015, 19], [2019, 16], [2018, 12], [2017, 12], [2020, 10]]}, "publisher": "Blanquerna - Universitat Ramon Llull", "coverage": {"affiliations-current": 0.0, "similarity-checking-current": 0.6595744490623474, "funders-backfile": 0.0, "licenses-backfile": 0.8730158805847168, "funders-current": 0.0, "affiliations-backfile": 0.0, "resource-links-backfile": 0.8730158805847168, "orcids-backfile": 0.4285714328289032, "update-policies-current": 0.0, "open-references-backfile": 1.0, "orcids-current": 0.44680851697921753, "similarity-checking-backfile": 0.8730158805847168, "references-backfile": 0.0, "award-numbers-backfile": 0.0, "update-policies-backfile": 0.0, "licenses-current": 0.914893627166748, "award-numbers-current": 0.0, "abstracts-backfile": 0.8571428656578064, "resource-links-current": 0.6595744490623474, "abstracts-current": 0.8510638475418091, "open-references-current": 1.0, "references-current": 0.0}, "title": "Aloma Revista de Psicologia Ci\u00e8ncies de l Educaci\u00f3 i de l Esport", "subjects": [], "coverage-type": {"all": {"last-status-check-time": 1620731181434, "affiliations": 0.0, "abstracts": 0.8545454740524292, "orcids": 0.4363636374473572, "licenses": 0.8909090757369995, "references": 0.0, "funders": 0.0, "similarity-checking": 0.7818182110786438, "award-numbers": 0.0, "update-policies": 0.0, "resource-links": 0.7818182110786438, "open-references": 1.0}, "backfile": {"last-status-check-time": 1620731179301, "affiliations": 0.0, "abstracts": 0.8571428656578064, "orcids": 0.4285714328289032, "licenses": 0.8730158805847168, "references": 0.0, "funders": 0.0, "similarity-checking": 0.8730158805847168, "award-numbers": 0.0, "update-policies": 0.0, "resource-links": 0.8730158805847168, "open-references": 1.0}, "current": {"last-status-check-time": 1620731177135, "affiliations": 0.0, "abstracts": 0.8510638475418091, "orcids": 0.44680851697921753, "licenses": 0.914893627166748, "references": 0.0, "funders": 0.0, "similarity-checking": 0.6595744490623474, "award-numbers": 0.0, "update-policies": 0.0, "resource-links": 0.6595744490623474, "open-references": 1.0}}, "flags": {"deposits-abstracts-current": true, "deposits-orcids-current": true, "deposits": true, "deposits-affiliations-backfile": false, "deposits-update-policies-backfile": false, "deposits-similarity-checking-backfile": true, "deposits-award-numbers-current": false, "deposits-resource-links-current": true, "deposits-articles": true, "deposits-affiliations-current": false, "deposits-funders-current": false, "deposits-references-backfile": false, "deposits-abstracts-backfile": true, "deposits-licenses-backfile": true, "deposits-award-numbers-backfile": false, "deposits-open-references-backfile": true, "deposits-open-references-current": true, "deposits-references-current": false, "deposits-resource-links-backfile": true, "deposits-orcids-backfile": true, "deposits-funders-backfile": false, "deposits-update-policies-current": false, "deposits-similarity-checking-current": true, "deposits-licenses-current": true}, "ISSN": ["2339-9694", "1138-3194"], "issn-type": [{"value": "2339-9694", "type": "electronic"}, {"value": "1138-3194", "type": "print"}]}