{"last-status-check-time": 1621299380054, "counts": {"total-dois": 1397, "current-dois": 498, "backfile-dois": 899}, "breakdowns": {"dois-by-issued-year": [[2017, 227], [2020, 218], [2019, 211], [2018, 194], [2016, 126], [2015, 85], [2014, 77], [2013, 74], [2021, 69], [2012, 69], [2011, 47]]}, "publisher": "Springer (Biomed Central Ltd.)", "coverage": {"affiliations-current": 0.0, "similarity-checking-current": 1.0, "funders-backfile": 0.49165740609169006, "licenses-backfile": 0.7764182686805725, "funders-current": 0.7449799180030823, "affiliations-backfile": 0.0, "resource-links-backfile": 0.7764182686805725, "orcids-backfile": 0.1979977786540985, "update-policies-current": 1.0, "open-references-backfile": 1.0, "orcids-current": 0.6044176816940308, "similarity-checking-backfile": 0.7808676362037659, "references-backfile": 0.9799777269363403, "award-numbers-backfile": 0.4360400438308716, "update-policies-backfile": 0.7664071321487427, "licenses-current": 1.0, "award-numbers-current": 0.6987951993942261, "abstracts-backfile": 0.0011123470030725002, "resource-links-current": 1.0, "abstracts-current": 0.5843373537063599, "open-references-current": 1.0, "references-current": 1.0}, "title": "AMB Express", "subjects": [{"name": "Biophysics", "ASJC": 1304}, {"name": "Applied Microbiology and Biotechnology", "ASJC": 2402}], "coverage-type": {"all": {"last-status-check-time": 1621299373080, "affiliations": 0.0, "abstracts": 0.2088698148727417, "orcids": 0.34263232350349426, "licenses": 0.8555078506469727, "references": 0.9864091277122498, "funders": 0.5815450549125671, "similarity-checking": 0.8583691120147705, "award-numbers": 0.5293276309967041, "update-policies": 0.8490700721740723, "resource-links": 0.8555078506469727, "open-references": 1.0}, "backfile": {"last-status-check-time": 1621299370772, "affiliations": 0.0, "abstracts": 0.0011123470030725002, "orcids": 0.1979977786540985, "licenses": 0.7764182686805725, "references": 0.9799777269363403, "funders": 0.49165740609169006, "similarity-checking": 0.7808676362037659, "award-numbers": 0.4360400438308716, "update-policies": 0.7664071321487427, "resource-links": 0.7764182686805725, "open-references": 1.0}, "current": {"last-status-check-time": 1621299368624, "affiliations": 0.0, "abstracts": 0.5843373537063599, "orcids": 0.6044176816940308, "licenses": 1.0, "references": 1.0, "funders": 0.7449799180030823, "similarity-checking": 1.0, "award-numbers": 0.6987951993942261, "update-policies": 1.0, "resource-links": 1.0, "open-references": 1.0}}, "flags": {"deposits-abstracts-current": true, "deposits-orcids-current": true, "deposits": true, "deposits-affiliations-backfile": false, "deposits-update-policies-backfile": true, "deposits-similarity-checking-backfile": true, "deposits-award-numbers-current": true, "deposits-resource-links-current": true, "deposits-articles": true, "deposits-affiliations-current": false, "deposits-funders-current": true, "deposits-references-backfile": true, "deposits-abstracts-backfile": true, "deposits-licenses-backfile": true, "deposits-award-numbers-backfile": true, "deposits-open-references-backfile": true, "deposits-open-references-current": true, "deposits-references-current": true, "deposits-resource-links-backfile": true, "deposits-orcids-backfile": true, "deposits-funders-backfile": true, "deposits-update-policies-current": true, "deposits-similarity-checking-current": true, "deposits-licenses-current": true}, "ISSN": ["2191-0855", "2191-0855"], "issn-type": [{"value": "2191-0855", "type": "electronic"}, {"value": "2191-0855", "type": "print"}]}