{"last-status-check-time": 1620733857723, "counts": {"total-dois": 1372, "current-dois": 189, "backfile-dois": 1183}, "breakdowns": {"dois-by-issued-year": [[2017, 91], [2019, 85], [2003, 83], [2020, 77], [2018, 76], [2016, 74], [2010, 73], [2002, 68], [2004, 65], [2015, 64], [2008, 62], [2009, 61], [2007, 57], [2001, 53], [2000, 53], [2014, 52], [2012, 52], [2011, 52], [2006, 51], [2005, 49], [2013, 47], [2021, 27]]}, "publisher": "Springer-Verlag", "coverage": {"affiliations-current": 0.0, "similarity-checking-current": 1.0, "funders-backfile": 0.04395604506134987, "licenses-backfile": 0.34995773434638977, "funders-current": 0.2539682686328888, "affiliations-backfile": 0.0, "resource-links-backfile": 0.34995773434638977, "orcids-backfile": 0.06255283206701279, "update-policies-current": 0.9788359999656677, "open-references-backfile": 1.0, "orcids-current": 0.6984127163887024, "similarity-checking-backfile": 0.34995773434638977, "references-backfile": 0.9044801592826843, "award-numbers-backfile": 0.023668639361858368, "update-policies-backfile": 0.2840236723423004, "licenses-current": 1.0, "award-numbers-current": 0.11640211939811707, "abstracts-backfile": 0.0, "resource-links-current": 1.0, "abstracts-current": 0.0, "open-references-current": 1.0, "references-current": 0.9629629850387573}, "title": "American Journal of Clinical Dermatology", "subjects": [{"name": "General Medicine", "ASJC": 2700}, {"name": "Dermatology", "ASJC": 2708}], "coverage-type": {"all": {"last-status-check-time": 1620733851024, "affiliations": 0.0, "abstracts": 0.0, "orcids": 0.15003640949726105, "licenses": 0.4391842782497406, "references": 0.9118717908859253, "funders": 0.07283321022987366, "similarity-checking": 0.4391842782497406, "award-numbers": 0.03641660511493683, "update-policies": 0.37946102023124695, "resource-links": 0.4391842782497406, "open-references": 1.0}, "backfile": {"last-status-check-time": 1620733848663, "affiliations": 0.0, "abstracts": 0.0, "orcids": 0.06255283206701279, "licenses": 0.34995773434638977, "references": 0.9044801592826843, "funders": 0.04395604506134987, "similarity-checking": 0.34995773434638977, "award-numbers": 0.023668639361858368, "update-policies": 0.2840236723423004, "resource-links": 0.34995773434638977, "open-references": 1.0}, "current": {"last-status-check-time": 1620733846487, "affiliations": 0.0, "abstracts": 0.0, "orcids": 0.6984127163887024, "licenses": 1.0, "references": 0.9629629850387573, "funders": 0.2539682686328888, "similarity-checking": 1.0, "award-numbers": 0.11640211939811707, "update-policies": 0.9788359999656677, "resource-links": 1.0, "open-references": 1.0}}, "flags": {"deposits-abstracts-current": false, "deposits-orcids-current": true, "deposits": true, "deposits-affiliations-backfile": false, "deposits-update-policies-backfile": true, "deposits-similarity-checking-backfile": true, "deposits-award-numbers-current": true, "deposits-resource-links-current": true, "deposits-articles": true, "deposits-affiliations-current": false, "deposits-funders-current": true, "deposits-references-backfile": true, "deposits-abstracts-backfile": false, "deposits-licenses-backfile": true, "deposits-award-numbers-backfile": true, "deposits-open-references-backfile": true, "deposits-open-references-current": true, "deposits-references-current": true, "deposits-resource-links-backfile": true, "deposits-orcids-backfile": true, "deposits-funders-backfile": true, "deposits-update-policies-current": true, "deposits-similarity-checking-current": true, "deposits-licenses-current": true}, "ISSN": ["1179-1888", "1175-0561"], "issn-type": [{"value": "1179-1888", "type": "electronic"}, {"value": "1175-0561", "type": "print"}]}