{"last-status-check-time": 1621155123464, "counts": {"total-dois": 9461, "current-dois": 635, "backfile-dois": 8826}, "breakdowns": {"dois-by-issued-year": [[2010, 620], [2011, 612], [2001, 513], [2012, 500], [2009, 499], [2002, 495], [2003, 484], [2000, 456], [2013, 454], [1999, 447], [2004, 433], [2007, 398], [2006, 396], [2014, 358], [2008, 349], [2015, 340], [2005, 338], [2016, 333], [2018, 293], [2017, 291], [2020, 250], [2019, 248], [1998, 217], [2021, 137]]}, "publisher": "Elsevier ", "coverage": {"affiliations-current": 0.0, "similarity-checking-current": 0.0, "funders-backfile": 0.29027873277664185, "licenses-backfile": 1.0, "funders-current": 0.7385826706886292, "affiliations-backfile": 0.0, "resource-links-backfile": 1.0, "orcids-backfile": 0.0258327666670084, "update-policies-current": 0.8204724192619324, "open-references-backfile": 1.0, "orcids-current": 0.5370078682899475, "similarity-checking-backfile": 0.0, "references-backfile": 0.9404033422470093, "award-numbers-backfile": 0.24643099308013916, "update-policies-backfile": 0.12859731912612915, "licenses-current": 1.0, "award-numbers-current": 0.4393700659275055, "abstracts-backfile": 0.0, "resource-links-current": 1.0, "abstracts-current": 0.0, "open-references-current": 1.0, "references-current": 0.8031495809555054}, "title": "American Journal Of Pathology", "subjects": [{"name": "Pathology and Forensic Medicine", "ASJC": 2734}], "coverage-type": {"all": {"last-status-check-time": 1621155116498, "affiliations": 0.0, "abstracts": 0.0, "orcids": 0.06013527885079384, "licenses": 0.9998943209648132, "references": 0.9310927987098694, "funders": 0.32033395767211914, "similarity-checking": 0.0, "award-numbers": 0.2593531906604767, "update-policies": 0.17501585185527802, "resource-links": 0.9998943209648132, "open-references": 1.0}, "backfile": {"last-status-check-time": 1621155114202, "affiliations": 0.0, "abstracts": 0.0, "orcids": 0.0258327666670084, "licenses": 1.0, "references": 0.9404033422470093, "funders": 0.29027873277664185, "similarity-checking": 0.0, "award-numbers": 0.24643099308013916, "update-policies": 0.12859731912612915, "resource-links": 1.0, "open-references": 1.0}, "current": {"last-status-check-time": 1621155111992, "affiliations": 0.0, "abstracts": 0.0, "orcids": 0.5370078682899475, "licenses": 1.0, "references": 0.8031495809555054, "funders": 0.7385826706886292, "similarity-checking": 0.0, "award-numbers": 0.4393700659275055, "update-policies": 0.8204724192619324, "resource-links": 1.0, "open-references": 1.0}}, "flags": {"deposits-abstracts-current": false, "deposits-orcids-current": true, "deposits": true, "deposits-affiliations-backfile": false, "deposits-update-policies-backfile": true, "deposits-similarity-checking-backfile": false, "deposits-award-numbers-current": true, "deposits-resource-links-current": true, "deposits-articles": true, "deposits-affiliations-current": false, "deposits-funders-current": true, "deposits-references-backfile": true, "deposits-abstracts-backfile": false, "deposits-licenses-backfile": true, "deposits-award-numbers-backfile": true, "deposits-open-references-backfile": true, "deposits-open-references-current": true, "deposits-references-current": true, "deposits-resource-links-backfile": true, "deposits-orcids-backfile": true, "deposits-funders-backfile": true, "deposits-update-policies-current": true, "deposits-similarity-checking-current": false, "deposits-licenses-current": true}, "ISSN": ["1525-2191", "0002-9440"], "issn-type": [{"value": "1525-2191", "type": "electronic"}, {"value": "0002-9440", "type": "print"}]}