{"last-status-check-time": 1621155262148, "counts": {"total-dois": 27009, "current-dois": 491, "backfile-dois": 26518}, "breakdowns": {"dois-by-issued-year": [[1932, 390], [1935, 379], [1929, 378], [1930, 350], [1989, 333], [1934, 333], [1940, 326], [1931, 326], [1933, 321], [1939, 319], [1936, 310], [1927, 306], [1938, 299], [1993, 298], [1937, 288], [1998, 287], [1974, 286], [1928, 286], [1956, 283], [1961, 278], [1941, 277], [1996, 276], [1965, 276], [1926, 276], [1964, 272], [1999, 271], [1976, 269], [1978, 268], [1991, 266], [1975, 266], [1997, 265], [1977, 265], [1988, 264], [1987, 262], [2009, 258], [1994, 258], [1942, 257], [1992, 254], [1986, 253], [1962, 252], [2019, 251], [1990, 249], [1980, 248], [1973, 246], [1979, 245], [1958, 245], [1971, 240], [1957, 240], [1983, 239], [1982, 239], [1959, 239], [2010, 233], [1981, 230], [1972, 229], [1985, 228], [1963, 228], [1966, 227], [2003, 224], [1951, 222], [1943, 220], [1984, 219], [2002, 217], [2001, 214], [2000, 214], [1954, 213], [1952, 213], [2020, 211], [2006, 210], [2008, 209], [2004, 208], [1955, 208], [1950, 207], [1946, 204], [1948, 203], [1945, 203], [1949, 202], [1944, 202], [1953, 201], [1925, 201], [2005, 200], [1995, 197], [2014, 196], [2011, 196], [2018, 194], [2007, 194], [2015, 191], [1921, 190], [2016, 188], [1967, 188], [1960, 188], [2013, 187], [1970, 181], [1968, 178], [1947, 175], [1969, 173], [2017, 172], [2012, 169], [1913, 169], [1918, 161], [1920, 148], [1923, 135], [1912, 135], [1919, 133], [1917, 133], [1916, 132], [1914, 131], [1915, 123], [1922, 120], [1910, 116], [1896, 113], [1924, 112], [1908, 112], [1905, 110], [1906, 107], [1898, 105], [1909, 103], [1900, 95], [1899, 95], [1911, 94], [1907, 93], [1901, 93], [1904, 92], [1897, 92], [1903, 89], [1902, 84], [1895, 36], [2021, 29]]}, "publisher": "The University of Chicago Press", "coverage": {"affiliations-current": 0.0, "similarity-checking-current": 1.0, "funders-backfile": 0.0, "licenses-backfile": 0.0, "funders-current": 0.0, "affiliations-backfile": 7.542046660091728e-05, "resource-links-backfile": 0.0, "orcids-backfile": 0.0, "update-policies-current": 0.0, "open-references-backfile": 0.0, "orcids-current": 0.0, "similarity-checking-backfile": 0.9733765721321106, "references-backfile": 0.031374916434288025, "award-numbers-backfile": 0.0, "update-policies-backfile": 0.0, "licenses-current": 0.0, "award-numbers-current": 0.0, "abstracts-backfile": 0.0, "resource-links-current": 0.0, "abstracts-current": 0.0, "open-references-current": 0.0, "references-current": 0.12830957770347595}, "title": "American Journal of Sociology", "subjects": [{"name": "Sociology and Political Science", "ASJC": 3312}], "coverage-type": {"all": {"last-status-check-time": 1621155255263, "affiliations": 7.404939242405817e-05, "abstracts": 0.0, "orcids": 0.0, "licenses": 0.0, "references": 0.03313710168004036, "funders": 0.0, "similarity-checking": 0.9738605618476868, "award-numbers": 0.0, "update-policies": 0.0, "resource-links": 0.0, "open-references": 0.0}, "backfile": {"last-status-check-time": 1621155252986, "affiliations": 7.542046660091728e-05, "abstracts": 0.0, "orcids": 0.0, "licenses": 0.0, "references": 0.031374916434288025, "funders": 0.0, "similarity-checking": 0.9733765721321106, "award-numbers": 0.0, "update-policies": 0.0, "resource-links": 0.0, "open-references": 0.0}, "current": {"last-status-check-time": 1621155250811, "affiliations": 0.0, "abstracts": 0.0, "orcids": 0.0, "licenses": 0.0, "references": 0.12830957770347595, "funders": 0.0, "similarity-checking": 1.0, "award-numbers": 0.0, "update-policies": 0.0, "resource-links": 0.0, "open-references": 0.0}}, "flags": {"deposits-abstracts-current": false, "deposits-orcids-current": false, "deposits": true, "deposits-affiliations-backfile": true, "deposits-update-policies-backfile": false, "deposits-similarity-checking-backfile": true, "deposits-award-numbers-current": false, "deposits-resource-links-current": false, "deposits-articles": true, "deposits-affiliations-current": false, "deposits-funders-current": false, "deposits-references-backfile": true, "deposits-abstracts-backfile": false, "deposits-licenses-backfile": false, "deposits-award-numbers-backfile": false, "deposits-open-references-backfile": false, "deposits-open-references-current": false, "deposits-references-current": true, "deposits-resource-links-backfile": false, "deposits-orcids-backfile": false, "deposits-funders-backfile": false, "deposits-update-policies-current": false, "deposits-similarity-checking-current": true, "deposits-licenses-current": false}, "ISSN": ["1537-5390", "0002-9602"], "issn-type": [{"value": "1537-5390", "type": "electronic"}, {"value": "0002-9602", "type": "print"}]}