{"last-status-check-time": 1620986920203, "counts": {"total-dois": 170, "current-dois": 50, "backfile-dois": 120}, "breakdowns": {"dois-by-issued-year": [[2017, 29], [2019, 26], [2016, 26], [2020, 24], [2018, 22], [2014, 14], [2015, 13], [2012, 10], [2013, 6]]}, "publisher": "De Gruyter Open Sp. z o.o. ", "coverage": {"affiliations-current": 0.9800000190734863, "similarity-checking-current": 1.0, "funders-backfile": 0.0, "licenses-backfile": 0.824999988079071, "funders-current": 0.0, "affiliations-backfile": 0.2916666567325592, "resource-links-backfile": 0.7749999761581421, "orcids-backfile": 0.0, "update-policies-current": 0.0, "open-references-backfile": 1.0, "orcids-current": 0.0, "similarity-checking-backfile": 0.875, "references-backfile": 0.34166666865348816, "award-numbers-backfile": 0.0, "update-policies-backfile": 0.0, "licenses-current": 1.0, "award-numbers-current": 0.0, "abstracts-backfile": 0.699999988079071, "resource-links-current": 0.7400000095367432, "abstracts-current": 0.699999988079071, "open-references-current": 1.0, "references-current": 0.8399999737739563}, "title": "American British and Canadian Studies", "subjects": [], "coverage-type": {"all": {"last-status-check-time": 1620986911164, "affiliations": 0.4941176474094391, "abstracts": 0.699999988079071, "orcids": 0.0, "licenses": 0.8764705657958984, "references": 0.4882352948188782, "funders": 0.0, "similarity-checking": 0.9117646813392639, "award-numbers": 0.0, "update-policies": 0.0, "resource-links": 0.7647058963775635, "open-references": 1.0}, "backfile": {"last-status-check-time": 1620986908342, "affiliations": 0.2916666567325592, "abstracts": 0.699999988079071, "orcids": 0.0, "licenses": 0.824999988079071, "references": 0.34166666865348816, "funders": 0.0, "similarity-checking": 0.875, "award-numbers": 0.0, "update-policies": 0.0, "resource-links": 0.7749999761581421, "open-references": 1.0}, "current": {"last-status-check-time": 1620986905802, "affiliations": 0.9800000190734863, "abstracts": 0.699999988079071, "orcids": 0.0, "licenses": 1.0, "references": 0.8399999737739563, "funders": 0.0, "similarity-checking": 1.0, "award-numbers": 0.0, "update-policies": 0.0, "resource-links": 0.7400000095367432, "open-references": 1.0}}, "flags": {"deposits-abstracts-current": true, "deposits-orcids-current": false, "deposits": true, "deposits-affiliations-backfile": true, "deposits-update-policies-backfile": false, "deposits-similarity-checking-backfile": true, "deposits-award-numbers-current": false, "deposits-resource-links-current": true, "deposits-articles": true, "deposits-affiliations-current": true, "deposits-funders-current": false, "deposits-references-backfile": true, "deposits-abstracts-backfile": true, "deposits-licenses-backfile": true, "deposits-award-numbers-backfile": false, "deposits-open-references-backfile": true, "deposits-open-references-current": true, "deposits-references-current": true, "deposits-resource-links-backfile": true, "deposits-orcids-backfile": false, "deposits-funders-backfile": false, "deposits-update-policies-current": false, "deposits-similarity-checking-current": true, "deposits-licenses-current": true}, "ISSN": ["1841-964X", "1841-964X"], "issn-type": [{"value": "1841-964X", "type": "electronic"}, {"value": "1841-964X", "type": "print"}]}