{"last-status-check-time": 1620877137197, "counts": {"total-dois": 9571, "current-dois": 1356, "backfile-dois": 8215}, "breakdowns": {"dois-by-issued-year": [[2020, 662], [2015, 558], [2016, 557], [2013, 556], [2011, 532], [2018, 528], [2012, 506], [2007, 496], [2017, 491], [2006, 481], [2014, 478], [2019, 477], [2010, 476], [2005, 475], [2009, 453], [2008, 430], [2004, 405], [2003, 316], [2002, 224], [2021, 217], [2001, 80], [1994, 25], [1996, 24], [1999, 20], [2000, 17], [1998, 16], [1997, 16], [1992, 15], [1991, 14], [1993, 13], [1990, 10], [1995, 3]]}, "publisher": "Wiley (Blackwell Publishing)", "coverage": {"affiliations-current": 0.8724188804626465, "similarity-checking-current": 0.9741888046264648, "funders-backfile": 0.12696287035942078, "licenses-backfile": 0.9908703565597534, "funders-current": 0.32300883531570435, "affiliations-backfile": 0.3536214232444763, "resource-links-backfile": 0.9894096255302429, "orcids-backfile": 0.04260499030351639, "update-policies-current": 0.9446902871131897, "open-references-backfile": 1.0, "orcids-current": 0.76474928855896, "similarity-checking-backfile": 0.7858794927597046, "references-backfile": 0.8617163896560669, "award-numbers-backfile": 0.08934875577688217, "update-policies-backfile": 0.017285453155636787, "licenses-current": 0.9741888046264648, "award-numbers-current": 0.24926254153251648, "abstracts-backfile": 0.0, "resource-links-current": 0.9741888046264648, "abstracts-current": 0.0, "open-references-current": 1.0, "references-current": 0.8399705290794373}, "title": "American Journal of Transplantation", "subjects": [{"name": "Immunology and Allergy", "ASJC": 2723}, {"name": "Pharmacology (medical)", "ASJC": 2736}, {"name": "Transplantation", "ASJC": 2747}], "coverage-type": {"all": {"last-status-check-time": 1620877130447, "affiliations": 0.4270789921283722, "abstracts": 0.0, "orcids": 0.1449017971754074, "licenses": 0.9884036779403687, "references": 0.8585457801818848, "funders": 0.15472210943698883, "similarity-checking": 0.8124738931655884, "award-numbers": 0.11199331283569336, "update-policies": 0.1486627608537674, "resource-links": 0.9871500134468079, "open-references": 1.0}, "backfile": {"last-status-check-time": 1620877128140, "affiliations": 0.3536214232444763, "abstracts": 0.0, "orcids": 0.04260499030351639, "licenses": 0.9908703565597534, "references": 0.8617163896560669, "funders": 0.12696287035942078, "similarity-checking": 0.7858794927597046, "award-numbers": 0.08934875577688217, "update-policies": 0.017285453155636787, "resource-links": 0.9894096255302429, "open-references": 1.0}, "current": {"last-status-check-time": 1620877125956, "affiliations": 0.8724188804626465, "abstracts": 0.0, "orcids": 0.76474928855896, "licenses": 0.9741888046264648, "references": 0.8399705290794373, "funders": 0.32300883531570435, "similarity-checking": 0.9741888046264648, "award-numbers": 0.24926254153251648, "update-policies": 0.9446902871131897, "resource-links": 0.9741888046264648, "open-references": 1.0}}, "flags": {"deposits-abstracts-current": false, "deposits-orcids-current": true, "deposits": true, "deposits-affiliations-backfile": true, "deposits-update-policies-backfile": true, "deposits-similarity-checking-backfile": true, "deposits-award-numbers-current": true, "deposits-resource-links-current": true, "deposits-articles": true, "deposits-affiliations-current": true, "deposits-funders-current": true, "deposits-references-backfile": true, "deposits-abstracts-backfile": false, "deposits-licenses-backfile": true, "deposits-award-numbers-backfile": true, "deposits-open-references-backfile": true, "deposits-open-references-current": true, "deposits-references-current": true, "deposits-resource-links-backfile": true, "deposits-orcids-backfile": true, "deposits-funders-backfile": true, "deposits-update-policies-current": true, "deposits-similarity-checking-current": true, "deposits-licenses-current": true}, "ISSN": ["1600-6143", "1600-6135"], "issn-type": [{"value": "1600-6143", "type": "electronic"}, {"value": "1600-6135", "type": "print"}]}