{"last-status-check-time": 1621154917298, "counts": {"total-dois": 28067, "current-dois": 1286, "backfile-dois": 26781}, "breakdowns": {"dois-by-issued-year": [[2018, 1008], [2012, 924], [2015, 745], [2020, 602], [2014, 556], [2016, 535], [2019, 525], [2013, 466], [1990, 424], [1984, 419], [1986, 410], [1991, 405], [1982, 404], [1983, 394], [1981, 392], [1994, 387], [1988, 379], [1966, 379], [1955, 378], [1989, 374], [1987, 373], [1980, 373], [1985, 371], [1979, 357], [1995, 347], [1969, 347], [1968, 343], [1956, 342], [1972, 334], [1993, 333], [1971, 333], [1992, 327], [1996, 326], [1974, 322], [1965, 321], [1973, 320], [1978, 319], [1967, 313], [1952, 309], [1977, 308], [1970, 304], [1964, 302], [1998, 299], [1975, 299], [1954, 299], [1959, 297], [1958, 294], [1951, 293], [1963, 287], [1997, 284], [1976, 283], [1957, 283], [1950, 281], [1999, 279], [1962, 279], [1949, 279], [1960, 271], [2003, 266], [1961, 255], [2010, 253], [2009, 245], [1948, 245], [1953, 241], [2011, 233], [1947, 233], [1942, 229], [1946, 223], [1945, 223], [2008, 222], [2007, 222], [2002, 221], [2005, 219], [2006, 217], [2004, 213], [2017, 212], [1940, 211], [2001, 208], [1938, 208], [2000, 194], [1939, 180], [1941, 179], [1943, 174], [2021, 159], [1937, 130], [1944, 115], [1935, 79], [1936, 76], [1933, 68], [1932, 65], [1931, 59], [1934, 53]]}, "publisher": "Oxford University Press", "coverage": {"affiliations-current": 0.9401243925094604, "similarity-checking-current": 0.9494556784629822, "funders-backfile": 0.001866995240561664, "licenses-backfile": 0.019790150225162506, "funders-current": 0.09486781060695648, "affiliations-backfile": 0.2797132432460785, "resource-links-backfile": 0.0, "orcids-backfile": 0.002613793360069394, "update-policies-current": 0.0, "open-references-backfile": 1.0, "orcids-current": 0.20684292912483215, "similarity-checking-backfile": 0.9943243265151978, "references-backfile": 0.12355774641036987, "award-numbers-backfile": 0.001306896680034697, "update-policies-backfile": 0.0, "licenses-current": 0.9393467903137207, "award-numbers-current": 0.046656299382448196, "abstracts-backfile": 0.0006721182726323605, "resource-links-current": 0.0, "abstracts-current": 0.8724727630615234, "open-references-current": 1.0, "references-current": 0.38491445779800415}, "title": "American Journal of Clinical Pathology", "subjects": [{"name": "General Medicine", "ASJC": 2700}], "coverage-type": {"all": {"last-status-check-time": 1621154910430, "affiliations": 0.3099725544452667, "abstracts": 0.040617093443870544, "orcids": 0.011971354484558105, "licenses": 0.061923254281282425, "references": 0.13553282618522644, "funders": 0.006128193344920874, "similarity-checking": 0.9922685027122498, "award-numbers": 0.003384757786989212, "update-policies": 0.0, "resource-links": 0.0, "open-references": 1.0}, "backfile": {"last-status-check-time": 1621154908108, "affiliations": 0.2797132432460785, "abstracts": 0.0006721182726323605, "orcids": 0.002613793360069394, "licenses": 0.019790150225162506, "references": 0.12355774641036987, "funders": 0.001866995240561664, "similarity-checking": 0.9943243265151978, "award-numbers": 0.001306896680034697, "update-policies": 0.0, "resource-links": 0.0, "open-references": 1.0}, "current": {"last-status-check-time": 1621154905730, "affiliations": 0.9401243925094604, "abstracts": 0.8724727630615234, "orcids": 0.20684292912483215, "licenses": 0.9393467903137207, "references": 0.38491445779800415, "funders": 0.09486781060695648, "similarity-checking": 0.9494556784629822, "award-numbers": 0.046656299382448196, "update-policies": 0.0, "resource-links": 0.0, "open-references": 1.0}}, "flags": {"deposits-abstracts-current": true, "deposits-orcids-current": true, "deposits": true, "deposits-affiliations-backfile": true, "deposits-update-policies-backfile": false, "deposits-similarity-checking-backfile": true, "deposits-award-numbers-current": true, "deposits-resource-links-current": false, "deposits-articles": true, "deposits-affiliations-current": true, "deposits-funders-current": true, "deposits-references-backfile": true, "deposits-abstracts-backfile": true, "deposits-licenses-backfile": true, "deposits-award-numbers-backfile": true, "deposits-open-references-backfile": true, "deposits-open-references-current": true, "deposits-references-current": true, "deposits-resource-links-backfile": false, "deposits-orcids-backfile": true, "deposits-funders-backfile": true, "deposits-update-policies-current": false, "deposits-similarity-checking-current": true, "deposits-licenses-current": true}, "ISSN": ["1943-7722", "0002-9173"], "issn-type": [{"value": "1943-7722", "type": "electronic"}, {"value": "0002-9173", "type": "print"}]}