{"last-status-check-time": 1618741367311, "counts": {"total-dois": 3369, "current-dois": 452, "backfile-dois": 2917}, "breakdowns": {"dois-by-issued-year": [[2011, 296], [2017, 276], [2013, 255], [2016, 242], [2015, 236], [2018, 219], [2014, 202], [2005, 202], [2012, 193], [2019, 183], [2020, 182], [2010, 171], [2009, 129], [2006, 107], [2008, 97], [2007, 92], [2021, 87], [2004, 87], [2003, 84], [2002, 29]]}, "publisher": "Elsevier ", "coverage": {"affiliations-current": 0.27212390303611755, "similarity-checking-current": 0.2743362784385681, "funders-backfile": 0.0, "licenses-backfile": 0.0, "funders-current": 0.07743363082408905, "affiliations-backfile": 0.8782995939254761, "resource-links-backfile": 0.0, "orcids-backfile": 0.04765169695019722, "update-policies-current": 0.5265486836433411, "open-references-backfile": 1.0, "orcids-current": 0.991150438785553, "similarity-checking-backfile": 0.9880013465881348, "references-backfile": 0.8947548866271973, "award-numbers-backfile": 0.0, "update-policies-backfile": 0.0, "licenses-current": 0.8517699241638184, "award-numbers-current": 0.02654867246747017, "abstracts-backfile": 0.4847446084022522, "resource-links-current": 0.7256637215614319, "abstracts-current": 0.0, "open-references-current": 1.0, "references-current": 0.98893803358078}, "title": "Anais Brasileiros de Dermatologia", "subjects": [{"name": "Dermatology", "ASJC": 2708}], "coverage-type": {"all": {"last-status-check-time": 1618741359554, "affiliations": 0.796972393989563, "abstracts": 0.41970911622047424, "orcids": 0.17423567175865173, "licenses": 0.11427723616361618, "references": 0.9073908925056458, "funders": 0.010388839058578014, "similarity-checking": 0.8922529220581055, "award-numbers": 0.003561887890100479, "update-policies": 0.07064411044120789, "resource-links": 0.09735826402902603, "open-references": 1.0}, "backfile": {"last-status-check-time": 1618741357107, "affiliations": 0.8782995939254761, "abstracts": 0.4847446084022522, "orcids": 0.04765169695019722, "licenses": 0.0, "references": 0.8947548866271973, "funders": 0.0, "similarity-checking": 0.9880013465881348, "award-numbers": 0.0, "update-policies": 0.0, "resource-links": 0.0, "open-references": 1.0}, "current": {"last-status-check-time": 1618741354734, "affiliations": 0.27212390303611755, "abstracts": 0.0, "orcids": 0.991150438785553, "licenses": 0.8517699241638184, "references": 0.98893803358078, "funders": 0.07743363082408905, "similarity-checking": 0.2743362784385681, "award-numbers": 0.02654867246747017, "update-policies": 0.5265486836433411, "resource-links": 0.7256637215614319, "open-references": 1.0}}, "flags": {"deposits-abstracts-current": false, "deposits-orcids-current": true, "deposits": true, "deposits-affiliations-backfile": true, "deposits-update-policies-backfile": false, "deposits-similarity-checking-backfile": true, "deposits-award-numbers-current": true, "deposits-resource-links-current": true, "deposits-articles": true, "deposits-affiliations-current": true, "deposits-funders-current": true, "deposits-references-backfile": true, "deposits-abstracts-backfile": true, "deposits-licenses-backfile": false, "deposits-award-numbers-backfile": false, "deposits-open-references-backfile": true, "deposits-open-references-current": true, "deposits-references-current": true, "deposits-resource-links-backfile": false, "deposits-orcids-backfile": true, "deposits-funders-backfile": false, "deposits-update-policies-current": true, "deposits-similarity-checking-current": true, "deposits-licenses-current": true}, "ISSN": ["0365-0596", "0365-0596"], "issn-type": [{"value": "0365-0596", "type": "electronic"}, {"value": "0365-0596", "type": "print"}]}