{"last-status-check-time": 1618760074290, "counts": {"total-dois": 417, "current-dois": 90, "backfile-dois": 327}, "breakdowns": {"dois-by-issued-year": [[2020, 74], [1999, 43], [2018, 17], [2016, 17], [2014, 17], [2013, 17], [2012, 17], [2009, 17], [2005, 17], [1998, 17], [1997, 17], [2019, 16], [2017, 16], [2010, 16], [2008, 16], [2007, 14], [2006, 14], [2004, 14], [2011, 13], [2015, 12], [1994, 12], [1993, 1], [1992, 1], [1991, 1], [1990, 1]]}, "publisher": "Editorial CSIC", "coverage": {"affiliations-current": 0.0, "similarity-checking-current": 0.9777777791023254, "funders-backfile": 0.0, "licenses-backfile": 0.7492354512214661, "funders-current": 0.03333333507180214, "affiliations-backfile": 0.0, "resource-links-backfile": 0.7492354512214661, "orcids-backfile": 0.0917431190609932, "update-policies-current": 0.0, "open-references-backfile": 1.0, "orcids-current": 0.3444444537162781, "similarity-checking-backfile": 0.9296635985374451, "references-backfile": 0.29357796907424927, "award-numbers-backfile": 0.0, "update-policies-backfile": 0.0, "licenses-current": 0.9777777791023254, "award-numbers-current": 0.02222222276031971, "abstracts-backfile": 0.6177369952201843, "resource-links-current": 0.9777777791023254, "abstracts-current": 0.855555534362793, "open-references-current": 1.0, "references-current": 0.15555556118488312}, "title": "Anales Cervantinos", "subjects": [{"name": "Language and Linguistics", "ASJC": 1203}, {"name": "Literature and Literary Theory", "ASJC": 1208}, {"name": "Linguistics and Language", "ASJC": 3310}], "coverage-type": {"all": {"last-status-check-time": 1618760066496, "affiliations": 0.0, "abstracts": 0.6674641370773315, "orcids": 0.14593301713466644, "licenses": 0.7966507077217102, "references": 0.2631579041481018, "funders": 0.007177033461630344, "similarity-checking": 0.9377990365028381, "award-numbers": 0.0047846888191998005, "update-policies": 0.0, "resource-links": 0.7966507077217102, "open-references": 1.0}, "backfile": {"last-status-check-time": 1618760064183, "affiliations": 0.0, "abstracts": 0.6177369952201843, "orcids": 0.0917431190609932, "licenses": 0.7492354512214661, "references": 0.29357796907424927, "funders": 0.0, "similarity-checking": 0.9296635985374451, "award-numbers": 0.0, "update-policies": 0.0, "resource-links": 0.7492354512214661, "open-references": 1.0}, "current": {"last-status-check-time": 1618760061568, "affiliations": 0.0, "abstracts": 0.855555534362793, "orcids": 0.3444444537162781, "licenses": 0.9777777791023254, "references": 0.15555556118488312, "funders": 0.03333333507180214, "similarity-checking": 0.9777777791023254, "award-numbers": 0.02222222276031971, "update-policies": 0.0, "resource-links": 0.9777777791023254, "open-references": 1.0}}, "flags": {"deposits-abstracts-current": true, "deposits-orcids-current": true, "deposits": true, "deposits-affiliations-backfile": false, "deposits-update-policies-backfile": false, "deposits-similarity-checking-backfile": true, "deposits-award-numbers-current": true, "deposits-resource-links-current": true, "deposits-articles": true, "deposits-affiliations-current": false, "deposits-funders-current": true, "deposits-references-backfile": true, "deposits-abstracts-backfile": true, "deposits-licenses-backfile": true, "deposits-award-numbers-backfile": false, "deposits-open-references-backfile": true, "deposits-open-references-current": true, "deposits-references-current": true, "deposits-resource-links-backfile": true, "deposits-orcids-backfile": true, "deposits-funders-backfile": false, "deposits-update-policies-current": false, "deposits-similarity-checking-current": true, "deposits-licenses-current": true}, "ISSN": ["1988-8325", "0569-9878"], "issn-type": [{"value": "1988-8325", "type": "electronic"}, {"value": "0569-9878", "type": "print"}]}