{"last-status-check-time": 1620734323691, "counts": {"total-dois": 111, "current-dois": 0, "backfile-dois": 111}, "breakdowns": {"dois-by-issued-year": [[2007, 17], [2008, 14], [2014, 11], [2011, 11], [2013, 10], [2016, 9], [2015, 9], [2012, 7], [2017, 6], [2010, 6], [2018, 5], [2009, 3], [2006, 3]]}, "publisher": "\"Libertas Academica, Ltd.\"", "coverage": {"affiliations-current": 0, "similarity-checking-current": 0, "funders-backfile": 0.0, "licenses-backfile": 0.8918918967247009, "funders-current": 0, "affiliations-backfile": 0.8918918967247009, "resource-links-backfile": 0.8918918967247009, "orcids-backfile": 0.009009009227156639, "update-policies-current": 0, "open-references-backfile": 0.12612612545490265, "orcids-current": 0, "similarity-checking-backfile": 0.8918918967247009, "references-backfile": 0.8828828930854797, "award-numbers-backfile": 0.0, "update-policies-backfile": 0.5135135054588318, "licenses-current": 0, "award-numbers-current": 0, "abstracts-backfile": 0.8828828930854797, "resource-links-current": 0, "abstracts-current": 0, "open-references-current": 0, "references-current": 0}, "title": "Analytical Chemistry Insights", "subjects": [{"name": "Biochemistry", "ASJC": 1303}, {"name": "Analytical Chemistry", "ASJC": 1602}, {"name": "Medical Laboratory Technology", "ASJC": 3607}], "coverage-type": {"all": {"last-status-check-time": 1620734316752, "affiliations": 0.8839285969734192, "abstracts": 0.875, "orcids": 0.008928571827709675, "licenses": 0.8839285969734192, "references": 0.875, "funders": 0.0, "similarity-checking": 0.8839285969734192, "award-numbers": 0.0, "update-policies": 0.5089285969734192, "resource-links": 0.8839285969734192, "open-references": 0.125}, "backfile": {"last-status-check-time": 1620734314306, "affiliations": 0.8918918967247009, "abstracts": 0.8828828930854797, "orcids": 0.009009009227156639, "licenses": 0.8918918967247009, "references": 0.8828828930854797, "funders": 0.0, "similarity-checking": 0.8918918967247009, "award-numbers": 0.0, "update-policies": 0.5135135054588318, "resource-links": 0.8918918967247009, "open-references": 0.12612612545490265}, "current": {"last-status-check-time": 1620734312182, "affiliations": 0, "abstracts": 0, "orcids": 0, "licenses": 0, "references": 0, "funders": 0, "similarity-checking": 0, "award-numbers": 0, "update-policies": 0, "resource-links": 0, "open-references": 0}}, "flags": {"deposits-abstracts-current": false, "deposits-orcids-current": false, "deposits": true, "deposits-affiliations-backfile": true, "deposits-update-policies-backfile": true, "deposits-similarity-checking-backfile": true, "deposits-award-numbers-current": false, "deposits-resource-links-current": false, "deposits-articles": true, "deposits-affiliations-current": false, "deposits-funders-current": false, "deposits-references-backfile": true, "deposits-abstracts-backfile": true, "deposits-licenses-backfile": true, "deposits-award-numbers-backfile": false, "deposits-open-references-backfile": true, "deposits-open-references-current": false, "deposits-references-current": false, "deposits-resource-links-backfile": true, "deposits-orcids-backfile": true, "deposits-funders-backfile": false, "deposits-update-policies-current": false, "deposits-similarity-checking-current": false, "deposits-licenses-current": false}, "ISSN": ["1177-3901", "1177-3901"], "issn-type": [{"value": "1177-3901", "type": "electronic"}, {"value": "1177-3901", "type": "print"}]}