{"last-status-check-time": 1618978080888, "counts": {"total-dois": 180, "current-dois": 42, "backfile-dois": 138}, "breakdowns": {"dois-by-issued-year": [[2012, 43], [2020, 24], [2011, 20], [2014, 17], [2018, 13], [2013, 13], [2015, 12], [2016, 11], [2021, 10], [2019, 8], [2010, 5], [2017, 4]]}, "publisher": "Hindawi Limited", "coverage": {"affiliations-current": 1.0, "similarity-checking-current": 1.0, "funders-backfile": 0.3478260934352875, "licenses-backfile": 1.0, "funders-current": 0.4047619104385376, "affiliations-backfile": 0.9927536249160767, "resource-links-backfile": 1.0, "orcids-backfile": 0.39855071902275085, "update-policies-current": 0.0, "open-references-backfile": 1.0, "orcids-current": 1.0, "similarity-checking-backfile": 1.0, "references-backfile": 0.9855072498321533, "award-numbers-backfile": 0.08695652335882187, "update-policies-backfile": 0.0, "licenses-current": 1.0, "award-numbers-current": 0.02380952425301075, "abstracts-backfile": 0.9420289993286133, "resource-links-current": 1.0, "abstracts-current": 0.976190447807312, "open-references-current": 1.0, "references-current": 1.0}, "title": "Anemia", "subjects": [{"name": "Cell Biology", "ASJC": 1307}, {"name": "Hematology", "ASJC": 2720}], "coverage-type": {"all": {"last-status-check-time": 1618978073722, "affiliations": 0.9835164546966553, "abstracts": 0.9395604133605957, "orcids": 0.5329670310020447, "licenses": 0.9890109896659851, "references": 0.9780219793319702, "funders": 0.3571428656578064, "similarity-checking": 0.9890109896659851, "award-numbers": 0.0714285746216774, "update-policies": 0.0, "resource-links": 0.9890109896659851, "open-references": 1.0}, "backfile": {"last-status-check-time": 1618978071376, "affiliations": 0.9927536249160767, "abstracts": 0.9420289993286133, "orcids": 0.39855071902275085, "licenses": 1.0, "references": 0.9855072498321533, "funders": 0.3478260934352875, "similarity-checking": 1.0, "award-numbers": 0.08695652335882187, "update-policies": 0.0, "resource-links": 1.0, "open-references": 1.0}, "current": {"last-status-check-time": 1618978069104, "affiliations": 1.0, "abstracts": 0.976190447807312, "orcids": 1.0, "licenses": 1.0, "references": 1.0, "funders": 0.4047619104385376, "similarity-checking": 1.0, "award-numbers": 0.02380952425301075, "update-policies": 0.0, "resource-links": 1.0, "open-references": 1.0}}, "flags": {"deposits-abstracts-current": true, "deposits-orcids-current": true, "deposits": true, "deposits-affiliations-backfile": true, "deposits-update-policies-backfile": false, "deposits-similarity-checking-backfile": true, "deposits-award-numbers-current": true, "deposits-resource-links-current": true, "deposits-articles": true, "deposits-affiliations-current": true, "deposits-funders-current": true, "deposits-references-backfile": true, "deposits-abstracts-backfile": true, "deposits-licenses-backfile": true, "deposits-award-numbers-backfile": true, "deposits-open-references-backfile": true, "deposits-open-references-current": true, "deposits-references-current": true, "deposits-resource-links-backfile": true, "deposits-orcids-backfile": true, "deposits-funders-backfile": true, "deposits-update-policies-current": false, "deposits-similarity-checking-current": true, "deposits-licenses-current": true}, "ISSN": ["2090-1275", "2090-1267"], "issn-type": [{"value": "2090-1275", "type": "electronic"}, {"value": "2090-1267", "type": "print"}]}