{"last-status-check-time": 1617041602398, "counts": {"total-dois": 235, "current-dois": 73, "backfile-dois": 162}, "breakdowns": {"dois-by-issued-year": [[2015, 54], [2020, 34], [2017, 29], [2019, 27], [2016, 23], [2013, 20], [2018, 18], [2014, 18], [2021, 12]]}, "publisher": "Springer (Biomed Central Ltd.)", "coverage": {"affiliations-current": 0.0, "similarity-checking-current": 1.0, "funders-backfile": 0.327160507440567, "licenses-backfile": 0.3086419701576233, "funders-current": 0.8219178318977356, "affiliations-backfile": 0.0, "resource-links-backfile": 0.3086419701576233, "orcids-backfile": 0.20987653732299805, "update-policies-current": 1.0, "open-references-backfile": 1.0, "orcids-current": 0.8904109597206116, "similarity-checking-backfile": 0.7716049551963806, "references-backfile": 0.9753086566925049, "award-numbers-backfile": 0.21604938805103302, "update-policies-backfile": 0.7716049551963806, "licenses-current": 1.0, "award-numbers-current": 0.465753436088562, "abstracts-backfile": 0.0, "resource-links-current": 1.0, "abstracts-current": 0.534246563911438, "open-references-current": 1.0, "references-current": 1.0}, "title": "Animal Biotelemetry", "subjects": [], "coverage-type": {"all": {"last-status-check-time": 1617041593470, "affiliations": 0.0, "abstracts": 0.16595745086669922, "orcids": 0.42127659916877747, "licenses": 0.5234042406082153, "references": 0.9829787015914917, "funders": 0.48085105419158936, "similarity-checking": 0.8425531983375549, "award-numbers": 0.29361701011657715, "update-policies": 0.8425531983375549, "resource-links": 0.5234042406082153, "open-references": 1.0}, "backfile": {"last-status-check-time": 1617041590439, "affiliations": 0.0, "abstracts": 0.0, "orcids": 0.20987653732299805, "licenses": 0.3086419701576233, "references": 0.9753086566925049, "funders": 0.327160507440567, "similarity-checking": 0.7716049551963806, "award-numbers": 0.21604938805103302, "update-policies": 0.7716049551963806, "resource-links": 0.3086419701576233, "open-references": 1.0}, "current": {"last-status-check-time": 1617041586865, "affiliations": 0.0, "abstracts": 0.534246563911438, "orcids": 0.8904109597206116, "licenses": 1.0, "references": 1.0, "funders": 0.8219178318977356, "similarity-checking": 1.0, "award-numbers": 0.465753436088562, "update-policies": 1.0, "resource-links": 1.0, "open-references": 1.0}}, "flags": {"deposits-abstracts-current": true, "deposits-orcids-current": true, "deposits": true, "deposits-affiliations-backfile": false, "deposits-update-policies-backfile": true, "deposits-similarity-checking-backfile": true, "deposits-award-numbers-current": true, "deposits-resource-links-current": true, "deposits-articles": true, "deposits-affiliations-current": false, "deposits-funders-current": true, "deposits-references-backfile": true, "deposits-abstracts-backfile": false, "deposits-licenses-backfile": true, "deposits-award-numbers-backfile": true, "deposits-open-references-backfile": true, "deposits-open-references-current": true, "deposits-references-current": true, "deposits-resource-links-backfile": true, "deposits-orcids-backfile": true, "deposits-funders-backfile": true, "deposits-update-policies-current": true, "deposits-similarity-checking-current": true, "deposits-licenses-current": true}, "ISSN": ["2050-3385", "2050-3385"], "issn-type": [{"value": "2050-3385", "type": "electronic"}, {"value": "2050-3385", "type": "print"}]}