{"last-status-check-time": 1620496626869, "counts": {"total-dois": 446, "current-dois": 205, "backfile-dois": 241}, "breakdowns": {"dois-by-issued-year": [[2021, 74], [2020, 68], [2019, 63], [2018, 61], [2017, 60], [2016, 60], [2015, 60]]}, "publisher": "Elsevier ", "coverage": {"affiliations-current": 0.0, "similarity-checking-current": 0.0, "funders-backfile": 0.6390041708946228, "licenses-backfile": 1.0, "funders-current": 0.5902438759803772, "affiliations-backfile": 0.0, "resource-links-backfile": 1.0, "orcids-backfile": 0.24481327831745148, "update-policies-current": 0.7463414669036865, "open-references-backfile": 1.0, "orcids-current": 0.5951219797134399, "similarity-checking-backfile": 0.0, "references-backfile": 0.9958506226539612, "award-numbers-backfile": 0.4730290472507477, "update-policies-backfile": 0.9958506226539612, "licenses-current": 1.0, "award-numbers-current": 0.39024388790130615, "abstracts-backfile": 0.0, "resource-links-current": 1.0, "abstracts-current": 0.0, "open-references-current": 1.0, "references-current": 0.9609755873680115}, "title": "Animal Nutrition", "subjects": [], "coverage-type": {"all": {"last-status-check-time": 1620496620735, "affiliations": 0.0, "abstracts": 0.0, "orcids": 0.40582960844039917, "licenses": 1.0, "references": 0.9798206090927124, "funders": 0.6165919303894043, "similarity-checking": 0.0, "award-numbers": 0.43497759103775024, "update-policies": 0.8811659216880798, "resource-links": 1.0, "open-references": 1.0}, "backfile": {"last-status-check-time": 1620496618635, "affiliations": 0.0, "abstracts": 0.0, "orcids": 0.24481327831745148, "licenses": 1.0, "references": 0.9958506226539612, "funders": 0.6390041708946228, "similarity-checking": 0.0, "award-numbers": 0.4730290472507477, "update-policies": 0.9958506226539612, "resource-links": 1.0, "open-references": 1.0}, "current": {"last-status-check-time": 1620496616620, "affiliations": 0.0, "abstracts": 0.0, "orcids": 0.5951219797134399, "licenses": 1.0, "references": 0.9609755873680115, "funders": 0.5902438759803772, "similarity-checking": 0.0, "award-numbers": 0.39024388790130615, "update-policies": 0.7463414669036865, "resource-links": 1.0, "open-references": 1.0}}, "flags": {"deposits-abstracts-current": false, "deposits-orcids-current": true, "deposits": true, "deposits-affiliations-backfile": false, "deposits-update-policies-backfile": true, "deposits-similarity-checking-backfile": false, "deposits-award-numbers-current": true, "deposits-resource-links-current": true, "deposits-articles": true, "deposits-affiliations-current": false, "deposits-funders-current": true, "deposits-references-backfile": true, "deposits-abstracts-backfile": false, "deposits-licenses-backfile": true, "deposits-award-numbers-backfile": true, "deposits-open-references-backfile": true, "deposits-open-references-current": true, "deposits-references-current": true, "deposits-resource-links-backfile": true, "deposits-orcids-backfile": true, "deposits-funders-backfile": true, "deposits-update-policies-current": true, "deposits-similarity-checking-current": false, "deposits-licenses-current": true}, "ISSN": ["2405-6545"], "issn-type": [{"value": "2405-6545", "type": "print"}]}