{"last-status-check-time": 1621049980057, "counts": {"total-dois": 692, "current-dois": 108, "backfile-dois": 584}, "breakdowns": {"dois-by-issued-year": [[2012, 66], [2014, 60], [2016, 58], [2013, 56], [2009, 56], [2018, 55], [2019, 54], [2015, 54], [2017, 49], [2011, 46], [2010, 43], [2008, 41], [2020, 40], [2021, 14]]}, "publisher": "Informa UK (Taylor & Francis)", "coverage": {"affiliations-current": 0.9907407164573669, "similarity-checking-current": 1.0, "funders-backfile": 0.29794520139694214, "licenses-backfile": 0.17636986076831818, "funders-current": 0.5277777910232544, "affiliations-backfile": 0.21061643958091736, "resource-links-backfile": 0.17465753853321075, "orcids-backfile": 0.030821917578577995, "update-policies-current": 1.0, "open-references-backfile": 1.0, "orcids-current": 0.31481480598449707, "similarity-checking-backfile": 0.9931507110595703, "references-backfile": 0.9674657583236694, "award-numbers-backfile": 0.24657534062862396, "update-policies-backfile": 0.4726027250289917, "licenses-current": 0.8703703880310059, "award-numbers-current": 0.37962964177131653, "abstracts-backfile": 0.0, "resource-links-current": 0.25, "abstracts-current": 0.0, "open-references-current": 1.0, "references-current": 0.9907407164573669}, "title": "Animal Cells and Systems", "subjects": [{"name": "Animal Science and Zoology", "ASJC": 1103}, {"name": "General Biochemistry, Genetics and Molecular Biology", "ASJC": 1300}], "coverage-type": {"all": {"last-status-check-time": 1621049972366, "affiliations": 0.33236995339393616, "abstracts": 0.0, "orcids": 0.07514450699090958, "licenses": 0.28468209505081177, "references": 0.9710982441902161, "funders": 0.3338150382041931, "similarity-checking": 0.9942196607589722, "award-numbers": 0.2673410475254059, "update-policies": 0.5549132823944092, "resource-links": 0.18641617894172668, "open-references": 1.0}, "backfile": {"last-status-check-time": 1621049969573, "affiliations": 0.21061643958091736, "abstracts": 0.0, "orcids": 0.030821917578577995, "licenses": 0.17636986076831818, "references": 0.9674657583236694, "funders": 0.29794520139694214, "similarity-checking": 0.9931507110595703, "award-numbers": 0.24657534062862396, "update-policies": 0.4726027250289917, "resource-links": 0.17465753853321075, "open-references": 1.0}, "current": {"last-status-check-time": 1621049967170, "affiliations": 0.9907407164573669, "abstracts": 0.0, "orcids": 0.31481480598449707, "licenses": 0.8703703880310059, "references": 0.9907407164573669, "funders": 0.5277777910232544, "similarity-checking": 1.0, "award-numbers": 0.37962964177131653, "update-policies": 1.0, "resource-links": 0.25, "open-references": 1.0}}, "flags": {"deposits-abstracts-current": false, "deposits-orcids-current": true, "deposits": true, "deposits-affiliations-backfile": true, "deposits-update-policies-backfile": true, "deposits-similarity-checking-backfile": true, "deposits-award-numbers-current": true, "deposits-resource-links-current": true, "deposits-articles": true, "deposits-affiliations-current": true, "deposits-funders-current": true, "deposits-references-backfile": true, "deposits-abstracts-backfile": false, "deposits-licenses-backfile": true, "deposits-award-numbers-backfile": true, "deposits-open-references-backfile": true, "deposits-open-references-current": true, "deposits-references-current": true, "deposits-resource-links-backfile": true, "deposits-orcids-backfile": true, "deposits-funders-backfile": true, "deposits-update-policies-current": true, "deposits-similarity-checking-current": true, "deposits-licenses-current": true}, "ISSN": ["2151-2485", "1976-8354"], "issn-type": [{"value": "2151-2485", "type": "electronic"}, {"value": "1976-8354", "type": "print"}]}