{"last-status-check-time": 1619124918864, "counts": {"total-dois": 3603, "current-dois": 338, "backfile-dois": 3265}, "breakdowns": {"dois-by-issued-year": [[2016, 153], [1998, 148], [1996, 147], [1994, 146], [2001, 145], [1993, 143], [1997, 142], [1999, 134], [2002, 132], [2003, 130], [2000, 130], [2013, 128], [2006, 125], [2018, 122], [2020, 121], [2004, 121], [1995, 118], [2012, 117], [1992, 115], [2019, 112], [2014, 108], [2017, 107], [2008, 106], [2021, 105], [2011, 105], [2005, 100], [2007, 98], [2015, 93], [2009, 81], [2010, 71]]}, "publisher": "Elsevier ", "coverage": {"affiliations-current": 0.0, "similarity-checking-current": 0.0, "funders-backfile": 0.05053598806262016, "licenses-backfile": 0.9950995445251465, "funders-current": 0.37278106808662415, "affiliations-backfile": 0.0, "resource-links-backfile": 1.0, "orcids-backfile": 0.04226646199822426, "update-policies-current": 0.9171597361564636, "open-references-backfile": 1.0, "orcids-current": 0.46449702978134155, "similarity-checking-backfile": 0.0, "references-backfile": 0.6153139472007751, "award-numbers-backfile": 0.028790198266506195, "update-policies-backfile": 0.15589585900306702, "licenses-current": 1.0, "award-numbers-current": 0.18639053404331207, "abstracts-backfile": 0.0, "resource-links-current": 1.0, "abstracts-current": 0.0, "open-references-current": 1.0, "references-current": 0.9142012000083923}, "title": "Annals of Anatomy - Anatomischer Anzeiger", "subjects": [{"name": "Developmental Biology", "ASJC": 1309}, {"name": "General Medicine", "ASJC": 2700}, {"name": "Anatomy", "ASJC": 2702}], "coverage-type": {"all": {"last-status-check-time": 1619124909510, "affiliations": 0.0, "abstracts": 0.0, "orcids": 0.08187621086835861, "licenses": 0.9955592751502991, "references": 0.643352746963501, "funders": 0.08076602965593338, "similarity-checking": 0.0, "award-numbers": 0.043574798852205276, "update-policies": 0.22731056809425354, "resource-links": 1.0, "open-references": 1.0}, "backfile": {"last-status-check-time": 1619124906896, "affiliations": 0.0, "abstracts": 0.0, "orcids": 0.04226646199822426, "licenses": 0.9950995445251465, "references": 0.6153139472007751, "funders": 0.05053598806262016, "similarity-checking": 0.0, "award-numbers": 0.028790198266506195, "update-policies": 0.15589585900306702, "resource-links": 1.0, "open-references": 1.0}, "current": {"last-status-check-time": 1619124903985, "affiliations": 0.0, "abstracts": 0.0, "orcids": 0.46449702978134155, "licenses": 1.0, "references": 0.9142012000083923, "funders": 0.37278106808662415, "similarity-checking": 0.0, "award-numbers": 0.18639053404331207, "update-policies": 0.9171597361564636, "resource-links": 1.0, "open-references": 1.0}}, "flags": {"deposits-abstracts-current": false, "deposits-orcids-current": true, "deposits": true, "deposits-affiliations-backfile": false, "deposits-update-policies-backfile": true, "deposits-similarity-checking-backfile": false, "deposits-award-numbers-current": true, "deposits-resource-links-current": true, "deposits-articles": true, "deposits-affiliations-current": false, "deposits-funders-current": true, "deposits-references-backfile": true, "deposits-abstracts-backfile": false, "deposits-licenses-backfile": true, "deposits-award-numbers-backfile": true, "deposits-open-references-backfile": true, "deposits-open-references-current": true, "deposits-references-current": true, "deposits-resource-links-backfile": true, "deposits-orcids-backfile": true, "deposits-funders-backfile": true, "deposits-update-policies-current": true, "deposits-similarity-checking-current": false, "deposits-licenses-current": true}, "ISSN": ["0940-9602"], "issn-type": [{"value": "0940-9602", "type": "print"}]}