{"last-status-check-time": 1621314430824, "counts": {"total-dois": 2591, "current-dois": 343, "backfile-dois": 2248}, "breakdowns": {"dois-by-issued-year": [[2016, 730], [2015, 583], [2017, 582], [2014, 261], [2020, 153], [2019, 148], [2018, 92], [2021, 42]]}, "publisher": "\"Ubiquity Press, Ltd.\"", "coverage": {"affiliations-current": 0.0, "similarity-checking-current": 0.0, "funders-backfile": 0.0035587188322097063, "licenses-backfile": 0.9977757930755615, "funders-current": 0.0058309040032327175, "affiliations-backfile": 0.0, "resource-links-backfile": 0.956850528717041, "orcids-backfile": 0.0, "update-policies-current": 0.0, "open-references-backfile": 1.0, "orcids-current": 0.26822158694267273, "similarity-checking-backfile": 0.0, "references-backfile": 0.16992881894111633, "award-numbers-backfile": 0.002224199241027236, "update-policies-backfile": 0.08852313458919525, "licenses-current": 0.9154518842697144, "award-numbers-current": 0.0029154520016163588, "abstracts-backfile": 0.0, "resource-links-current": 0.0, "abstracts-current": 0.0, "open-references-current": 1.0, "references-current": 0.9562682509422302}, "title": "Annals of Global Health", "subjects": [], "coverage-type": {"all": {"last-status-check-time": 1621314424328, "affiliations": 0.0, "abstracts": 0.0, "orcids": 0.035507526248693466, "licenses": 0.9868776798248291, "references": 0.27402547001838684, "funders": 0.003859513672068715, "similarity-checking": 0.0, "award-numbers": 0.002315708203241229, "update-policies": 0.07680432498455048, "resource-links": 0.8301814198493958, "open-references": 1.0}, "backfile": {"last-status-check-time": 1621314422214, "affiliations": 0.0, "abstracts": 0.0, "orcids": 0.0, "licenses": 0.9977757930755615, "references": 0.16992881894111633, "funders": 0.0035587188322097063, "similarity-checking": 0.0, "award-numbers": 0.002224199241027236, "update-policies": 0.08852313458919525, "resource-links": 0.956850528717041, "open-references": 1.0}, "current": {"last-status-check-time": 1621314420078, "affiliations": 0.0, "abstracts": 0.0, "orcids": 0.26822158694267273, "licenses": 0.9154518842697144, "references": 0.9562682509422302, "funders": 0.0058309040032327175, "similarity-checking": 0.0, "award-numbers": 0.0029154520016163588, "update-policies": 0.0, "resource-links": 0.0, "open-references": 1.0}}, "flags": {"deposits-abstracts-current": false, "deposits-orcids-current": true, "deposits": true, "deposits-affiliations-backfile": false, "deposits-update-policies-backfile": true, "deposits-similarity-checking-backfile": false, "deposits-award-numbers-current": true, "deposits-resource-links-current": false, "deposits-articles": true, "deposits-affiliations-current": false, "deposits-funders-current": true, "deposits-references-backfile": true, "deposits-abstracts-backfile": false, "deposits-licenses-backfile": true, "deposits-award-numbers-backfile": true, "deposits-open-references-backfile": true, "deposits-open-references-current": true, "deposits-references-current": true, "deposits-resource-links-backfile": true, "deposits-orcids-backfile": false, "deposits-funders-backfile": true, "deposits-update-policies-current": false, "deposits-similarity-checking-current": false, "deposits-licenses-current": true}, "ISSN": ["2214-9996", "2214-9996"], "issn-type": [{"value": "2214-9996", "type": "electronic"}, {"value": "2214-9996", "type": "print"}]}