{"last-status-check-time": 1620441719813, "counts": {"total-dois": 1427, "current-dois": 695, "backfile-dois": 732}, "breakdowns": {"dois-by-issued-year": [[2020, 313], [2019, 283], [2018, 200], [2014, 141], [2017, 132], [2015, 132], [2016, 115], [2021, 99], [2013, 12]]}, "publisher": "Wiley (John Wiley & Sons)", "coverage": {"affiliations-current": 0.902158260345459, "similarity-checking-current": 0.9597122073173523, "funders-backfile": 0.6352459192276001, "licenses-backfile": 0.9521858096122742, "funders-current": 0.666187047958374, "affiliations-backfile": 0.8224043846130371, "resource-links-backfile": 0.9521858096122742, "orcids-backfile": 0.18306010961532593, "update-policies-current": 0.0, "open-references-backfile": 1.0, "orcids-current": 0.8316546678543091, "similarity-checking-backfile": 0.937158465385437, "references-backfile": 0.8251366019248962, "award-numbers-backfile": 0.4781420826911926, "update-policies-backfile": 0.0, "licenses-current": 0.9597122073173523, "award-numbers-current": 0.5223021507263184, "abstracts-backfile": 0.0, "resource-links-current": 0.9597122073173523, "abstracts-current": 0.0, "open-references-current": 1.0, "references-current": 0.9151079058647156}, "title": "Annals of Clinical and Translational Neurology", "subjects": [], "coverage-type": {"all": {"last-status-check-time": 1620441713620, "affiliations": 0.8606442809104919, "abstracts": 0.0, "orcids": 0.49859943985939026, "licenses": 0.9551820755004883, "references": 0.8683473467826843, "funders": 0.6498599648475647, "similarity-checking": 0.9481792449951172, "award-numbers": 0.49929970502853394, "update-policies": 0.0, "resource-links": 0.9551820755004883, "open-references": 1.0}, "backfile": {"last-status-check-time": 1620441711546, "affiliations": 0.8224043846130371, "abstracts": 0.0, "orcids": 0.18306010961532593, "licenses": 0.9521858096122742, "references": 0.8251366019248962, "funders": 0.6352459192276001, "similarity-checking": 0.937158465385437, "award-numbers": 0.4781420826911926, "update-policies": 0.0, "resource-links": 0.9521858096122742, "open-references": 1.0}, "current": {"last-status-check-time": 1620441709522, "affiliations": 0.902158260345459, "abstracts": 0.0, "orcids": 0.8316546678543091, "licenses": 0.9597122073173523, "references": 0.9151079058647156, "funders": 0.666187047958374, "similarity-checking": 0.9597122073173523, "award-numbers": 0.5223021507263184, "update-policies": 0.0, "resource-links": 0.9597122073173523, "open-references": 1.0}}, "flags": {"deposits-abstracts-current": false, "deposits-orcids-current": true, "deposits": true, "deposits-affiliations-backfile": true, "deposits-update-policies-backfile": false, "deposits-similarity-checking-backfile": true, "deposits-award-numbers-current": true, "deposits-resource-links-current": true, "deposits-articles": true, "deposits-affiliations-current": true, "deposits-funders-current": true, "deposits-references-backfile": true, "deposits-abstracts-backfile": false, "deposits-licenses-backfile": true, "deposits-award-numbers-backfile": true, "deposits-open-references-backfile": true, "deposits-open-references-current": true, "deposits-references-current": true, "deposits-resource-links-backfile": true, "deposits-orcids-backfile": true, "deposits-funders-backfile": true, "deposits-update-policies-current": false, "deposits-similarity-checking-current": true, "deposits-licenses-current": true}, "ISSN": ["2328-9503", "2328-9503"], "issn-type": [{"value": "2328-9503", "type": "electronic"}, {"value": "2328-9503", "type": "print"}]}