{"last-status-check-time": 1621048896244, "counts": {"total-dois": 5029, "current-dois": 146, "backfile-dois": 4883}, "breakdowns": {"dois-by-issued-year": [[2008, 233], [2011, 212], [2007, 202], [1997, 199], [1995, 190], [1998, 189], [1991, 178], [1996, 177], [1999, 176], [1993, 168], [1992, 167], [2000, 163], [1994, 163], [1989, 156], [1990, 155], [2012, 139], [2009, 138], [2004, 138], [2013, 137], [1988, 131], [2005, 127], [2003, 125], [2006, 123], [2002, 119], [2010, 116], [2001, 112], [2014, 111], [2015, 80], [2016, 76], [2018, 71], [1987, 71], [2017, 70], [2020, 67], [2019, 61], [1983, 55], [1986, 52], [1984, 48], [1982, 45], [1985, 37], [1981, 34], [2021, 18]]}, "publisher": "King Faisal Specialist Hospital and Research Centre", "coverage": {"affiliations-current": 1.0, "similarity-checking-current": 0.13013698160648346, "funders-backfile": 0.017407331615686417, "licenses-backfile": 0.0, "funders-current": 0.013698630034923553, "affiliations-backfile": 0.926274836063385, "resource-links-backfile": 0.0, "orcids-backfile": 0.0018431291682645679, "update-policies-current": 0.0, "open-references-backfile": 1.0, "orcids-current": 0.9931507110595703, "similarity-checking-backfile": 0.8832684755325317, "references-backfile": 0.8918697237968445, "award-numbers-backfile": 0.009010854177176952, "update-policies-backfile": 0.0, "licenses-current": 0.0, "award-numbers-current": 0.006849315017461777, "abstracts-backfile": 0.0, "resource-links-current": 0.0, "abstracts-current": 0.36301368474960327, "open-references-current": 1.0, "references-current": 1.0}, "title": "Annals of Saudi Medicine", "subjects": [{"name": "General Medicine", "ASJC": 2700}], "coverage-type": {"all": {"last-status-check-time": 1621048888255, "affiliations": 0.9282306432723999, "abstracts": 0.010536779649555683, "orcids": 0.03061630204319954, "licenses": 0.0, "references": 0.8948310017585754, "funders": 0.01729622296988964, "similarity-checking": 0.861232578754425, "award-numbers": 0.008946321904659271, "update-policies": 0.0, "resource-links": 0.0, "open-references": 1.0}, "backfile": {"last-status-check-time": 1621048885443, "affiliations": 0.926274836063385, "abstracts": 0.0, "orcids": 0.0018431291682645679, "licenses": 0.0, "references": 0.8918697237968445, "funders": 0.017407331615686417, "similarity-checking": 0.8832684755325317, "award-numbers": 0.009010854177176952, "update-policies": 0.0, "resource-links": 0.0, "open-references": 1.0}, "current": {"last-status-check-time": 1621048882582, "affiliations": 1.0, "abstracts": 0.36301368474960327, "orcids": 0.9931507110595703, "licenses": 0.0, "references": 1.0, "funders": 0.013698630034923553, "similarity-checking": 0.13013698160648346, "award-numbers": 0.006849315017461777, "update-policies": 0.0, "resource-links": 0.0, "open-references": 1.0}}, "flags": {"deposits-abstracts-current": true, "deposits-orcids-current": true, "deposits": true, "deposits-affiliations-backfile": true, "deposits-update-policies-backfile": false, "deposits-similarity-checking-backfile": true, "deposits-award-numbers-current": true, "deposits-resource-links-current": false, "deposits-articles": true, "deposits-affiliations-current": true, "deposits-funders-current": true, "deposits-references-backfile": true, "deposits-abstracts-backfile": false, "deposits-licenses-backfile": false, "deposits-award-numbers-backfile": true, "deposits-open-references-backfile": true, "deposits-open-references-current": true, "deposits-references-current": true, "deposits-resource-links-backfile": false, "deposits-orcids-backfile": true, "deposits-funders-backfile": true, "deposits-update-policies-current": false, "deposits-similarity-checking-current": true, "deposits-licenses-current": false}, "ISSN": ["0975-4466", "0256-4947"], "issn-type": [{"value": "0975-4466", "type": "electronic"}, {"value": "0256-4947", "type": "print"}]}