{"last-status-check-time": 1621050587285, "counts": {"total-dois": 5479, "current-dois": 137, "backfile-dois": 5342}, "breakdowns": {"dois-by-issued-year": [[1997, 297], [1985, 289], [1990, 268], [1993, 264], [1988, 263], [1998, 257], [1989, 250], [1982, 198], [1994, 197], [1996, 177], [2002, 162], [2004, 156], [2001, 155], [1987, 151], [2005, 139], [1983, 138], [1984, 134], [2006, 132], [1986, 130], [1995, 126], [2000, 117], [2007, 115], [2013, 106], [2014, 102], [2003, 101], [2011, 99], [1999, 96], [2020, 85], [2009, 85], [1992, 82], [1991, 80], [2015, 74], [2016, 73], [2010, 66], [2008, 62], [2012, 49], [2017, 47], [2019, 43], [1981, 41], [2018, 36], [1980, 28], [2021, 9]]}, "publisher": "Cambridge University Press", "coverage": {"affiliations-current": 0.0, "similarity-checking-current": 1.0, "funders-backfile": 0.0, "licenses-backfile": 0.667914628982544, "funders-current": 0.0, "affiliations-backfile": 0.0, "resource-links-backfile": 0.0, "orcids-backfile": 0.004492699168622494, "update-policies-current": 0.47445255517959595, "open-references-backfile": 0.013478098437190056, "orcids-current": 0.7226277589797974, "similarity-checking-backfile": 0.9837139844894409, "references-backfile": 0.8794459104537964, "award-numbers-backfile": 0.0, "update-policies-backfile": 0.0, "licenses-current": 1.0, "award-numbers-current": 0.0, "abstracts-backfile": 0.9361662268638611, "resource-links-current": 0.0, "abstracts-current": 0.9197080135345459, "open-references-current": 1.0, "references-current": 0.9197080135345459}, "title": "Annals of Glaciology", "subjects": [{"name": "Earth-Surface Processes", "ASJC": 1904}], "coverage-type": {"all": {"last-status-check-time": 1621050579415, "affiliations": 0.0, "abstracts": 0.9357547163963318, "orcids": 0.022449351847171783, "licenses": 0.6762182712554932, "references": 0.8804526329040527, "funders": 0.0, "similarity-checking": 0.9841212034225464, "award-numbers": 0.0, "update-policies": 0.01186347845941782, "resource-links": 0.0, "open-references": 0.03814564645290375}, "backfile": {"last-status-check-time": 1621050576718, "affiliations": 0.0, "abstracts": 0.9361662268638611, "orcids": 0.004492699168622494, "licenses": 0.667914628982544, "references": 0.8794459104537964, "funders": 0.0, "similarity-checking": 0.9837139844894409, "award-numbers": 0.0, "update-policies": 0.0, "resource-links": 0.0, "open-references": 0.013478098437190056}, "current": {"last-status-check-time": 1621050574145, "affiliations": 0.0, "abstracts": 0.9197080135345459, "orcids": 0.7226277589797974, "licenses": 1.0, "references": 0.9197080135345459, "funders": 0.0, "similarity-checking": 1.0, "award-numbers": 0.0, "update-policies": 0.47445255517959595, "resource-links": 0.0, "open-references": 1.0}}, "flags": {"deposits-abstracts-current": true, "deposits-orcids-current": true, "deposits": true, "deposits-affiliations-backfile": false, "deposits-update-policies-backfile": false, "deposits-similarity-checking-backfile": true, "deposits-award-numbers-current": false, "deposits-resource-links-current": false, "deposits-articles": true, "deposits-affiliations-current": false, "deposits-funders-current": false, "deposits-references-backfile": true, "deposits-abstracts-backfile": true, "deposits-licenses-backfile": true, "deposits-award-numbers-backfile": false, "deposits-open-references-backfile": true, "deposits-open-references-current": true, "deposits-references-current": true, "deposits-resource-links-backfile": false, "deposits-orcids-backfile": true, "deposits-funders-backfile": false, "deposits-update-policies-current": true, "deposits-similarity-checking-current": true, "deposits-licenses-current": true}, "ISSN": ["1727-5644", "0260-3055"], "issn-type": [{"value": "1727-5644", "type": "electronic"}, {"value": "0260-3055", "type": "print"}]}