{"last-status-check-time": 1619010077283, "counts": {"total-dois": 1009, "current-dois": 374, "backfile-dois": 635}, "breakdowns": {"dois-by-issued-year": [[2020, 171], [2019, 142], [2018, 129], [2017, 122], [2016, 120], [2012, 74], [2021, 61], [2015, 58], [2011, 53], [2014, 40], [2013, 39]]}, "publisher": "Springer (Biomed Central Ltd.)", "coverage": {"affiliations-current": 0.0, "similarity-checking-current": 1.0, "funders-backfile": 0.20472441613674164, "licenses-backfile": 0.7889763712882996, "funders-current": 0.2967914342880249, "affiliations-backfile": 0.0, "resource-links-backfile": 0.7889763712882996, "orcids-backfile": 0.19527558982372284, "update-policies-current": 0.9946523904800415, "open-references-backfile": 1.0, "orcids-current": 0.6737967729568481, "similarity-checking-backfile": 0.7937008142471313, "references-backfile": 0.960629940032959, "award-numbers-backfile": 0.12440945208072662, "update-policies-backfile": 0.7102361917495728, "licenses-current": 1.0, "award-numbers-current": 0.19518716633319855, "abstracts-backfile": 0.0, "resource-links-current": 1.0, "abstracts-current": 0.45989304780960083, "open-references-current": 1.0, "references-current": 0.9946523904800415}, "title": "Annals of Intensive Care", "subjects": [{"name": "Critical Care and Intensive Care Medicine", "ASJC": 2706}], "coverage-type": {"all": {"last-status-check-time": 1619010068726, "affiliations": 0.0, "abstracts": 0.1702970266342163, "orcids": 0.37227723002433777, "licenses": 0.8663366436958313, "references": 0.9722772240638733, "funders": 0.23861385881900787, "similarity-checking": 0.8693069219589233, "award-numbers": 0.15049505233764648, "update-policies": 0.8148514628410339, "resource-links": 0.8663366436958313, "open-references": 1.0}, "backfile": {"last-status-check-time": 1619010066384, "affiliations": 0.0, "abstracts": 0.0, "orcids": 0.19527558982372284, "licenses": 0.7889763712882996, "references": 0.960629940032959, "funders": 0.20472441613674164, "similarity-checking": 0.7937008142471313, "award-numbers": 0.12440945208072662, "update-policies": 0.7102361917495728, "resource-links": 0.7889763712882996, "open-references": 1.0}, "current": {"last-status-check-time": 1619010063791, "affiliations": 0.0, "abstracts": 0.45989304780960083, "orcids": 0.6737967729568481, "licenses": 1.0, "references": 0.9946523904800415, "funders": 0.2967914342880249, "similarity-checking": 1.0, "award-numbers": 0.19518716633319855, "update-policies": 0.9946523904800415, "resource-links": 1.0, "open-references": 1.0}}, "flags": {"deposits-abstracts-current": true, "deposits-orcids-current": true, "deposits": true, "deposits-affiliations-backfile": false, "deposits-update-policies-backfile": true, "deposits-similarity-checking-backfile": true, "deposits-award-numbers-current": true, "deposits-resource-links-current": true, "deposits-articles": true, "deposits-affiliations-current": false, "deposits-funders-current": true, "deposits-references-backfile": true, "deposits-abstracts-backfile": false, "deposits-licenses-backfile": true, "deposits-award-numbers-backfile": true, "deposits-open-references-backfile": true, "deposits-open-references-current": true, "deposits-references-current": true, "deposits-resource-links-backfile": true, "deposits-orcids-backfile": true, "deposits-funders-backfile": true, "deposits-update-policies-current": true, "deposits-similarity-checking-current": true, "deposits-licenses-current": true}, "ISSN": ["2110-5820", "2110-5820"], "issn-type": [{"value": "2110-5820", "type": "electronic"}, {"value": "2110-5820", "type": "print"}]}