{"last-status-check-time": 1621138836173, "counts": {"total-dois": 397, "current-dois": 110, "backfile-dois": 287}, "breakdowns": {"dois-by-issued-year": [[2020, 45], [2019, 44], [2016, 44], [2018, 43], [2017, 42], [2015, 40], [2014, 40], [2012, 40], [2013, 38], [2021, 21]]}, "publisher": "Korean Society of Pediatric Endocrinology", "coverage": {"affiliations-current": 0.0, "similarity-checking-current": 1.0, "funders-backfile": 0.11149825900793076, "licenses-backfile": 1.0, "funders-current": 0.2545454502105713, "affiliations-backfile": 0.7770034670829773, "resource-links-backfile": 0.3728223145008087, "orcids-backfile": 0.32055750489234924, "update-policies-current": 1.0, "open-references-backfile": 1.0, "orcids-current": 0.8909090757369995, "similarity-checking-backfile": 1.0, "references-backfile": 0.9581881761550903, "award-numbers-backfile": 0.05574912950396538, "update-policies-backfile": 0.588850200176239, "licenses-current": 0.8999999761581421, "award-numbers-current": 0.20000000298023224, "abstracts-backfile": 0.0, "resource-links-current": 0.8999999761581421, "abstracts-current": 0.0, "open-references-current": 1.0, "references-current": 0.7818182110786438}, "title": "Annals of Pediatric Endocrinology & Metabolism", "subjects": [], "coverage-type": {"all": {"last-status-check-time": 1621138829940, "affiliations": 0.5617128610610962, "abstracts": 0.0, "orcids": 0.47858941555023193, "licenses": 0.9722921848297119, "references": 0.9093198776245117, "funders": 0.15113350749015808, "similarity-checking": 1.0, "award-numbers": 0.0957178846001625, "update-policies": 0.7027707695960999, "resource-links": 0.5188916921615601, "open-references": 1.0}, "backfile": {"last-status-check-time": 1621138827880, "affiliations": 0.7770034670829773, "abstracts": 0.0, "orcids": 0.32055750489234924, "licenses": 1.0, "references": 0.9581881761550903, "funders": 0.11149825900793076, "similarity-checking": 1.0, "award-numbers": 0.05574912950396538, "update-policies": 0.588850200176239, "resource-links": 0.3728223145008087, "open-references": 1.0}, "current": {"last-status-check-time": 1621138825858, "affiliations": 0.0, "abstracts": 0.0, "orcids": 0.8909090757369995, "licenses": 0.8999999761581421, "references": 0.7818182110786438, "funders": 0.2545454502105713, "similarity-checking": 1.0, "award-numbers": 0.20000000298023224, "update-policies": 1.0, "resource-links": 0.8999999761581421, "open-references": 1.0}}, "flags": {"deposits-abstracts-current": false, "deposits-orcids-current": true, "deposits": true, "deposits-affiliations-backfile": true, "deposits-update-policies-backfile": true, "deposits-similarity-checking-backfile": true, "deposits-award-numbers-current": true, "deposits-resource-links-current": true, "deposits-articles": true, "deposits-affiliations-current": false, "deposits-funders-current": true, "deposits-references-backfile": true, "deposits-abstracts-backfile": false, "deposits-licenses-backfile": true, "deposits-award-numbers-backfile": true, "deposits-open-references-backfile": true, "deposits-open-references-current": true, "deposits-references-current": true, "deposits-resource-links-backfile": true, "deposits-orcids-backfile": true, "deposits-funders-backfile": true, "deposits-update-policies-current": true, "deposits-similarity-checking-current": true, "deposits-licenses-current": true}, "ISSN": ["2287-1292", "2287-1012"], "issn-type": [{"value": "2287-1292", "type": "electronic"}, {"value": "2287-1012", "type": "print"}]}