{"last-status-check-time": 1617019918595, "counts": {"total-dois": 557, "current-dois": 171, "backfile-dois": 386}, "breakdowns": {"dois-by-issued-year": [[2015, 80], [2020, 79], [2019, 74], [2016, 62], [2018, 48], [2017, 48], [2013, 32], [2014, 31], [2012, 29], [2011, 28], [2010, 28], [2021, 18]]}, "publisher": "Springer-Verlag", "coverage": {"affiliations-current": 0.0, "similarity-checking-current": 0.719298243522644, "funders-backfile": 0.0, "licenses-backfile": 0.0, "funders-current": 0.2514619827270508, "affiliations-backfile": 0.0, "resource-links-backfile": 0.0, "orcids-backfile": 0.0, "update-policies-current": 0.719298243522644, "open-references-backfile": 1.0, "orcids-current": 0.3333333432674408, "similarity-checking-backfile": 0.0, "references-backfile": 0.0, "award-numbers-backfile": 0.0, "update-policies-backfile": 0.0, "licenses-current": 0.719298243522644, "award-numbers-current": 0.24561403691768646, "abstracts-backfile": 0.0, "resource-links-current": 0.719298243522644, "abstracts-current": 0.04093567281961441, "open-references-current": 1.0, "references-current": 0.7134503126144409}, "title": "Annals of Functional Analysis", "subjects": [], "coverage-type": {"all": {"last-status-check-time": 1617019910002, "affiliations": 0.0, "abstracts": 0.012567324563860893, "orcids": 0.1023339331150055, "licenses": 0.22082585096359253, "references": 0.21903051435947418, "funders": 0.07719928026199341, "similarity-checking": 0.22082585096359253, "award-numbers": 0.07540395110845566, "update-policies": 0.22082585096359253, "resource-links": 0.22082585096359253, "open-references": 1.0}, "backfile": {"last-status-check-time": 1617019907015, "affiliations": 0.0, "abstracts": 0.0, "orcids": 0.0, "licenses": 0.0, "references": 0.0, "funders": 0.0, "similarity-checking": 0.0, "award-numbers": 0.0, "update-policies": 0.0, "resource-links": 0.0, "open-references": 1.0}, "current": {"last-status-check-time": 1617019903875, "affiliations": 0.0, "abstracts": 0.04093567281961441, "orcids": 0.3333333432674408, "licenses": 0.719298243522644, "references": 0.7134503126144409, "funders": 0.2514619827270508, "similarity-checking": 0.719298243522644, "award-numbers": 0.24561403691768646, "update-policies": 0.719298243522644, "resource-links": 0.719298243522644, "open-references": 1.0}}, "flags": {"deposits-abstracts-current": true, "deposits-orcids-current": true, "deposits": true, "deposits-affiliations-backfile": false, "deposits-update-policies-backfile": false, "deposits-similarity-checking-backfile": false, "deposits-award-numbers-current": true, "deposits-resource-links-current": true, "deposits-articles": true, "deposits-affiliations-current": false, "deposits-funders-current": true, "deposits-references-backfile": false, "deposits-abstracts-backfile": false, "deposits-licenses-backfile": false, "deposits-award-numbers-backfile": false, "deposits-open-references-backfile": true, "deposits-open-references-current": true, "deposits-references-current": true, "deposits-resource-links-backfile": false, "deposits-orcids-backfile": false, "deposits-funders-backfile": false, "deposits-update-policies-current": true, "deposits-similarity-checking-current": true, "deposits-licenses-current": true}, "ISSN": ["2008-8752", "2639-7390"], "issn-type": [{"value": "2008-8752", "type": "electronic"}, {"value": "2639-7390", "type": "print"}]}