{"last-status-check-time": 1620681054356, "counts": {"total-dois": 741, "current-dois": 58, "backfile-dois": 683}, "breakdowns": {"dois-by-issued-year": [[2012, 77], [2009, 75], [2010, 71], [2015, 59], [2013, 52], [2011, 52], [2016, 50], [2014, 48], [2017, 46], [2006, 34], [2008, 31], [2018, 30], [2007, 30], [2005, 28], [2019, 26], [2020, 20], [2021, 12]]}, "publisher": "SAGE Publications", "coverage": {"affiliations-current": 1.0, "similarity-checking-current": 1.0, "funders-backfile": 0.0, "licenses-backfile": 0.1844802349805832, "funders-current": 0.0, "affiliations-backfile": 0.0, "resource-links-backfile": 0.14055636525154114, "orcids-backfile": 0.007320644333958626, "update-policies-current": 1.0, "open-references-backfile": 1.0, "orcids-current": 0.36206895112991333, "similarity-checking-backfile": 0.1844802349805832, "references-backfile": 0.0307467058300972, "award-numbers-backfile": 0.0, "update-policies-backfile": 0.0, "licenses-current": 1.0, "award-numbers-current": 0.0, "abstracts-backfile": 0.0, "resource-links-current": 1.0, "abstracts-current": 0.5344827771186829, "open-references-current": 1.0, "references-current": 0.5517241358757019}, "title": "Annals of Neurosciences", "subjects": [{"name": "General Neuroscience", "ASJC": 2800}], "coverage-type": {"all": {"last-status-check-time": 1620681048247, "affiliations": 0.07785234600305557, "abstracts": 0.04161073639988899, "orcids": 0.03489932790398598, "licenses": 0.24697986245155334, "references": 0.07114093750715256, "funders": 0.0, "similarity-checking": 0.24697986245155334, "award-numbers": 0.0, "update-policies": 0.07785234600305557, "resource-links": 0.20671141147613525, "open-references": 1.0}, "backfile": {"last-status-check-time": 1620681046343, "affiliations": 0.0, "abstracts": 0.0, "orcids": 0.007320644333958626, "licenses": 0.1844802349805832, "references": 0.0307467058300972, "funders": 0.0, "similarity-checking": 0.1844802349805832, "award-numbers": 0.0, "update-policies": 0.0, "resource-links": 0.14055636525154114, "open-references": 1.0}, "current": {"last-status-check-time": 1620681044312, "affiliations": 1.0, "abstracts": 0.5344827771186829, "orcids": 0.36206895112991333, "licenses": 1.0, "references": 0.5517241358757019, "funders": 0.0, "similarity-checking": 1.0, "award-numbers": 0.0, "update-policies": 1.0, "resource-links": 1.0, "open-references": 1.0}}, "flags": {"deposits-abstracts-current": true, "deposits-orcids-current": true, "deposits": true, "deposits-affiliations-backfile": false, "deposits-update-policies-backfile": false, "deposits-similarity-checking-backfile": true, "deposits-award-numbers-current": false, "deposits-resource-links-current": true, "deposits-articles": true, "deposits-affiliations-current": true, "deposits-funders-current": false, "deposits-references-backfile": true, "deposits-abstracts-backfile": false, "deposits-licenses-backfile": true, "deposits-award-numbers-backfile": false, "deposits-open-references-backfile": true, "deposits-open-references-current": true, "deposits-references-current": true, "deposits-resource-links-backfile": true, "deposits-orcids-backfile": true, "deposits-funders-backfile": false, "deposits-update-policies-current": true, "deposits-similarity-checking-current": true, "deposits-licenses-current": true}, "ISSN": ["0976-3260", "0972-7531"], "issn-type": [{"value": "0976-3260", "type": "electronic"}, {"value": "0972-7531", "type": "print"}]}