{"last-status-check-time": 1621332511856, "counts": {"total-dois": 1515, "current-dois": 282, "backfile-dois": 1233}, "breakdowns": {"dois-by-issued-year": [[2015, 135], [2016, 117], [2010, 114], [2019, 113], [2018, 111], [2017, 108], [2014, 99], [2009, 91], [2020, 88], [2013, 88], [2012, 87], [2021, 81], [2006, 78], [2007, 76], [2008, 72], [2011, 57]]}, "publisher": "Korean Society for Laboratory Medicine", "coverage": {"affiliations-current": 0.9858155846595764, "similarity-checking-current": 0.9503546357154846, "funders-backfile": 0.41605839133262634, "licenses-backfile": 0.9967558979988098, "funders-current": 0.4751773178577423, "affiliations-backfile": 0.9862124919891357, "resource-links-backfile": 0.9991889595985413, "orcids-backfile": 0.03163016960024834, "update-policies-current": 0.978723406791687, "open-references-backfile": 1.0, "orcids-current": 0.9751772880554199, "similarity-checking-backfile": 0.9967558979988098, "references-backfile": 0.985401451587677, "award-numbers-backfile": 0.26358476281166077, "update-policies-backfile": 1.0, "licenses-current": 0.9503546357154846, "award-numbers-current": 0.326241135597229, "abstracts-backfile": 0.0, "resource-links-current": 0.9503546357154846, "abstracts-current": 0.0, "open-references-current": 1.0, "references-current": 0.9219858050346375}, "title": "Annals of Laboratory Medicine", "subjects": [{"name": "Clinical Biochemistry", "ASJC": 1308}, {"name": "General Medicine", "ASJC": 2700}, {"name": "Biochemistry, medical", "ASJC": 2704}], "coverage-type": {"all": {"last-status-check-time": 1621332505339, "affiliations": 0.9854881167411804, "abstracts": 0.0, "orcids": 0.2071240097284317, "licenses": 0.9874669909477234, "references": 0.9729551672935486, "funders": 0.4267809987068176, "similarity-checking": 0.9874669909477234, "award-numbers": 0.27506595849990845, "update-policies": 0.9953826069831848, "resource-links": 0.9894459247589111, "open-references": 1.0}, "backfile": {"last-status-check-time": 1621332503190, "affiliations": 0.9862124919891357, "abstracts": 0.0, "orcids": 0.03163016960024834, "licenses": 0.9967558979988098, "references": 0.985401451587677, "funders": 0.41605839133262634, "similarity-checking": 0.9967558979988098, "award-numbers": 0.26358476281166077, "update-policies": 1.0, "resource-links": 0.9991889595985413, "open-references": 1.0}, "current": {"last-status-check-time": 1621332501145, "affiliations": 0.9858155846595764, "abstracts": 0.0, "orcids": 0.9751772880554199, "licenses": 0.9503546357154846, "references": 0.9219858050346375, "funders": 0.4751773178577423, "similarity-checking": 0.9503546357154846, "award-numbers": 0.326241135597229, "update-policies": 0.978723406791687, "resource-links": 0.9503546357154846, "open-references": 1.0}}, "flags": {"deposits-abstracts-current": false, "deposits-orcids-current": true, "deposits": true, "deposits-affiliations-backfile": true, "deposits-update-policies-backfile": true, "deposits-similarity-checking-backfile": true, "deposits-award-numbers-current": true, "deposits-resource-links-current": true, "deposits-articles": true, "deposits-affiliations-current": true, "deposits-funders-current": true, "deposits-references-backfile": true, "deposits-abstracts-backfile": false, "deposits-licenses-backfile": true, "deposits-award-numbers-backfile": true, "deposits-open-references-backfile": true, "deposits-open-references-current": true, "deposits-references-current": true, "deposits-resource-links-backfile": true, "deposits-orcids-backfile": true, "deposits-funders-backfile": true, "deposits-update-policies-current": true, "deposits-similarity-checking-current": true, "deposits-licenses-current": true}, "ISSN": ["2234-3814", "2234-3806"], "issn-type": [{"value": "2234-3814", "type": "electronic"}, {"value": "2234-3806", "type": "print"}]}