{"last-status-check-time": 1621139744891, "counts": {"total-dois": 568, "current-dois": 197, "backfile-dois": 371}, "breakdowns": {"dois-by-issued-year": [[2020, 98], [2014, 75], [2019, 65], [2013, 64], [2015, 62], [2017, 59], [2016, 56], [2018, 55], [2021, 34]]}, "publisher": "Korean Society of Coloproctology (KAMJE)", "coverage": {"affiliations-current": 0.0, "similarity-checking-current": 0.7868020534515381, "funders-backfile": 0.05390835553407669, "licenses-backfile": 1.0, "funders-current": 0.09137056022882462, "affiliations-backfile": 0.6873315572738647, "resource-links-backfile": 0.3827493190765381, "orcids-backfile": 0.12398921698331833, "update-policies-current": 1.0, "open-references-backfile": 1.0, "orcids-current": 0.7766497731208801, "similarity-checking-backfile": 1.0, "references-backfile": 0.9838274717330933, "award-numbers-backfile": 0.02964959479868412, "update-policies-backfile": 0.3072776198387146, "licenses-current": 0.7868020534515381, "award-numbers-current": 0.07614213228225708, "abstracts-backfile": 0.0, "resource-links-current": 0.7868020534515381, "abstracts-current": 0.4263959527015686, "open-references-current": 1.0, "references-current": 0.7563451528549194}, "title": "Annals of Coloproctology", "subjects": [{"name": "Gastroenterology", "ASJC": 2715}], "coverage-type": {"all": {"last-status-check-time": 1621139738741, "affiliations": 0.4489436745643616, "abstracts": 0.14788731932640076, "orcids": 0.35035210847854614, "licenses": 0.9260563254356384, "references": 0.9049295783042908, "funders": 0.06690140813589096, "similarity-checking": 0.9260563254356384, "award-numbers": 0.04577464610338211, "update-policies": 0.547535240650177, "resource-links": 0.5228873491287231, "open-references": 1.0}, "backfile": {"last-status-check-time": 1621139736699, "affiliations": 0.6873315572738647, "abstracts": 0.0, "orcids": 0.12398921698331833, "licenses": 1.0, "references": 0.9838274717330933, "funders": 0.05390835553407669, "similarity-checking": 1.0, "award-numbers": 0.02964959479868412, "update-policies": 0.3072776198387146, "resource-links": 0.3827493190765381, "open-references": 1.0}, "current": {"last-status-check-time": 1621139734690, "affiliations": 0.0, "abstracts": 0.4263959527015686, "orcids": 0.7766497731208801, "licenses": 0.7868020534515381, "references": 0.7563451528549194, "funders": 0.09137056022882462, "similarity-checking": 0.7868020534515381, "award-numbers": 0.07614213228225708, "update-policies": 1.0, "resource-links": 0.7868020534515381, "open-references": 1.0}}, "flags": {"deposits-abstracts-current": true, "deposits-orcids-current": true, "deposits": true, "deposits-affiliations-backfile": true, "deposits-update-policies-backfile": true, "deposits-similarity-checking-backfile": true, "deposits-award-numbers-current": true, "deposits-resource-links-current": true, "deposits-articles": true, "deposits-affiliations-current": false, "deposits-funders-current": true, "deposits-references-backfile": true, "deposits-abstracts-backfile": false, "deposits-licenses-backfile": true, "deposits-award-numbers-backfile": true, "deposits-open-references-backfile": true, "deposits-open-references-current": true, "deposits-references-current": true, "deposits-resource-links-backfile": true, "deposits-orcids-backfile": true, "deposits-funders-backfile": true, "deposits-update-policies-current": true, "deposits-similarity-checking-current": true, "deposits-licenses-current": true}, "ISSN": ["2287-9722", "2287-9714"], "issn-type": [{"value": "2287-9722", "type": "electronic"}, {"value": "2287-9714", "type": "print"}]}