{"last-status-check-time": 1621332156212, "counts": {"total-dois": 1198, "current-dois": 158, "backfile-dois": 1040}, "breakdowns": {"dois-by-issued-year": [[2017, 150], [2016, 150], [2015, 142], [2013, 135], [2012, 131], [2014, 128], [2018, 113], [2011, 91], [2019, 78], [2020, 60], [2021, 20]]}, "publisher": "Korean Academy of Rehabilitation Medicine", "coverage": {"affiliations-current": 0.0, "similarity-checking-current": 1.0, "funders-backfile": 0.024038461968302727, "licenses-backfile": 1.0, "funders-current": 0.43670886754989624, "affiliations-backfile": 0.932692289352417, "resource-links-backfile": 0.32596153020858765, "orcids-backfile": 0.3346153795719147, "update-policies-current": 1.0, "open-references-backfile": 1.0, "orcids-current": 0.9746835231781006, "similarity-checking-backfile": 1.0, "references-backfile": 0.982692301273346, "award-numbers-backfile": 0.013461538590490818, "update-policies-backfile": 0.0634615421295166, "licenses-current": 1.0, "award-numbers-current": 0.27848100662231445, "abstracts-backfile": 0.0, "resource-links-current": 1.0, "abstracts-current": 0.474683552980423, "open-references-current": 1.0, "references-current": 0.9683544039726257}, "title": "Annals of Rehabilitation Medicine", "subjects": [{"name": "Rehabilitation", "ASJC": 2742}], "coverage-type": {"all": {"last-status-check-time": 1621332149444, "affiliations": 0.8096827864646912, "abstracts": 0.06260433793067932, "orcids": 0.41903170943260193, "licenses": 1.0, "references": 0.9808013439178467, "funders": 0.07846410572528839, "similarity-checking": 1.0, "award-numbers": 0.048414021730422974, "update-policies": 0.1869782954454422, "resource-links": 0.4148581027984619, "open-references": 1.0}, "backfile": {"last-status-check-time": 1621332147242, "affiliations": 0.932692289352417, "abstracts": 0.0, "orcids": 0.3346153795719147, "licenses": 1.0, "references": 0.982692301273346, "funders": 0.024038461968302727, "similarity-checking": 1.0, "award-numbers": 0.013461538590490818, "update-policies": 0.0634615421295166, "resource-links": 0.32596153020858765, "open-references": 1.0}, "current": {"last-status-check-time": 1621332145194, "affiliations": 0.0, "abstracts": 0.474683552980423, "orcids": 0.9746835231781006, "licenses": 1.0, "references": 0.9683544039726257, "funders": 0.43670886754989624, "similarity-checking": 1.0, "award-numbers": 0.27848100662231445, "update-policies": 1.0, "resource-links": 1.0, "open-references": 1.0}}, "flags": {"deposits-abstracts-current": true, "deposits-orcids-current": true, "deposits": true, "deposits-affiliations-backfile": true, "deposits-update-policies-backfile": true, "deposits-similarity-checking-backfile": true, "deposits-award-numbers-current": true, "deposits-resource-links-current": true, "deposits-articles": true, "deposits-affiliations-current": false, "deposits-funders-current": true, "deposits-references-backfile": true, "deposits-abstracts-backfile": false, "deposits-licenses-backfile": true, "deposits-award-numbers-backfile": true, "deposits-open-references-backfile": true, "deposits-open-references-current": true, "deposits-references-current": true, "deposits-resource-links-backfile": true, "deposits-orcids-backfile": true, "deposits-funders-backfile": true, "deposits-update-policies-current": true, "deposits-similarity-checking-current": true, "deposits-licenses-current": true}, "ISSN": ["2234-0653", "2234-0645"], "issn-type": [{"value": "2234-0653", "type": "electronic"}, {"value": "2234-0645", "type": "print"}]}