{"last-status-check-time": 1621068424161, "counts": {"total-dois": 14728, "current-dois": 491, "backfile-dois": 14237}, "breakdowns": {"dois-by-issued-year": [[2007, 333], [2011, 327], [2009, 321], [2013, 310], [2000, 300], [2012, 298], [2001, 278], [2018, 277], [2010, 272], [2005, 269], [2014, 266], [2008, 261], [2006, 251], [2016, 240], [1981, 235], [2004, 232], [2002, 232], [1983, 226], [2019, 222], [2017, 221], [1998, 219], [1985, 216], [1986, 212], [1984, 211], [1991, 207], [1987, 206], [1979, 206], [2020, 205], [2015, 202], [1997, 202], [1982, 199], [1988, 195], [1990, 192], [1992, 191], [1980, 191], [1996, 188], [1989, 188], [2003, 187], [1999, 182], [1994, 177], [1977, 171], [1978, 170], [1995, 163], [1976, 157], [1993, 155], [1975, 135], [1974, 130], [1973, 117], [1971, 114], [1970, 105], [1972, 100], [1969, 85], [1968, 72], [1911, 69], [1967, 68], [1966, 67], [1912, 65], [2021, 64], [1938, 63], [1923, 63], [1933, 62], [1965, 60], [1964, 60], [1934, 60], [1963, 59], [1959, 59], [1910, 59], [1932, 58], [1924, 57], [1939, 56], [1937, 56], [1930, 56], [1935, 55], [1962, 54], [1916, 54], [1888, 53], [1929, 52], [1901, 52], [1925, 51], [1909, 51], [1940, 50], [1889, 50], [1928, 49], [1926, 49], [1902, 49], [1936, 48], [1931, 48], [1927, 48], [1913, 47], [1905, 46], [1960, 45], [1957, 45], [1922, 45], [1919, 45], [1908, 45], [1898, 45], [1961, 44], [1895, 44], [1914, 43], [1899, 43], [1896, 43], [1956, 42], [1915, 42], [1958, 41], [1953, 41], [1900, 41], [1921, 40], [1906, 40], [1903, 40], [1941, 39], [1920, 39], [1904, 39], [1897, 39], [1952, 38], [1955, 37], [1954, 36], [1892, 36], [1950, 34], [1918, 34], [1917, 34], [1907, 34], [1951, 33], [1942, 32], [1948, 31], [1894, 30], [1949, 29], [1946, 29], [1891, 29], [1893, 28], [1943, 27], [1887, 27], [1947, 25], [1944, 25], [1890, 22], [1945, 20]]}, "publisher": "Oxford University Press", "coverage": {"affiliations-current": 0.9022403359413147, "similarity-checking-current": 0.9694501161575317, "funders-backfile": 0.011800238862633705, "licenses-backfile": 0.016857484355568886, "funders-current": 0.7087576389312744, "affiliations-backfile": 0.01882418990135193, "resource-links-backfile": 0.0, "orcids-backfile": 0.000561916152946651, "update-policies-current": 0.0, "open-references-backfile": 1.0, "orcids-current": 0.15071283280849457, "similarity-checking-backfile": 0.960736095905304, "references-backfile": 0.21872586011886597, "award-numbers-backfile": 0.01039544865489006, "update-policies-backfile": 0.030554190278053284, "licenses-current": 0.9775967597961426, "award-numbers-current": 0.5580447912216187, "abstracts-backfile": 0.0014750298578292131, "resource-links-current": 0.0, "abstracts-current": 0.8391038775444031, "open-references-current": 1.0, "references-current": 0.8533604741096497}, "title": "Annals of Botany", "subjects": [{"name": "Plant Science", "ASJC": 1110}], "coverage-type": {"all": {"last-status-check-time": 1621068416301, "affiliations": 0.04827539250254631, "abstracts": 0.029399782419204712, "orcids": 0.005567626096308231, "licenses": 0.04888647422194481, "references": 0.2398832142353058, "funders": 0.035035308450460434, "similarity-checking": 0.9610266089439392, "award-numbers": 0.02865290641784668, "update-policies": 0.029535578563809395, "resource-links": 0.0, "open-references": 1.0}, "backfile": {"last-status-check-time": 1621068413391, "affiliations": 0.01882418990135193, "abstracts": 0.0014750298578292131, "orcids": 0.000561916152946651, "licenses": 0.016857484355568886, "references": 0.21872586011886597, "funders": 0.011800238862633705, "similarity-checking": 0.960736095905304, "award-numbers": 0.01039544865489006, "update-policies": 0.030554190278053284, "resource-links": 0.0, "open-references": 1.0}, "current": {"last-status-check-time": 1621068410889, "affiliations": 0.9022403359413147, "abstracts": 0.8391038775444031, "orcids": 0.15071283280849457, "licenses": 0.9775967597961426, "references": 0.8533604741096497, "funders": 0.7087576389312744, "similarity-checking": 0.9694501161575317, "award-numbers": 0.5580447912216187, "update-policies": 0.0, "resource-links": 0.0, "open-references": 1.0}}, "flags": {"deposits-abstracts-current": true, "deposits-orcids-current": true, "deposits": true, "deposits-affiliations-backfile": true, "deposits-update-policies-backfile": true, "deposits-similarity-checking-backfile": true, "deposits-award-numbers-current": true, "deposits-resource-links-current": false, "deposits-articles": true, "deposits-affiliations-current": true, "deposits-funders-current": true, "deposits-references-backfile": true, "deposits-abstracts-backfile": true, "deposits-licenses-backfile": true, "deposits-award-numbers-backfile": true, "deposits-open-references-backfile": true, "deposits-open-references-current": true, "deposits-references-current": true, "deposits-resource-links-backfile": false, "deposits-orcids-backfile": true, "deposits-funders-backfile": true, "deposits-update-policies-current": false, "deposits-similarity-checking-current": true, "deposits-licenses-current": true}, "ISSN": ["1095-8290", "0305-7364"], "issn-type": [{"value": "1095-8290", "type": "electronic"}, {"value": "0305-7364", "type": "print"}]}