{"last-status-check-time": 1620693277296, "counts": {"total-dois": 2913, "current-dois": 309, "backfile-dois": 2604}, "breakdowns": {"dois-by-issued-year": [[2011, 223], [2014, 197], [2017, 193], [2015, 187], [2016, 186], [2018, 185], [2019, 170], [2013, 133], [2012, 108], [2009, 107], [2020, 104], [2010, 104], [1999, 73], [2000, 72], [1995, 72], [1996, 64], [2008, 63], [1998, 62], [1997, 62], [2001, 60], [2002, 57], [1994, 48], [2007, 47], [2004, 45], [2003, 44], [2021, 35], [1993, 35], [1990, 34], [1991, 31], [1989, 31], [1992, 29], [2005, 27], [2006, 25]]}, "publisher": "Korean Dermatological Association and The Korean Society for Investigative Dermatology", "coverage": {"affiliations-current": 0.9967637658119202, "similarity-checking-current": 1.0, "funders-backfile": 0.11827956885099411, "licenses-backfile": 0.7880184054374695, "funders-current": 0.35922330617904663, "affiliations-backfile": 0.6735790967941284, "resource-links-backfile": 1.0, "orcids-backfile": 0.13133640587329865, "update-policies-current": 1.0, "open-references-backfile": 0.0, "orcids-current": 0.983818769454956, "similarity-checking-backfile": 1.0, "references-backfile": 0.6370967626571655, "award-numbers-backfile": 0.07258064299821854, "update-policies-backfile": 0.9996159672737122, "licenses-current": 1.0, "award-numbers-current": 0.25242719054222107, "abstracts-backfile": 0.0, "resource-links-current": 1.0, "abstracts-current": 0.0, "open-references-current": 0.0, "references-current": 0.983818769454956}, "title": "Annals of Dermatology", "subjects": [{"name": "Dermatology", "ASJC": 2708}], "coverage-type": {"all": {"last-status-check-time": 1620693270877, "affiliations": 0.7078613042831421, "abstracts": 0.0, "orcids": 0.22176450490951538, "licenses": 0.8105046153068542, "references": 0.6738757491111755, "funders": 0.14383797347545624, "similarity-checking": 1.0, "award-numbers": 0.0916580855846405, "update-policies": 0.9996567368507385, "resource-links": 1.0, "open-references": 0.0}, "backfile": {"last-status-check-time": 1620693268843, "affiliations": 0.6735790967941284, "abstracts": 0.0, "orcids": 0.13133640587329865, "licenses": 0.7880184054374695, "references": 0.6370967626571655, "funders": 0.11827956885099411, "similarity-checking": 1.0, "award-numbers": 0.07258064299821854, "update-policies": 0.9996159672737122, "resource-links": 1.0, "open-references": 0.0}, "current": {"last-status-check-time": 1620693266788, "affiliations": 0.9967637658119202, "abstracts": 0.0, "orcids": 0.983818769454956, "licenses": 1.0, "references": 0.983818769454956, "funders": 0.35922330617904663, "similarity-checking": 1.0, "award-numbers": 0.25242719054222107, "update-policies": 1.0, "resource-links": 1.0, "open-references": 0.0}}, "flags": {"deposits-abstracts-current": false, "deposits-orcids-current": true, "deposits": true, "deposits-affiliations-backfile": true, "deposits-update-policies-backfile": true, "deposits-similarity-checking-backfile": true, "deposits-award-numbers-current": true, "deposits-resource-links-current": true, "deposits-articles": true, "deposits-affiliations-current": true, "deposits-funders-current": true, "deposits-references-backfile": true, "deposits-abstracts-backfile": false, "deposits-licenses-backfile": true, "deposits-award-numbers-backfile": true, "deposits-open-references-backfile": false, "deposits-open-references-current": false, "deposits-references-current": true, "deposits-resource-links-backfile": true, "deposits-orcids-backfile": true, "deposits-funders-backfile": true, "deposits-update-policies-current": true, "deposits-similarity-checking-current": true, "deposits-licenses-current": true}, "ISSN": ["2005-3894", "1013-9087"], "issn-type": [{"value": "2005-3894", "type": "electronic"}, {"value": "1013-9087", "type": "print"}]}