{"last-status-check-time": 1621228222622, "counts": {"total-dois": 753, "current-dois": 138, "backfile-dois": 615}, "breakdowns": {"dois-by-issued-year": [[2017, 77], [2020, 61], [2016, 60], [2014, 60], [2015, 55], [2018, 47], [2019, 43], [2013, 41], [2011, 38], [2009, 36], [2021, 34], [2012, 34], [2006, 32], [2010, 31], [2004, 27], [2005, 22], [2008, 20], [2007, 17], [2003, 12], [2002, 6]]}, "publisher": "Springer (Biomed Central Ltd.)", "coverage": {"affiliations-current": 0.0, "similarity-checking-current": 1.0, "funders-backfile": 0.13658536970615387, "licenses-backfile": 0.18211382627487183, "funders-current": 0.43478259444236755, "affiliations-backfile": 0.0, "resource-links-backfile": 0.18211382627487183, "orcids-backfile": 0.04715447127819061, "update-policies-current": 1.0, "open-references-backfile": 1.0, "orcids-current": 0.3913043439388275, "similarity-checking-backfile": 0.4390243887901306, "references-backfile": 0.637398362159729, "award-numbers-backfile": 0.10731707513332367, "update-policies-backfile": 0.43414634466171265, "licenses-current": 1.0, "award-numbers-current": 0.37681159377098083, "abstracts-backfile": 0.00325203244574368, "resource-links-current": 1.0, "abstracts-current": 0.6594203114509583, "open-references-current": 1.0, "references-current": 0.9927536249160767}, "title": "Annals of Clinical Microbiology and Antimicrobials", "subjects": [{"name": "General Medicine", "ASJC": 2700}, {"name": "Infectious Diseases", "ASJC": 2725}, {"name": "Microbiology (medical)", "ASJC": 2726}], "coverage-type": {"all": {"last-status-check-time": 1621228215641, "affiliations": 0.0, "abstracts": 0.12350597977638245, "orcids": 0.11022576689720154, "licenses": 0.3320053219795227, "references": 0.7025232315063477, "funders": 0.19123506546020508, "similarity-checking": 0.541832685470581, "award-numbers": 0.15670651197433472, "update-policies": 0.5378485918045044, "resource-links": 0.3320053219795227, "open-references": 1.0}, "backfile": {"last-status-check-time": 1621228213243, "affiliations": 0.0, "abstracts": 0.00325203244574368, "orcids": 0.04715447127819061, "licenses": 0.18211382627487183, "references": 0.637398362159729, "funders": 0.13658536970615387, "similarity-checking": 0.4390243887901306, "award-numbers": 0.10731707513332367, "update-policies": 0.43414634466171265, "resource-links": 0.18211382627487183, "open-references": 1.0}, "current": {"last-status-check-time": 1621228211063, "affiliations": 0.0, "abstracts": 0.6594203114509583, "orcids": 0.3913043439388275, "licenses": 1.0, "references": 0.9927536249160767, "funders": 0.43478259444236755, "similarity-checking": 1.0, "award-numbers": 0.37681159377098083, "update-policies": 1.0, "resource-links": 1.0, "open-references": 1.0}}, "flags": {"deposits-abstracts-current": true, "deposits-orcids-current": true, "deposits": true, "deposits-affiliations-backfile": false, "deposits-update-policies-backfile": true, "deposits-similarity-checking-backfile": true, "deposits-award-numbers-current": true, "deposits-resource-links-current": true, "deposits-articles": true, "deposits-affiliations-current": false, "deposits-funders-current": true, "deposits-references-backfile": true, "deposits-abstracts-backfile": true, "deposits-licenses-backfile": true, "deposits-award-numbers-backfile": true, "deposits-open-references-backfile": true, "deposits-open-references-current": true, "deposits-references-current": true, "deposits-resource-links-backfile": true, "deposits-orcids-backfile": true, "deposits-funders-backfile": true, "deposits-update-policies-current": true, "deposits-similarity-checking-current": true, "deposits-licenses-current": true}, "ISSN": ["1476-0711", "1476-0711"], "issn-type": [{"value": "1476-0711", "type": "electronic"}, {"value": "1476-0711", "type": "print"}]}