{"last-status-check-time": 1617044978254, "counts": {"total-dois": 409, "current-dois": 90, "backfile-dois": 319}, "breakdowns": {"dois-by-issued-year": [[2016, 71], [2018, 69], [2017, 55], [2014, 48], [2019, 43], [2013, 42], [2020, 40], [2015, 34], [2021, 7]]}, "publisher": "Korean Society of Occupational and Environmental Medicine", "coverage": {"affiliations-current": 0.9444444179534912, "similarity-checking-current": 1.0, "funders-backfile": 0.15673981606960297, "licenses-backfile": 0.2695924639701843, "funders-current": 0.30000001192092896, "affiliations-backfile": 0.0, "resource-links-backfile": 0.2695924639701843, "orcids-backfile": 0.21316614747047424, "update-policies-current": 0.9444444179534912, "open-references-backfile": 1.0, "orcids-current": 0.8999999761581421, "similarity-checking-backfile": 1.0, "references-backfile": 0.9749216437339783, "award-numbers-backfile": 0.07523510605096817, "update-policies-backfile": 0.846394956111908, "licenses-current": 0.9666666388511658, "award-numbers-current": 0.06666667014360428, "abstracts-backfile": 0.0, "resource-links-current": 0.9666666388511658, "abstracts-current": 0.0, "open-references-current": 1.0, "references-current": 0.9888888597488403}, "title": "Annals of Occupational and Environmental Medicine", "subjects": [], "coverage-type": {"all": {"last-status-check-time": 1617044970288, "affiliations": 0.2078239619731903, "abstracts": 0.0, "orcids": 0.3643031716346741, "licenses": 0.4229828715324402, "references": 0.9779950976371765, "funders": 0.18826405704021454, "similarity-checking": 1.0, "award-numbers": 0.07334963232278824, "update-policies": 0.8679706454277039, "resource-links": 0.4229828715324402, "open-references": 1.0}, "backfile": {"last-status-check-time": 1617044967572, "affiliations": 0.0, "abstracts": 0.0, "orcids": 0.21316614747047424, "licenses": 0.2695924639701843, "references": 0.9749216437339783, "funders": 0.15673981606960297, "similarity-checking": 1.0, "award-numbers": 0.07523510605096817, "update-policies": 0.846394956111908, "resource-links": 0.2695924639701843, "open-references": 1.0}, "current": {"last-status-check-time": 1617044964839, "affiliations": 0.9444444179534912, "abstracts": 0.0, "orcids": 0.8999999761581421, "licenses": 0.9666666388511658, "references": 0.9888888597488403, "funders": 0.30000001192092896, "similarity-checking": 1.0, "award-numbers": 0.06666667014360428, "update-policies": 0.9444444179534912, "resource-links": 0.9666666388511658, "open-references": 1.0}}, "flags": {"deposits-abstracts-current": false, "deposits-orcids-current": true, "deposits": true, "deposits-affiliations-backfile": false, "deposits-update-policies-backfile": true, "deposits-similarity-checking-backfile": true, "deposits-award-numbers-current": true, "deposits-resource-links-current": true, "deposits-articles": true, "deposits-affiliations-current": true, "deposits-funders-current": true, "deposits-references-backfile": true, "deposits-abstracts-backfile": false, "deposits-licenses-backfile": true, "deposits-award-numbers-backfile": true, "deposits-open-references-backfile": true, "deposits-open-references-current": true, "deposits-references-current": true, "deposits-resource-links-backfile": true, "deposits-orcids-backfile": true, "deposits-funders-backfile": true, "deposits-update-policies-current": true, "deposits-similarity-checking-current": true, "deposits-licenses-current": true}, "ISSN": ["2052-4374", "2052-4374"], "issn-type": [{"value": "2052-4374", "type": "electronic"}, {"value": "2052-4374", "type": "print"}]}