{"last-status-check-time": 1620974931512, "counts": {"total-dois": 1871, "current-dois": 73, "backfile-dois": 1798}, "breakdowns": {"dois-by-issued-year": [[2020, 40], [2017, 38], [1993, 35], [2011, 32], [2002, 32], [2019, 31], [2013, 31], [2010, 31], [1988, 31], [2003, 30], [1994, 30], [1985, 30], [2009, 29], [2007, 29], [2001, 29], [2000, 29], [1996, 29], [1995, 29], [1990, 29], [1987, 29], [2015, 28], [1986, 28], [1971, 28], [2014, 27], [1983, 27], [1978, 27], [1963, 27], [2012, 26], [2008, 26], [2006, 26], [2004, 26], [1992, 26], [1977, 26], [1976, 26], [1975, 26], [1967, 26], [2018, 25], [2016, 25], [2005, 25], [1991, 25], [1989, 25], [1984, 25], [1979, 25], [1998, 24], [1980, 24], [1973, 24], [1954, 24], [1997, 23], [1982, 23], [1981, 23], [1959, 23], [1957, 23], [1952, 23], [1999, 22], [1970, 22], [1969, 22], [1968, 22], [1974, 21], [1972, 21], [1965, 21], [1958, 21], [1953, 21], [1951, 21], [1949, 20], [1948, 20], [1960, 19], [1956, 19], [1950, 19], [1947, 19], [1966, 18], [1955, 18], [1964, 16], [1961, 15], [1962, 14], [2021, 2]]}, "publisher": "Annual Reviews", "coverage": {"affiliations-current": 0.9726027250289917, "similarity-checking-current": 1.0, "funders-backfile": 0.0, "licenses-backfile": 0.021134594455361366, "funders-current": 0.0, "affiliations-backfile": 0.3592880964279175, "resource-links-backfile": 0.021134594455361366, "orcids-backfile": 0.0, "update-policies-current": 0.0, "open-references-backfile": 0.0, "orcids-current": 0.0, "similarity-checking-backfile": 0.964961051940918, "references-backfile": 0.3370411694049835, "award-numbers-backfile": 0.0, "update-policies-backfile": 0.0, "licenses-current": 0.0, "award-numbers-current": 0.0, "abstracts-backfile": 0.013348164968192577, "resource-links-current": 0.0, "abstracts-current": 0.9726027250289917, "open-references-current": 0.0, "references-current": 0.9452054500579834}, "title": "Annual Review of Microbiology", "subjects": [{"name": "Microbiology", "ASJC": 2404}], "coverage-type": {"all": {"last-status-check-time": 1620974922759, "affiliations": 0.3830128312110901, "abstracts": 0.050747863948345184, "orcids": 0.0, "licenses": 0.020299145951867104, "references": 0.36057692766189575, "funders": 0.0, "similarity-checking": 0.9658119678497314, "award-numbers": 0.0, "update-policies": 0.0, "resource-links": 0.020299145951867104, "open-references": 0.0}, "backfile": {"last-status-check-time": 1620974891317, "affiliations": 0.3592880964279175, "abstracts": 0.013348164968192577, "orcids": 0.0, "licenses": 0.021134594455361366, "references": 0.3370411694049835, "funders": 0.0, "similarity-checking": 0.964961051940918, "award-numbers": 0.0, "update-policies": 0.0, "resource-links": 0.021134594455361366, "open-references": 0.0}, "current": {"last-status-check-time": 1620974822430, "affiliations": 0.9726027250289917, "abstracts": 0.9726027250289917, "orcids": 0.0, "licenses": 0.0, "references": 0.9452054500579834, "funders": 0.0, "similarity-checking": 1.0, "award-numbers": 0.0, "update-policies": 0.0, "resource-links": 0.0, "open-references": 0.0}}, "flags": {"deposits-abstracts-current": true, "deposits-orcids-current": false, "deposits": true, "deposits-affiliations-backfile": true, "deposits-update-policies-backfile": false, "deposits-similarity-checking-backfile": true, "deposits-award-numbers-current": false, "deposits-resource-links-current": false, "deposits-articles": true, "deposits-affiliations-current": true, "deposits-funders-current": false, "deposits-references-backfile": true, "deposits-abstracts-backfile": true, "deposits-licenses-backfile": true, "deposits-award-numbers-backfile": false, "deposits-open-references-backfile": false, "deposits-open-references-current": false, "deposits-references-current": true, "deposits-resource-links-backfile": true, "deposits-orcids-backfile": false, "deposits-funders-backfile": false, "deposits-update-policies-current": false, "deposits-similarity-checking-current": true, "deposits-licenses-current": false}, "ISSN": ["1545-3251", "0066-4227"], "issn-type": [{"value": "1545-3251", "type": "electronic"}, {"value": "0066-4227", "type": "print"}]}