{"last-status-check-time": 1620677467228, "counts": {"total-dois": 399, "current-dois": 75, "backfile-dois": 324}, "breakdowns": {"dois-by-issued-year": [[2020, 40], [2014, 29], [2005, 27], [2011, 26], [2016, 25], [2009, 25], [2015, 24], [2006, 23], [2013, 22], [2012, 22], [2008, 21], [2019, 20], [2018, 20], [2017, 20], [2010, 20], [2007, 20], [2021, 15]]}, "publisher": "Berghahn Books", "coverage": {"affiliations-current": 0.9333333373069763, "similarity-checking-current": 0.6399999856948853, "funders-backfile": 0.0, "licenses-backfile": 0.003086419776082039, "funders-current": 0.0, "affiliations-backfile": 0.009259259328246117, "resource-links-backfile": 0.20679011940956116, "orcids-backfile": 0.0, "update-policies-current": 0.0, "open-references-backfile": 0.0, "orcids-current": 0.0, "similarity-checking-backfile": 0.003086419776082039, "references-backfile": 0.1635802537202835, "award-numbers-backfile": 0.0, "update-policies-backfile": 0.0, "licenses-current": 0.7333333492279053, "award-numbers-current": 0.0, "abstracts-backfile": 0.15740740299224854, "resource-links-current": 1.0, "abstracts-current": 0.9866666793823242, "open-references-current": 0.0, "references-current": 0.9866666793823242}, "title": "Anthropology in Action", "subjects": [{"name": "Anthropology", "ASJC": 3314}], "coverage-type": {"all": {"last-status-check-time": 1620677461300, "affiliations": 0.18295739591121674, "abstracts": 0.31328320503234863, "orcids": 0.0, "licenses": 0.14035087823867798, "references": 0.31829574704170227, "funders": 0.0, "similarity-checking": 0.12280701845884323, "award-numbers": 0.0, "update-policies": 0.0, "resource-links": 0.3558897376060486, "open-references": 0.0}, "backfile": {"last-status-check-time": 1620677459312, "affiliations": 0.009259259328246117, "abstracts": 0.15740740299224854, "orcids": 0.0, "licenses": 0.003086419776082039, "references": 0.1635802537202835, "funders": 0.0, "similarity-checking": 0.003086419776082039, "award-numbers": 0.0, "update-policies": 0.0, "resource-links": 0.20679011940956116, "open-references": 0.0}, "current": {"last-status-check-time": 1620677457385, "affiliations": 0.9333333373069763, "abstracts": 0.9866666793823242, "orcids": 0.0, "licenses": 0.7333333492279053, "references": 0.9866666793823242, "funders": 0.0, "similarity-checking": 0.6399999856948853, "award-numbers": 0.0, "update-policies": 0.0, "resource-links": 1.0, "open-references": 0.0}}, "flags": {"deposits-abstracts-current": true, "deposits-orcids-current": false, "deposits": true, "deposits-affiliations-backfile": true, "deposits-update-policies-backfile": false, "deposits-similarity-checking-backfile": true, "deposits-award-numbers-current": false, "deposits-resource-links-current": true, "deposits-articles": true, "deposits-affiliations-current": true, "deposits-funders-current": false, "deposits-references-backfile": true, "deposits-abstracts-backfile": true, "deposits-licenses-backfile": true, "deposits-award-numbers-backfile": false, "deposits-open-references-backfile": false, "deposits-open-references-current": false, "deposits-references-current": true, "deposits-resource-links-backfile": true, "deposits-orcids-backfile": false, "deposits-funders-backfile": false, "deposits-update-policies-current": false, "deposits-similarity-checking-current": true, "deposits-licenses-current": true}, "ISSN": ["1752-2285", "0967-201X"], "issn-type": [{"value": "1752-2285", "type": "electronic"}, {"value": "0967-201X", "type": "print"}]}