{"last-status-check-time": 1617038017529, "counts": {"total-dois": 1863, "current-dois": 472, "backfile-dois": 1391}, "breakdowns": {"dois-by-issued-year": [[2013, 531], [2015, 431], [2019, 208], [2020, 202], [2018, 159], [2017, 132], [2021, 62], [2016, 58], [2014, 40], [2012, 40]]}, "publisher": "Springer (Biomed Central Ltd.)", "coverage": {"affiliations-current": 0.0, "similarity-checking-current": 1.0, "funders-backfile": 0.12652768194675446, "licenses-backfile": 0.34148094058036804, "funders-current": 0.4830508530139923, "affiliations-backfile": 0.0, "resource-links-backfile": 0.34148094058036804, "orcids-backfile": 0.09561466425657272, "update-policies-current": 1.0, "open-references-backfile": 1.0, "orcids-current": 0.6970338821411133, "similarity-checking-backfile": 0.7692307829856873, "references-backfile": 0.4148094952106476, "award-numbers-backfile": 0.0855499655008316, "update-policies-backfile": 0.5413371920585632, "licenses-current": 1.0, "award-numbers-current": 0.40042373538017273, "abstracts-backfile": 0.0, "resource-links-current": 1.0, "abstracts-current": 0.47457626461982727, "open-references-current": 1.0, "references-current": 0.9978813529014587}, "title": "Antimicrobial Resistance and Infection Control", "subjects": [], "coverage-type": {"all": {"last-status-check-time": 1617038008801, "affiliations": 0.0, "abstracts": 0.12023618072271347, "orcids": 0.24798712134361267, "licenses": 0.5083199143409729, "references": 0.5625335574150085, "funders": 0.2168545424938202, "similarity-checking": 0.8276972770690918, "award-numbers": 0.16532474756240845, "update-policies": 0.6575415730476379, "resource-links": 0.5083199143409729, "open-references": 1.0}, "backfile": {"last-status-check-time": 1617038006016, "affiliations": 0.0, "abstracts": 0.0, "orcids": 0.09561466425657272, "licenses": 0.34148094058036804, "references": 0.4148094952106476, "funders": 0.12652768194675446, "similarity-checking": 0.7692307829856873, "award-numbers": 0.0855499655008316, "update-policies": 0.5413371920585632, "resource-links": 0.34148094058036804, "open-references": 1.0}, "current": {"last-status-check-time": 1617038003389, "affiliations": 0.0, "abstracts": 0.47457626461982727, "orcids": 0.6970338821411133, "licenses": 1.0, "references": 0.9978813529014587, "funders": 0.4830508530139923, "similarity-checking": 1.0, "award-numbers": 0.40042373538017273, "update-policies": 1.0, "resource-links": 1.0, "open-references": 1.0}}, "flags": {"deposits-abstracts-current": true, "deposits-orcids-current": true, "deposits": true, "deposits-affiliations-backfile": false, "deposits-update-policies-backfile": true, "deposits-similarity-checking-backfile": true, "deposits-award-numbers-current": true, "deposits-resource-links-current": true, "deposits-articles": true, "deposits-affiliations-current": false, "deposits-funders-current": true, "deposits-references-backfile": true, "deposits-abstracts-backfile": false, "deposits-licenses-backfile": true, "deposits-award-numbers-backfile": true, "deposits-open-references-backfile": true, "deposits-open-references-current": true, "deposits-references-current": true, "deposits-resource-links-backfile": true, "deposits-orcids-backfile": true, "deposits-funders-backfile": true, "deposits-update-policies-current": true, "deposits-similarity-checking-current": true, "deposits-licenses-current": true}, "ISSN": ["2047-2994", "2047-2994"], "issn-type": [{"value": "2047-2994", "type": "electronic"}, {"value": "2047-2994", "type": "print"}]}