{"last-status-check-time": 1620975108245, "counts": {"total-dois": 902, "current-dois": 224, "backfile-dois": 678}, "breakdowns": {"dois-by-issued-year": [[2020, 196], [1999, 55], [1998, 45], [1997, 33], [2012, 32], [2010, 32], [2008, 32], [2018, 29], [2011, 29], [2019, 28], [2017, 28], [2009, 28], [1996, 28], [2016, 27], [2015, 27], [2014, 27], [2013, 27], [2005, 27], [2007, 26], [2003, 24], [2002, 24], [2000, 24], [2001, 23], [2006, 22], [2004, 22], [1995, 2], [1994, 1], [1993, 1], [1992, 1], [1991, 1], [1990, 1]]}, "publisher": "Editorial CSIC", "coverage": {"affiliations-current": 0.0, "similarity-checking-current": 0.9821428656578064, "funders-backfile": 0.0, "licenses-backfile": 0.09882006049156189, "funders-current": 0.0223214291036129, "affiliations-backfile": 0.0, "resource-links-backfile": 0.09882006049156189, "orcids-backfile": 0.07817108929157257, "update-policies-current": 0.0, "open-references-backfile": 1.0, "orcids-current": 0.2321428507566452, "similarity-checking-backfile": 0.9247787594795227, "references-backfile": 0.33185839653015137, "award-numbers-backfile": 0.0, "update-policies-backfile": 0.0, "licenses-current": 0.9821428656578064, "award-numbers-current": 0.01785714365541935, "abstracts-backfile": 0.09882006049156189, "resource-links-current": 0.9821428656578064, "abstracts-current": 0.9776785969734192, "open-references-current": 1.0, "references-current": 0.1160714253783226}, "title": "Anuario de Estudios Medievales", "subjects": [{"name": "History", "ASJC": 1202}], "coverage-type": {"all": {"last-status-check-time": 1620975100383, "affiliations": 0.0, "abstracts": 0.31672203540802, "orcids": 0.11627907305955887, "licenses": 0.3178294599056244, "references": 0.2779623568058014, "funders": 0.005537098739296198, "similarity-checking": 0.9379844665527344, "award-numbers": 0.004429678898304701, "update-policies": 0.0, "resource-links": 0.3178294599056244, "open-references": 1.0}, "backfile": {"last-status-check-time": 1620975097623, "affiliations": 0.0, "abstracts": 0.09882006049156189, "orcids": 0.07817108929157257, "licenses": 0.09882006049156189, "references": 0.33185839653015137, "funders": 0.0, "similarity-checking": 0.9247787594795227, "award-numbers": 0.0, "update-policies": 0.0, "resource-links": 0.09882006049156189, "open-references": 1.0}, "current": {"last-status-check-time": 1620975095205, "affiliations": 0.0, "abstracts": 0.9776785969734192, "orcids": 0.2321428507566452, "licenses": 0.9821428656578064, "references": 0.1160714253783226, "funders": 0.0223214291036129, "similarity-checking": 0.9821428656578064, "award-numbers": 0.01785714365541935, "update-policies": 0.0, "resource-links": 0.9821428656578064, "open-references": 1.0}}, "flags": {"deposits-abstracts-current": true, "deposits-orcids-current": true, "deposits": true, "deposits-affiliations-backfile": false, "deposits-update-policies-backfile": false, "deposits-similarity-checking-backfile": true, "deposits-award-numbers-current": true, "deposits-resource-links-current": true, "deposits-articles": true, "deposits-affiliations-current": false, "deposits-funders-current": true, "deposits-references-backfile": true, "deposits-abstracts-backfile": true, "deposits-licenses-backfile": true, "deposits-award-numbers-backfile": false, "deposits-open-references-backfile": true, "deposits-open-references-current": true, "deposits-references-current": true, "deposits-resource-links-backfile": true, "deposits-orcids-backfile": true, "deposits-funders-backfile": false, "deposits-update-policies-current": false, "deposits-similarity-checking-current": true, "deposits-licenses-current": true}, "ISSN": ["1988-4230", "0066-5061"], "issn-type": [{"value": "1988-4230", "type": "electronic"}, {"value": "0066-5061", "type": "print"}]}