{"last-status-check-time": 1621036250665, "counts": {"total-dois": 792, "current-dois": 50, "backfile-dois": 742}, "breakdowns": {"dois-by-issued-year": [[1998, 32], [2008, 30], [2001, 30], [1996, 30], [1994, 30], [1999, 28], [1997, 28], [2000, 27], [1995, 27], [2018, 26], [2017, 26], [2010, 26], [2006, 26], [2005, 26], [2020, 25], [2019, 25], [2016, 25], [2009, 25], [2007, 25], [2002, 25], [2015, 24], [2014, 24], [2013, 24], [2012, 24], [2003, 24], [1993, 24], [2011, 23], [2004, 22], [1992, 22], [1990, 21], [1991, 18]]}, "publisher": "Editorial CSIC", "coverage": {"affiliations-current": 0.0, "similarity-checking-current": 0.9200000166893005, "funders-backfile": 0.0, "licenses-backfile": 0.2210242599248886, "funders-current": 0.10000000149011612, "affiliations-backfile": 0.0, "resource-links-backfile": 0.21967655420303345, "orcids-backfile": 0.07951482385396957, "update-policies-current": 0.0, "open-references-backfile": 1.0, "orcids-current": 0.8999999761581421, "similarity-checking-backfile": 0.8787062168121338, "references-backfile": 0.20619946718215942, "award-numbers-backfile": 0.0, "update-policies-backfile": 0.0, "licenses-current": 0.9200000166893005, "award-numbers-current": 0.10000000149011612, "abstracts-backfile": 0.2210242599248886, "resource-links-current": 0.9200000166893005, "abstracts-current": 0.8999999761581421, "open-references-current": 1.0, "references-current": 0.8799999952316284}, "title": "Anuario de Estudios Americanos", "subjects": [{"name": "Cultural Studies", "ASJC": 3316}], "coverage-type": {"all": {"last-status-check-time": 1621036242043, "affiliations": 0.0, "abstracts": 0.2635561227798462, "orcids": 0.13114753365516663, "licenses": 0.26481714844703674, "references": 0.2484237104654312, "funders": 0.0063051702454686165, "similarity-checking": 0.8802017569541931, "award-numbers": 0.0063051702454686165, "update-policies": 0.0, "resource-links": 0.2635561227798462, "open-references": 1.0}, "backfile": {"last-status-check-time": 1621036239690, "affiliations": 0.0, "abstracts": 0.2210242599248886, "orcids": 0.07951482385396957, "licenses": 0.2210242599248886, "references": 0.20619946718215942, "funders": 0.0, "similarity-checking": 0.8787062168121338, "award-numbers": 0.0, "update-policies": 0.0, "resource-links": 0.21967655420303345, "open-references": 1.0}, "current": {"last-status-check-time": 1621036237312, "affiliations": 0.0, "abstracts": 0.8999999761581421, "orcids": 0.8999999761581421, "licenses": 0.9200000166893005, "references": 0.8799999952316284, "funders": 0.10000000149011612, "similarity-checking": 0.9200000166893005, "award-numbers": 0.10000000149011612, "update-policies": 0.0, "resource-links": 0.9200000166893005, "open-references": 1.0}}, "flags": {"deposits-abstracts-current": true, "deposits-orcids-current": true, "deposits": true, "deposits-affiliations-backfile": false, "deposits-update-policies-backfile": false, "deposits-similarity-checking-backfile": true, "deposits-award-numbers-current": true, "deposits-resource-links-current": true, "deposits-articles": true, "deposits-affiliations-current": false, "deposits-funders-current": true, "deposits-references-backfile": true, "deposits-abstracts-backfile": true, "deposits-licenses-backfile": true, "deposits-award-numbers-backfile": false, "deposits-open-references-backfile": true, "deposits-open-references-current": true, "deposits-references-current": true, "deposits-resource-links-backfile": true, "deposits-orcids-backfile": true, "deposits-funders-backfile": false, "deposits-update-policies-current": false, "deposits-similarity-checking-current": true, "deposits-licenses-current": true}, "ISSN": ["1988-4273", "0210-5810"], "issn-type": [{"value": "1988-4273", "type": "electronic"}, {"value": "0210-5810", "type": "print"}]}