{"last-status-check-time": 1621308830505, "counts": {"total-dois": 201, "current-dois": 91, "backfile-dois": 110}, "breakdowns": {"dois-by-issued-year": [[2020, 60], [2018, 37], [2019, 26], [2017, 23], [2016, 15], [2015, 15], [2011, 14], [2014, 6], [2021, 5]]}, "publisher": "Emerald (MCB UP)", "coverage": {"affiliations-current": 0.0, "similarity-checking-current": 0.7142857313156128, "funders-backfile": 0.12727272510528564, "licenses-backfile": 1.0, "funders-current": 0.07692307978868484, "affiliations-backfile": 0.0, "resource-links-backfile": 1.0, "orcids-backfile": 0.05454545468091965, "update-policies-current": 0.2637362778186798, "open-references-backfile": 1.0, "orcids-current": 0.1538461595773697, "similarity-checking-backfile": 0.12727272510528564, "references-backfile": 0.8454545736312866, "award-numbers-backfile": 0.072727270424366, "update-policies-backfile": 0.6363636255264282, "licenses-current": 1.0, "award-numbers-current": 0.05494505539536476, "abstracts-backfile": 0.12727272510528564, "resource-links-current": 1.0, "abstracts-current": 0.7142857313156128, "open-references-current": 1.0, "references-current": 0.9780219793319702}, "title": "Applied Computing and Informatics", "subjects": [], "coverage-type": {"all": {"last-status-check-time": 1621308823749, "affiliations": 0.0, "abstracts": 0.39303481578826904, "orcids": 0.09950248897075653, "licenses": 1.0, "references": 0.9054726362228394, "funders": 0.10447761416435242, "similarity-checking": 0.39303481578826904, "award-numbers": 0.06467662006616592, "update-policies": 0.46766167879104614, "resource-links": 1.0, "open-references": 1.0}, "backfile": {"last-status-check-time": 1621308821534, "affiliations": 0.0, "abstracts": 0.12727272510528564, "orcids": 0.05454545468091965, "licenses": 1.0, "references": 0.8454545736312866, "funders": 0.12727272510528564, "similarity-checking": 0.12727272510528564, "award-numbers": 0.072727270424366, "update-policies": 0.6363636255264282, "resource-links": 1.0, "open-references": 1.0}, "current": {"last-status-check-time": 1621308819295, "affiliations": 0.0, "abstracts": 0.7142857313156128, "orcids": 0.1538461595773697, "licenses": 1.0, "references": 0.9780219793319702, "funders": 0.07692307978868484, "similarity-checking": 0.7142857313156128, "award-numbers": 0.05494505539536476, "update-policies": 0.2637362778186798, "resource-links": 1.0, "open-references": 1.0}}, "flags": {"deposits-abstracts-current": true, "deposits-orcids-current": true, "deposits": true, "deposits-affiliations-backfile": false, "deposits-update-policies-backfile": true, "deposits-similarity-checking-backfile": true, "deposits-award-numbers-current": true, "deposits-resource-links-current": true, "deposits-articles": true, "deposits-affiliations-current": false, "deposits-funders-current": true, "deposits-references-backfile": true, "deposits-abstracts-backfile": true, "deposits-licenses-backfile": true, "deposits-award-numbers-backfile": true, "deposits-open-references-backfile": true, "deposits-open-references-current": true, "deposits-references-current": true, "deposits-resource-links-backfile": true, "deposits-orcids-backfile": true, "deposits-funders-backfile": true, "deposits-update-policies-current": true, "deposits-similarity-checking-current": true, "deposits-licenses-current": true}, "ISSN": ["2210-8327"], "issn-type": [{"value": "2210-8327", "type": "print"}]}