{"last-status-check-time": 1621066918702, "counts": {"total-dois": 4363, "current-dois": 237, "backfile-dois": 4126}, "breakdowns": {"dois-by-issued-year": [[2015, 129], [1988, 122], [2017, 116], [2013, 116], [2009, 116], [1997, 116], [1982, 115], [2007, 114], [2006, 114], [1991, 114], [1983, 111], [1989, 109], [1986, 107], [2008, 104], [1984, 104], [2002, 102], [1990, 102], [2004, 101], [2014, 100], [2003, 99], [1985, 98], [2005, 95], [1987, 95], [2012, 94], [2010, 93], [1996, 92], [1995, 92], [2020, 91], [1999, 90], [2019, 86], [1979, 86], [1994, 85], [2001, 84], [2000, 84], [1978, 84], [2016, 81], [1993, 81], [2018, 79], [2011, 79], [1992, 76], [1981, 76], [1998, 75], [1980, 70], [2021, 60], [1977, 46], [1975, 44], [1976, 36]]}, "publisher": "Elsevier ", "coverage": {"affiliations-current": 0.0, "similarity-checking-current": 0.0, "funders-backfile": 0.0744062066078186, "licenses-backfile": 0.9774600267410278, "funders-current": 0.7172995805740356, "affiliations-backfile": 0.0, "resource-links-backfile": 1.0, "orcids-backfile": 0.015269025228917599, "update-policies-current": 0.902953565120697, "open-references-backfile": 1.0, "orcids-current": 0.40506330132484436, "similarity-checking-backfile": 0.0, "references-backfile": 0.8310712575912476, "award-numbers-backfile": 0.041202131658792496, "update-policies-backfile": 0.1260300576686859, "licenses-current": 1.0, "award-numbers-current": 0.3628692030906677, "abstracts-backfile": 0.0, "resource-links-current": 1.0, "abstracts-current": 0.0, "open-references-current": 1.0, "references-current": 0.9071729779243469}, "title": "Aquatic Botany", "subjects": [{"name": "Aquatic Science", "ASJC": 1104}, {"name": "Plant Science", "ASJC": 1110}], "coverage-type": {"all": {"last-status-check-time": 1621066910968, "affiliations": 0.0, "abstracts": 0.0, "orcids": 0.03644281625747681, "licenses": 0.9786843657493591, "references": 0.8352051377296448, "funders": 0.10932844132184982, "similarity-checking": 0.0, "award-numbers": 0.05867522209882736, "update-policies": 0.16823287308216095, "resource-links": 1.0, "open-references": 1.0}, "backfile": {"last-status-check-time": 1621066908298, "affiliations": 0.0, "abstracts": 0.0, "orcids": 0.015269025228917599, "licenses": 0.9774600267410278, "references": 0.8310712575912476, "funders": 0.0744062066078186, "similarity-checking": 0.0, "award-numbers": 0.041202131658792496, "update-policies": 0.1260300576686859, "resource-links": 1.0, "open-references": 1.0}, "current": {"last-status-check-time": 1621066905747, "affiliations": 0.0, "abstracts": 0.0, "orcids": 0.40506330132484436, "licenses": 1.0, "references": 0.9071729779243469, "funders": 0.7172995805740356, "similarity-checking": 0.0, "award-numbers": 0.3628692030906677, "update-policies": 0.902953565120697, "resource-links": 1.0, "open-references": 1.0}}, "flags": {"deposits-abstracts-current": false, "deposits-orcids-current": true, "deposits": true, "deposits-affiliations-backfile": false, "deposits-update-policies-backfile": true, "deposits-similarity-checking-backfile": false, "deposits-award-numbers-current": true, "deposits-resource-links-current": true, "deposits-articles": true, "deposits-affiliations-current": false, "deposits-funders-current": true, "deposits-references-backfile": true, "deposits-abstracts-backfile": false, "deposits-licenses-backfile": true, "deposits-award-numbers-backfile": true, "deposits-open-references-backfile": true, "deposits-open-references-current": true, "deposits-references-current": true, "deposits-resource-links-backfile": true, "deposits-orcids-backfile": true, "deposits-funders-backfile": true, "deposits-update-policies-current": true, "deposits-similarity-checking-current": false, "deposits-licenses-current": true}, "ISSN": ["0304-3770"], "issn-type": [{"value": "0304-3770", "type": "print"}]}