{"last-status-check-time": 1620772851430, "counts": {"total-dois": 5624, "current-dois": 1959, "backfile-dois": 3665}, "breakdowns": {"dois-by-issued-year": [[2020, 804], [2018, 660], [2017, 645], [2014, 631], [2019, 601], [2021, 554], [2015, 451], [2013, 420], [2016, 368], [2012, 327], [2011, 163]]}, "publisher": "Springer-Verlag", "coverage": {"affiliations-current": 0.0, "similarity-checking-current": 1.0, "funders-backfile": 0.1688949465751648, "licenses-backfile": 0.9978172183036804, "funders-current": 0.3072996437549591, "affiliations-backfile": 0.0, "resource-links-backfile": 0.9978172183036804, "orcids-backfile": 0.15034106373786926, "update-policies-current": 1.0, "open-references-backfile": 1.0, "orcids-current": 0.6784073710441589, "similarity-checking-backfile": 1.0, "references-backfile": 0.9923601746559143, "award-numbers-backfile": 0.14488403499126434, "update-policies-backfile": 0.7077762484550476, "licenses-current": 1.0, "award-numbers-current": 0.28279733657836914, "abstracts-backfile": 0.0, "resource-links-current": 1.0, "abstracts-current": 0.006636038888245821, "open-references-current": 1.0, "references-current": 0.9943848848342896}, "title": "Arabian Journal for Science and Engineering", "subjects": [{"name": "Multidisciplinary", "ASJC": 1000}], "coverage-type": {"all": {"last-status-check-time": 1620772844762, "affiliations": 0.0, "abstracts": 0.002311111195012927, "orcids": 0.3342222273349762, "licenses": 0.9983999729156494, "references": 0.992888867855072, "funders": 0.2170666605234146, "similarity-checking": 0.999822199344635, "award-numbers": 0.19288888573646545, "update-policies": 0.8094221949577332, "resource-links": 0.9983999729156494, "open-references": 1.0}, "backfile": {"last-status-check-time": 1620772842185, "affiliations": 0.0, "abstracts": 0.0, "orcids": 0.15034106373786926, "licenses": 0.9978172183036804, "references": 0.9923601746559143, "funders": 0.1688949465751648, "similarity-checking": 1.0, "award-numbers": 0.14488403499126434, "update-policies": 0.7077762484550476, "resource-links": 0.9978172183036804, "open-references": 1.0}, "current": {"last-status-check-time": 1620772839735, "affiliations": 0.0, "abstracts": 0.006636038888245821, "orcids": 0.6784073710441589, "licenses": 1.0, "references": 0.9943848848342896, "funders": 0.3072996437549591, "similarity-checking": 1.0, "award-numbers": 0.28279733657836914, "update-policies": 1.0, "resource-links": 1.0, "open-references": 1.0}}, "flags": {"deposits-abstracts-current": true, "deposits-orcids-current": true, "deposits": true, "deposits-affiliations-backfile": false, "deposits-update-policies-backfile": true, "deposits-similarity-checking-backfile": true, "deposits-award-numbers-current": true, "deposits-resource-links-current": true, "deposits-articles": true, "deposits-affiliations-current": false, "deposits-funders-current": true, "deposits-references-backfile": true, "deposits-abstracts-backfile": false, "deposits-licenses-backfile": true, "deposits-award-numbers-backfile": true, "deposits-open-references-backfile": true, "deposits-open-references-current": true, "deposits-references-current": true, "deposits-resource-links-backfile": true, "deposits-orcids-backfile": true, "deposits-funders-backfile": true, "deposits-update-policies-current": true, "deposits-similarity-checking-current": true, "deposits-licenses-current": true}, "ISSN": ["2191-4281", "1319-8025"], "issn-type": [{"value": "2191-4281", "type": "electronic"}, {"value": "1319-8025", "type": "print"}]}