{"last-status-check-time": 1621075898116, "counts": {"total-dois": 17625, "current-dois": 335, "backfile-dois": 17290}, "breakdowns": {"dois-by-issued-year": [[1957, 420], [1913, 359], [1912, 359], [1921, 348], [1961, 331], [1964, 309], [1926, 298], [1972, 292], [1966, 277], [1996, 276], [1928, 272], [1911, 266], [1914, 265], [1970, 235], [1930, 227], [1924, 218], [1922, 196], [1910, 187], [1907, 175], [1981, 162], [1903, 162], [1932, 160], [1898, 160], [1905, 159], [1909, 157], [1904, 155], [1985, 153], [1906, 153], [1967, 152], [1902, 151], [1908, 147], [1960, 145], [1935, 139], [1933, 139], [1916, 139], [2019, 135], [1979, 135], [2020, 134], [1901, 134], [1899, 132], [1975, 131], [1982, 130], [1965, 130], [1938, 130], [1980, 128], [2013, 127], [1990, 127], [1929, 126], [1995, 125], [1897, 125], [1978, 124], [1977, 123], [1892, 123], [1931, 122], [1923, 119], [1900, 117], [1894, 117], [1884, 117], [1989, 116], [1998, 115], [1896, 113], [1888, 113], [1997, 110], [1987, 110], [1974, 108], [1991, 107], [2012, 106], [1915, 106], [1889, 106], [1887, 106], [1986, 105], [1895, 105], [1994, 103], [1993, 103], [2008, 102], [1973, 102], [1988, 99], [1984, 99], [1976, 99], [1969, 99], [1937, 99], [1934, 98], [1886, 98], [2009, 97], [1925, 97], [2007, 96], [2004, 96], [1999, 96], [1971, 96], [2016, 95], [2014, 95], [2005, 95], [1983, 95], [2006, 94], [1992, 93], [2017, 91], [2011, 90], [1940, 90], [1963, 89], [1955, 89], [2010, 88], [1956, 87], [2001, 86], [1936, 85], [2000, 84], [2018, 83], [1968, 83], [2015, 82], [1927, 80], [2003, 79], [1954, 79], [2002, 75], [1959, 75], [1952, 74], [1885, 70], [1949, 68], [1891, 68], [1958, 67], [1939, 67], [2021, 66], [1893, 66], [1943, 64], [1919, 64], [1951, 63], [1950, 63], [1953, 61], [1962, 58], [1890, 53], [1918, 51], [1869, 50], [1948, 48], [1871, 46], [1870, 46], [1883, 44], [1882, 44], [1879, 44], [1941, 43], [1872, 41], [1880, 39], [1917, 38], [1942, 35], [1881, 32], [1873, 30], [1947, 24], [1920, 24], [1944, 20], [1946, 13]]}, "publisher": "Springer-Verlag", "coverage": {"affiliations-current": 0.0, "similarity-checking-current": 1.0, "funders-backfile": 0.008675535209476948, "licenses-backfile": 0.9899942278862, "funders-current": 0.34925374388694763, "affiliations-backfile": 0.0, "resource-links-backfile": 0.9899942278862, "orcids-backfile": 0.004858299624174833, "update-policies-current": 1.0, "open-references-backfile": 1.0, "orcids-current": 0.7044776082038879, "similarity-checking-backfile": 0.9924812316894531, "references-backfile": 0.6164256930351257, "award-numbers-backfile": 0.0060728746466338634, "update-policies-backfile": 0.025737419724464417, "licenses-current": 1.0, "award-numbers-current": 0.2716417908668518, "abstracts-backfile": 5.783689994132146e-05, "resource-links-current": 1.0, "abstracts-current": 0.05970149114727974, "open-references-current": 1.0, "references-current": 0.9970149397850037}, "title": "Archives of Dermatological Research", "subjects": [{"name": "General Medicine", "ASJC": 2700}, {"name": "Dermatology", "ASJC": 2708}], "coverage-type": {"all": {"last-status-check-time": 1621075890527, "affiliations": 0.0, "abstracts": 0.0011914217611774802, "orcids": 0.018154997378587723, "licenses": 0.990128219127655, "references": 0.6236242055892944, "funders": 0.01514807716012001, "similarity-checking": 0.992567777633667, "award-numbers": 0.011119936592876911, "update-policies": 0.04425280913710594, "resource-links": 0.990128219127655, "open-references": 1.0}, "backfile": {"last-status-check-time": 1621075888126, "affiliations": 0.0, "abstracts": 5.783689994132146e-05, "orcids": 0.004858299624174833, "licenses": 0.9899942278862, "references": 0.6164256930351257, "funders": 0.008675535209476948, "similarity-checking": 0.9924812316894531, "award-numbers": 0.0060728746466338634, "update-policies": 0.025737419724464417, "resource-links": 0.9899942278862, "open-references": 1.0}, "current": {"last-status-check-time": 1621075885384, "affiliations": 0.0, "abstracts": 0.05970149114727974, "orcids": 0.7044776082038879, "licenses": 1.0, "references": 0.9970149397850037, "funders": 0.34925374388694763, "similarity-checking": 1.0, "award-numbers": 0.2716417908668518, "update-policies": 1.0, "resource-links": 1.0, "open-references": 1.0}}, "flags": {"deposits-abstracts-current": true, "deposits-orcids-current": true, "deposits": true, "deposits-affiliations-backfile": false, "deposits-update-policies-backfile": true, "deposits-similarity-checking-backfile": true, "deposits-award-numbers-current": true, "deposits-resource-links-current": true, "deposits-articles": true, "deposits-affiliations-current": false, "deposits-funders-current": true, "deposits-references-backfile": true, "deposits-abstracts-backfile": true, "deposits-licenses-backfile": true, "deposits-award-numbers-backfile": true, "deposits-open-references-backfile": true, "deposits-open-references-current": true, "deposits-references-current": true, "deposits-resource-links-backfile": true, "deposits-orcids-backfile": true, "deposits-funders-backfile": true, "deposits-update-policies-current": true, "deposits-similarity-checking-current": true, "deposits-licenses-current": true}, "ISSN": ["1432-069X", "0340-3696"], "issn-type": [{"value": "1432-069X", "type": "electronic"}, {"value": "0340-3696", "type": "print"}]}