{"last-status-check-time": 1620937439104, "counts": {"total-dois": 131, "current-dois": 18, "backfile-dois": 113}, "breakdowns": {"dois-by-issued-year": [[2007, 33], [2008, 24], [2014, 18], [2015, 16], [2019, 15], [2017, 9], [2018, 6], [2016, 4], [2020, 3], [2013, 3]]}, "publisher": "Intellect", "coverage": {"affiliations-current": 1.0, "similarity-checking-current": 1.0, "funders-backfile": 0.0, "licenses-backfile": 0.05309734493494034, "funders-current": 0.0555555559694767, "affiliations-backfile": 0.05309734493494034, "resource-links-backfile": 0.4247787594795227, "orcids-backfile": 0.0, "update-policies-current": 0.0, "open-references-backfile": 0.05309734493494034, "orcids-current": 0.1111111119389534, "similarity-checking-backfile": 0.29203540086746216, "references-backfile": 0.4336283206939697, "award-numbers-backfile": 0.0, "update-policies-backfile": 0.0, "licenses-current": 0.3888888955116272, "award-numbers-current": 0.0, "abstracts-backfile": 0.23893804848194122, "resource-links-current": 0.0, "abstracts-current": 0.7222222089767456, "open-references-current": 1.0, "references-current": 0.2777777910232544}, "title": "Artifact", "subjects": [], "coverage-type": {"all": {"last-status-check-time": 1620937430537, "affiliations": 0.18320611119270325, "abstracts": 0.30534350872039795, "orcids": 0.015267175622284412, "licenses": 0.09923664480447769, "references": 0.4122137427330017, "funders": 0.007633587811142206, "similarity-checking": 0.3893129825592041, "award-numbers": 0.0, "update-policies": 0.0, "resource-links": 0.3664122223854065, "open-references": 0.18320611119270325}, "backfile": {"last-status-check-time": 1620937427723, "affiliations": 0.05309734493494034, "abstracts": 0.23893804848194122, "orcids": 0.0, "licenses": 0.05309734493494034, "references": 0.4336283206939697, "funders": 0.0, "similarity-checking": 0.29203540086746216, "award-numbers": 0.0, "update-policies": 0.0, "resource-links": 0.4247787594795227, "open-references": 0.05309734493494034}, "current": {"last-status-check-time": 1620937424801, "affiliations": 1.0, "abstracts": 0.7222222089767456, "orcids": 0.1111111119389534, "licenses": 0.3888888955116272, "references": 0.2777777910232544, "funders": 0.0555555559694767, "similarity-checking": 1.0, "award-numbers": 0.0, "update-policies": 0.0, "resource-links": 0.0, "open-references": 1.0}}, "flags": {"deposits-abstracts-current": true, "deposits-orcids-current": true, "deposits": true, "deposits-affiliations-backfile": true, "deposits-update-policies-backfile": false, "deposits-similarity-checking-backfile": true, "deposits-award-numbers-current": false, "deposits-resource-links-current": false, "deposits-articles": true, "deposits-affiliations-current": true, "deposits-funders-current": true, "deposits-references-backfile": true, "deposits-abstracts-backfile": true, "deposits-licenses-backfile": true, "deposits-award-numbers-backfile": false, "deposits-open-references-backfile": true, "deposits-open-references-current": true, "deposits-references-current": true, "deposits-resource-links-backfile": true, "deposits-orcids-backfile": false, "deposits-funders-backfile": false, "deposits-update-policies-current": false, "deposits-similarity-checking-current": true, "deposits-licenses-current": true}, "ISSN": ["1749-3471", "1749-3463"], "issn-type": [{"value": "1749-3471", "type": "electronic"}, {"value": "1749-3463", "type": "print"}]}