{"last-status-check-time": 1621216501378, "counts": {"total-dois": 1358, "current-dois": 176, "backfile-dois": 1182}, "breakdowns": {"dois-by-issued-year": [[2012, 97], [2011, 94], [2010, 86], [2019, 81], [2016, 81], [2013, 66], [2020, 61], [2018, 60], [2014, 54], [2015, 53], [2009, 50], [2008, 47], [2017, 36], [2021, 34], [2007, 34], [2006, 34], [2005, 34], [2003, 28], [2002, 26], [2004, 24], [2001, 23], [2000, 21], [1986, 20], [1992, 19], [1999, 18], [1987, 18], [1993, 17], [1985, 17], [1995, 16], [1991, 16], [1990, 16], [1988, 15], [1996, 14], [1989, 13], [1997, 12], [1994, 12], [1998, 11]]}, "publisher": "Australasian Society for Computers in Learning in Tertiary Education", "coverage": {"affiliations-current": 0.0, "similarity-checking-current": 0.8636363744735718, "funders-backfile": 0.0, "licenses-backfile": 0.0, "funders-current": 0.0, "affiliations-backfile": 0.0, "resource-links-backfile": 0.9957698583602905, "orcids-backfile": 0.039763111621141434, "update-policies-current": 0.0, "open-references-backfile": 0.0, "orcids-current": 0.5738636255264282, "similarity-checking-backfile": 0.9957698583602905, "references-backfile": 0.0, "award-numbers-backfile": 0.0, "update-policies-backfile": 0.0, "licenses-current": 0.7159090638160706, "award-numbers-current": 0.0, "abstracts-backfile": 0.9010152220726013, "resource-links-current": 0.8636363744735718, "abstracts-current": 1.0, "open-references-current": 0.0, "references-current": 0.0}, "title": "Australasian Journal of Educational Technology", "subjects": [{"name": "Education", "ASJC": 3304}], "coverage-type": {"all": {"last-status-check-time": 1621216494155, "affiliations": 0.0, "abstracts": 0.9138438701629639, "orcids": 0.10898379981517792, "licenses": 0.09278350323438644, "references": 0.0, "funders": 0.0, "similarity-checking": 0.9786450862884521, "award-numbers": 0.0, "update-policies": 0.0, "resource-links": 0.9786450862884521, "open-references": 0.0}, "backfile": {"last-status-check-time": 1621216491993, "affiliations": 0.0, "abstracts": 0.9010152220726013, "orcids": 0.039763111621141434, "licenses": 0.0, "references": 0.0, "funders": 0.0, "similarity-checking": 0.9957698583602905, "award-numbers": 0.0, "update-policies": 0.0, "resource-links": 0.9957698583602905, "open-references": 0.0}, "current": {"last-status-check-time": 1621216489530, "affiliations": 0.0, "abstracts": 1.0, "orcids": 0.5738636255264282, "licenses": 0.7159090638160706, "references": 0.0, "funders": 0.0, "similarity-checking": 0.8636363744735718, "award-numbers": 0.0, "update-policies": 0.0, "resource-links": 0.8636363744735718, "open-references": 0.0}}, "flags": {"deposits-abstracts-current": true, "deposits-orcids-current": true, "deposits": true, "deposits-affiliations-backfile": false, "deposits-update-policies-backfile": false, "deposits-similarity-checking-backfile": true, "deposits-award-numbers-current": false, "deposits-resource-links-current": true, "deposits-articles": true, "deposits-affiliations-current": false, "deposits-funders-current": false, "deposits-references-backfile": false, "deposits-abstracts-backfile": true, "deposits-licenses-backfile": false, "deposits-award-numbers-backfile": false, "deposits-open-references-backfile": false, "deposits-open-references-current": false, "deposits-references-current": false, "deposits-resource-links-backfile": true, "deposits-orcids-backfile": true, "deposits-funders-backfile": false, "deposits-update-policies-current": false, "deposits-similarity-checking-current": true, "deposits-licenses-current": true}, "ISSN": ["1449-5554", "1449-3098"], "issn-type": [{"value": "1449-5554", "type": "electronic"}, {"value": "1449-3098", "type": "print"}]}