{"last-status-check-time": 1620699764530, "counts": {"total-dois": 1099, "current-dois": 55, "backfile-dois": 1044}, "breakdowns": {"dois-by-issued-year": [[2003, 49], [1992, 48], [1996, 44], [2002, 42], [2000, 42], [1999, 41], [1991, 41], [2010, 40], [1993, 40], [2001, 39], [1998, 39], [2007, 38], [1990, 37], [2016, 33], [2014, 33], [2009, 33], [2012, 32], [2008, 31], [2004, 31], [1995, 31], [1994, 31], [2017, 30], [2006, 30], [2005, 29], [2019, 27], [2018, 27], [2015, 25], [2013, 25], [1997, 25], [2011, 24], [2020, 23], [1988, 23], [1989, 11], [2021, 5]]}, "publisher": "CSIRO Publishing", "coverage": {"affiliations-current": 0.0, "similarity-checking-current": 0.8909090757369995, "funders-backfile": 0.0, "licenses-backfile": 0.0, "funders-current": 0.0, "affiliations-backfile": 0.0, "resource-links-backfile": 0.0, "orcids-backfile": 0.014367816038429737, "update-policies-current": 0.0, "open-references-backfile": 1.0, "orcids-current": 0.9090909361839294, "similarity-checking-backfile": 0.9885057210922241, "references-backfile": 0.3572796881198883, "award-numbers-backfile": 0.0, "update-policies-backfile": 0.0, "licenses-current": 0.0, "award-numbers-current": 0.0, "abstracts-backfile": 0.9185823798179626, "resource-links-current": 0.0, "abstracts-current": 0.9636363387107849, "open-references-current": 1.0, "references-current": 0.9454545378684998}, "title": "Australian Systematic Botany", "subjects": [{"name": "Ecology, Evolution, Behavior and Systematics", "ASJC": 1105}, {"name": "Plant Science", "ASJC": 1110}], "coverage-type": {"all": {"last-status-check-time": 1620699758407, "affiliations": 0.0, "abstracts": 0.9208371043205261, "orcids": 0.059144675731658936, "licenses": 0.0, "references": 0.38671520352363586, "funders": 0.0, "similarity-checking": 0.9836214780807495, "award-numbers": 0.0, "update-policies": 0.0, "resource-links": 0.0, "open-references": 1.0}, "backfile": {"last-status-check-time": 1620699756402, "affiliations": 0.0, "abstracts": 0.9185823798179626, "orcids": 0.014367816038429737, "licenses": 0.0, "references": 0.3572796881198883, "funders": 0.0, "similarity-checking": 0.9885057210922241, "award-numbers": 0.0, "update-policies": 0.0, "resource-links": 0.0, "open-references": 1.0}, "current": {"last-status-check-time": 1620699754370, "affiliations": 0.0, "abstracts": 0.9636363387107849, "orcids": 0.9090909361839294, "licenses": 0.0, "references": 0.9454545378684998, "funders": 0.0, "similarity-checking": 0.8909090757369995, "award-numbers": 0.0, "update-policies": 0.0, "resource-links": 0.0, "open-references": 1.0}}, "flags": {"deposits-abstracts-current": true, "deposits-orcids-current": true, "deposits": true, "deposits-affiliations-backfile": false, "deposits-update-policies-backfile": false, "deposits-similarity-checking-backfile": true, "deposits-award-numbers-current": false, "deposits-resource-links-current": false, "deposits-articles": true, "deposits-affiliations-current": false, "deposits-funders-current": false, "deposits-references-backfile": true, "deposits-abstracts-backfile": true, "deposits-licenses-backfile": false, "deposits-award-numbers-backfile": false, "deposits-open-references-backfile": true, "deposits-open-references-current": true, "deposits-references-current": true, "deposits-resource-links-backfile": false, "deposits-orcids-backfile": true, "deposits-funders-backfile": false, "deposits-update-policies-current": false, "deposits-similarity-checking-current": true, "deposits-licenses-current": false}, "ISSN": ["1030-1887"], "issn-type": [{"value": "1030-1887", "type": "print"}]}