{"last-status-check-time": 1621191898147, "counts": {"total-dois": 1079, "current-dois": 77, "backfile-dois": 1002}, "breakdowns": {"dois-by-issued-year": [[2004, 63], [2011, 59], [2001, 58], [2002, 57], [1998, 56], [2013, 53], [2005, 53], [2012, 52], [2003, 49], [1999, 48], [2000, 47], [2007, 45], [2015, 44], [2014, 44], [2010, 41], [2006, 41], [2016, 40], [2018, 39], [2017, 39], [2009, 37], [2020, 35], [2019, 35], [2008, 34], [2021, 7], [1991, 2], [1994, 1]]}, "publisher": "Wiley (Blackwell Publishing)", "coverage": {"affiliations-current": 0.7792207598686218, "similarity-checking-current": 0.8961039185523987, "funders-backfile": 0.06786426901817322, "licenses-backfile": 0.976047933101654, "funders-current": 0.06493506580591202, "affiliations-backfile": 0.3502993881702423, "resource-links-backfile": 0.976047933101654, "orcids-backfile": 0.005988024175167084, "update-policies-current": 0.0, "open-references-backfile": 1.0, "orcids-current": 0.37662336230278015, "similarity-checking-backfile": 0.9331337213516235, "references-backfile": 0.41916167736053467, "award-numbers-backfile": 0.03692614659667015, "update-policies-backfile": 0.0, "licenses-current": 0.8961039185523987, "award-numbers-current": 0.03896103799343109, "abstracts-backfile": 0.0, "resource-links-current": 0.8961039185523987, "abstracts-current": 0.0, "open-references-current": 1.0, "references-current": 0.7532467246055603}, "title": "Australian & New Zealand Journal of Statistics", "subjects": [{"name": "Statistics, Probability and Uncertainty", "ASJC": 1804}, {"name": "Statistics and Probability", "ASJC": 2613}], "coverage-type": {"all": {"last-status-check-time": 1621191891121, "affiliations": 0.38055557012557983, "abstracts": 0.0, "orcids": 0.032407406717538834, "licenses": 0.9694444537162781, "references": 0.442592591047287, "funders": 0.06759259104728699, "similarity-checking": 0.9296296238899231, "award-numbers": 0.03703703731298447, "update-policies": 0.0, "resource-links": 0.9694444537162781, "open-references": 1.0}, "backfile": {"last-status-check-time": 1621191888891, "affiliations": 0.3502993881702423, "abstracts": 0.0, "orcids": 0.005988024175167084, "licenses": 0.976047933101654, "references": 0.41916167736053467, "funders": 0.06786426901817322, "similarity-checking": 0.9331337213516235, "award-numbers": 0.03692614659667015, "update-policies": 0.0, "resource-links": 0.976047933101654, "open-references": 1.0}, "current": {"last-status-check-time": 1621191886679, "affiliations": 0.7792207598686218, "abstracts": 0.0, "orcids": 0.37662336230278015, "licenses": 0.8961039185523987, "references": 0.7532467246055603, "funders": 0.06493506580591202, "similarity-checking": 0.8961039185523987, "award-numbers": 0.03896103799343109, "update-policies": 0.0, "resource-links": 0.8961039185523987, "open-references": 1.0}}, "flags": {"deposits-abstracts-current": false, "deposits-orcids-current": true, "deposits": true, "deposits-affiliations-backfile": true, "deposits-update-policies-backfile": false, "deposits-similarity-checking-backfile": true, "deposits-award-numbers-current": true, "deposits-resource-links-current": true, "deposits-articles": true, "deposits-affiliations-current": true, "deposits-funders-current": true, "deposits-references-backfile": true, "deposits-abstracts-backfile": false, "deposits-licenses-backfile": true, "deposits-award-numbers-backfile": true, "deposits-open-references-backfile": true, "deposits-open-references-current": true, "deposits-references-current": true, "deposits-resource-links-backfile": true, "deposits-orcids-backfile": true, "deposits-funders-backfile": true, "deposits-update-policies-current": false, "deposits-similarity-checking-current": true, "deposits-licenses-current": true}, "ISSN": ["1467-842X", "1369-1473"], "issn-type": [{"value": "1467-842X", "type": "electronic"}, {"value": "1369-1473", "type": "print"}]}