{"last-status-check-time": 1620975389124, "counts": {"total-dois": 3420, "current-dois": 132, "backfile-dois": 3288}, "breakdowns": {"dois-by-issued-year": [[2007, 95], [2000, 84], [2009, 82], [2005, 79], [2004, 79], [2010, 77], [2011, 76], [2001, 76], [2015, 75], [2008, 75], [2006, 75], [2002, 75], [2003, 74], [2016, 73], [2012, 69], [1997, 69], [1999, 66], [2017, 65], [2014, 65], [2018, 64], [2013, 63], [1975, 63], [1994, 62], [1992, 60], [1981, 60], [1998, 58], [1993, 58], [1988, 58], [1984, 58], [1978, 58], [2019, 57], [1985, 56], [1979, 55], [1983, 53], [2020, 51], [1995, 51], [1990, 51], [1986, 51], [1980, 51], [1996, 50], [1991, 49], [1982, 49], [1974, 49], [1977, 47], [1976, 44], [1987, 42], [1969, 41], [1989, 38], [1968, 38], [1965, 32], [1966, 31], [1967, 29], [1972, 27], [1970, 27], [1971, 25], [2021, 24], [1954, 22], [1973, 21], [1958, 21], [1953, 19], [1964, 18], [1959, 17], [1955, 17], [1960, 15], [1956, 14], [1957, 13], [1963, 12], [1961, 12], [1962, 10]]}, "publisher": "CSIRO Publishing", "coverage": {"affiliations-current": 0.0, "similarity-checking-current": 0.8863636255264282, "funders-backfile": 0.0, "licenses-backfile": 0.0, "funders-current": 0.0, "affiliations-backfile": 0.0, "resource-links-backfile": 0.0, "orcids-backfile": 0.0021289538126438856, "update-policies-current": 0.0, "open-references-backfile": 1.0, "orcids-current": 0.6439393758773804, "similarity-checking-backfile": 0.9969586133956909, "references-backfile": 0.28680047392845154, "award-numbers-backfile": 0.0, "update-policies-backfile": 0.0, "licenses-current": 0.0, "award-numbers-current": 0.0, "abstracts-backfile": 0.9729318618774414, "resource-links-current": 0.0, "abstracts-current": 0.8712121248245239, "open-references-current": 1.0, "references-current": 0.8636363744735718}, "title": "Australian Journal of Botany", "subjects": [{"name": "Ecology, Evolution, Behavior and Systematics", "ASJC": 1105}, {"name": "Plant Science", "ASJC": 1110}], "coverage-type": {"all": {"last-status-check-time": 1620975381312, "affiliations": 0.0, "abstracts": 0.969005823135376, "orcids": 0.026900583878159523, "licenses": 0.0, "references": 0.3090643286705017, "funders": 0.0, "similarity-checking": 0.9926900863647461, "award-numbers": 0.0, "update-policies": 0.0, "resource-links": 0.0, "open-references": 1.0}, "backfile": {"last-status-check-time": 1620975378317, "affiliations": 0.0, "abstracts": 0.9729318618774414, "orcids": 0.0021289538126438856, "licenses": 0.0, "references": 0.28680047392845154, "funders": 0.0, "similarity-checking": 0.9969586133956909, "award-numbers": 0.0, "update-policies": 0.0, "resource-links": 0.0, "open-references": 1.0}, "current": {"last-status-check-time": 1620975375998, "affiliations": 0.0, "abstracts": 0.8712121248245239, "orcids": 0.6439393758773804, "licenses": 0.0, "references": 0.8636363744735718, "funders": 0.0, "similarity-checking": 0.8863636255264282, "award-numbers": 0.0, "update-policies": 0.0, "resource-links": 0.0, "open-references": 1.0}}, "flags": {"deposits-abstracts-current": true, "deposits-orcids-current": true, "deposits": true, "deposits-affiliations-backfile": false, "deposits-update-policies-backfile": false, "deposits-similarity-checking-backfile": true, "deposits-award-numbers-current": false, "deposits-resource-links-current": false, "deposits-articles": true, "deposits-affiliations-current": false, "deposits-funders-current": false, "deposits-references-backfile": true, "deposits-abstracts-backfile": true, "deposits-licenses-backfile": false, "deposits-award-numbers-backfile": false, "deposits-open-references-backfile": true, "deposits-open-references-current": true, "deposits-references-current": true, "deposits-resource-links-backfile": false, "deposits-orcids-backfile": true, "deposits-funders-backfile": false, "deposits-update-policies-current": false, "deposits-similarity-checking-current": true, "deposits-licenses-current": false}, "ISSN": ["0067-1924"], "issn-type": [{"value": "0067-1924", "type": "print"}]}