{"last-status-check-time": 1618939556307, "counts": {"total-dois": 2600, "current-dois": 493, "backfile-dois": 2107}, "breakdowns": {"dois-by-issued-year": [[2016, 312], [2014, 206], [2017, 204], [2020, 202], [2019, 187], [2011, 179], [2018, 168], [2010, 159], [2013, 131], [2021, 104], [2009, 103], [2012, 100], [2008, 100], [2015, 99], [2005, 98], [2007, 97], [2006, 95], [2004, 56]]}, "publisher": "College of Science for Women", "coverage": {"affiliations-current": 0.0, "similarity-checking-current": 0.7565922737121582, "funders-backfile": 0.0, "licenses-backfile": 0.004271476063877344, "funders-current": 0.0, "affiliations-backfile": 0.0, "resource-links-backfile": 0.8130042552947998, "orcids-backfile": 0.0, "update-policies-current": 0.0, "open-references-backfile": 0.0, "orcids-current": 0.2596348822116852, "similarity-checking-backfile": 0.8130042552947998, "references-backfile": 0.0, "award-numbers-backfile": 0.0, "update-policies-backfile": 0.0, "licenses-current": 0.49087220430374146, "award-numbers-current": 0.0, "abstracts-backfile": 0.808732807636261, "resource-links-current": 0.7565922737121582, "abstracts-current": 0.7565922737121582, "open-references-current": 0.0, "references-current": 0.0}, "title": "Baghdad Science Journal", "subjects": [], "coverage-type": {"all": {"last-status-check-time": 1618939548984, "affiliations": 0.0, "abstracts": 0.7985390424728394, "orcids": 0.04921184107661247, "licenses": 0.09650134295225143, "references": 0.0, "funders": 0.0, "similarity-checking": 0.8019992113113403, "award-numbers": 0.0, "update-policies": 0.0, "resource-links": 0.8019992113113403, "open-references": 0.0}, "backfile": {"last-status-check-time": 1618939546486, "affiliations": 0.0, "abstracts": 0.808732807636261, "orcids": 0.0, "licenses": 0.004271476063877344, "references": 0.0, "funders": 0.0, "similarity-checking": 0.8130042552947998, "award-numbers": 0.0, "update-policies": 0.0, "resource-links": 0.8130042552947998, "open-references": 0.0}, "current": {"last-status-check-time": 1618939544066, "affiliations": 0.0, "abstracts": 0.7565922737121582, "orcids": 0.2596348822116852, "licenses": 0.49087220430374146, "references": 0.0, "funders": 0.0, "similarity-checking": 0.7565922737121582, "award-numbers": 0.0, "update-policies": 0.0, "resource-links": 0.7565922737121582, "open-references": 0.0}}, "flags": {"deposits-abstracts-current": true, "deposits-orcids-current": true, "deposits": true, "deposits-affiliations-backfile": false, "deposits-update-policies-backfile": false, "deposits-similarity-checking-backfile": true, "deposits-award-numbers-current": false, "deposits-resource-links-current": true, "deposits-articles": true, "deposits-affiliations-current": false, "deposits-funders-current": false, "deposits-references-backfile": false, "deposits-abstracts-backfile": true, "deposits-licenses-backfile": true, "deposits-award-numbers-backfile": false, "deposits-open-references-backfile": false, "deposits-open-references-current": false, "deposits-references-current": false, "deposits-resource-links-backfile": true, "deposits-orcids-backfile": false, "deposits-funders-backfile": false, "deposits-update-policies-current": false, "deposits-similarity-checking-current": true, "deposits-licenses-current": true}, "ISSN": ["2411-7986", "2078-8665"], "issn-type": [{"value": "2411-7986", "type": "electronic"}, {"value": "2078-8665", "type": "print"}]}