{"last-status-check-time": 1620979536908, "counts": {"total-dois": 485, "current-dois": 89, "backfile-dois": 396}, "breakdowns": {"dois-by-issued-year": [[2020, 52], [2015, 46], [2014, 40], [2012, 40], [2018, 37], [2013, 37], [2016, 36], [2011, 36], [2017, 34], [2010, 33], [2008, 30], [2019, 29], [2009, 27], [2021, 8]]}, "publisher": "Riga Technical University", "coverage": {"affiliations-current": 0.23595505952835083, "similarity-checking-current": 1.0, "funders-backfile": 0.0, "licenses-backfile": 0.07323232293128967, "funders-current": 0.14606741070747375, "affiliations-backfile": 0.7550504803657532, "resource-links-backfile": 0.07070706784725189, "orcids-backfile": 0.022727273404598236, "update-policies-current": 0.0, "open-references-backfile": 1.0, "orcids-current": 0.8314606547355652, "similarity-checking-backfile": 1.0, "references-backfile": 0.9191918969154358, "award-numbers-backfile": 0.0, "update-policies-backfile": 0.020202020183205605, "licenses-current": 1.0, "award-numbers-current": 0.13483145833015442, "abstracts-backfile": 0.4166666567325592, "resource-links-current": 0.9887640476226807, "abstracts-current": 1.0, "open-references-current": 1.0, "references-current": 0.9887640476226807}, "title": "The Baltic Journal of Road and Bridge Engineering", "subjects": [{"name": "Civil and Structural Engineering", "ASJC": 2205}, {"name": "Building and Construction", "ASJC": 2215}], "coverage-type": {"all": {"last-status-check-time": 1620979529275, "affiliations": 0.6570841670036316, "abstracts": 0.521560549736023, "orcids": 0.1704312115907669, "licenses": 0.24229979515075684, "references": 0.9281314015388489, "funders": 0.02669404447078705, "similarity-checking": 0.9979466199874878, "award-numbers": 0.024640657007694244, "update-policies": 0.01642710529267788, "resource-links": 0.23819302022457123, "open-references": 1.0}, "backfile": {"last-status-check-time": 1620979526389, "affiliations": 0.7550504803657532, "abstracts": 0.4166666567325592, "orcids": 0.022727273404598236, "licenses": 0.07323232293128967, "references": 0.9191918969154358, "funders": 0.0, "similarity-checking": 1.0, "award-numbers": 0.0, "update-policies": 0.020202020183205605, "resource-links": 0.07070706784725189, "open-references": 1.0}, "current": {"last-status-check-time": 1620979523955, "affiliations": 0.23595505952835083, "abstracts": 1.0, "orcids": 0.8314606547355652, "licenses": 1.0, "references": 0.9887640476226807, "funders": 0.14606741070747375, "similarity-checking": 1.0, "award-numbers": 0.13483145833015442, "update-policies": 0.0, "resource-links": 0.9887640476226807, "open-references": 1.0}}, "flags": {"deposits-abstracts-current": true, "deposits-orcids-current": true, "deposits": true, "deposits-affiliations-backfile": true, "deposits-update-policies-backfile": true, "deposits-similarity-checking-backfile": true, "deposits-award-numbers-current": true, "deposits-resource-links-current": true, "deposits-articles": true, "deposits-affiliations-current": true, "deposits-funders-current": true, "deposits-references-backfile": true, "deposits-abstracts-backfile": true, "deposits-licenses-backfile": true, "deposits-award-numbers-backfile": false, "deposits-open-references-backfile": true, "deposits-open-references-current": true, "deposits-references-current": true, "deposits-resource-links-backfile": true, "deposits-orcids-backfile": true, "deposits-funders-backfile": false, "deposits-update-policies-current": false, "deposits-similarity-checking-current": true, "deposits-licenses-current": true}, "ISSN": ["1822-4288", "1822-427X"], "issn-type": [{"value": "1822-4288", "type": "electronic"}, {"value": "1822-427X", "type": "print"}]}