{"last-status-check-time": 1621326165825, "counts": {"total-dois": 177, "current-dois": 45, "backfile-dois": 132}, "breakdowns": {"dois-by-issued-year": [[2019, 45], [2013, 27], [2018, 21], [2014, 21], [2017, 19], [2015, 19], [2016, 17], [2012, 8]]}, "publisher": "De Gruyter Open Sp. z o.o. ", "coverage": {"affiliations-current": 1.0, "similarity-checking-current": 1.0, "funders-backfile": 0.0, "licenses-backfile": 0.7348484992980957, "funders-current": 0.0, "affiliations-backfile": 0.8939393758773804, "resource-links-backfile": 0.939393937587738, "orcids-backfile": 0.0, "update-policies-current": 0.0, "open-references-backfile": 0.939393937587738, "orcids-current": 0.0, "similarity-checking-backfile": 0.939393937587738, "references-backfile": 0.35606059432029724, "award-numbers-backfile": 0.0, "update-policies-backfile": 0.0, "licenses-current": 1.0, "award-numbers-current": 0.0, "abstracts-backfile": 0.8333333134651184, "resource-links-current": 1.0, "abstracts-current": 0.9777777791023254, "open-references-current": 1.0, "references-current": 0.9777777791023254}, "title": "Baltic Journal of European Studies", "subjects": [], "coverage-type": {"all": {"last-status-check-time": 1621326159096, "affiliations": 0.915730357170105, "abstracts": 0.8651685118675232, "orcids": 0.0, "licenses": 0.7977527976036072, "references": 0.5112359523773193, "funders": 0.0, "similarity-checking": 0.949438214302063, "award-numbers": 0.0, "update-policies": 0.0, "resource-links": 0.949438214302063, "open-references": 0.949438214302063}, "backfile": {"last-status-check-time": 1621326157001, "affiliations": 0.8939393758773804, "abstracts": 0.8333333134651184, "orcids": 0.0, "licenses": 0.7348484992980957, "references": 0.35606059432029724, "funders": 0.0, "similarity-checking": 0.939393937587738, "award-numbers": 0.0, "update-policies": 0.0, "resource-links": 0.939393937587738, "open-references": 0.939393937587738}, "current": {"last-status-check-time": 1621326154980, "affiliations": 1.0, "abstracts": 0.9777777791023254, "orcids": 0.0, "licenses": 1.0, "references": 0.9777777791023254, "funders": 0.0, "similarity-checking": 1.0, "award-numbers": 0.0, "update-policies": 0.0, "resource-links": 1.0, "open-references": 1.0}}, "flags": {"deposits-abstracts-current": true, "deposits-orcids-current": false, "deposits": true, "deposits-affiliations-backfile": true, "deposits-update-policies-backfile": false, "deposits-similarity-checking-backfile": true, "deposits-award-numbers-current": false, "deposits-resource-links-current": true, "deposits-articles": true, "deposits-affiliations-current": true, "deposits-funders-current": false, "deposits-references-backfile": true, "deposits-abstracts-backfile": true, "deposits-licenses-backfile": true, "deposits-award-numbers-backfile": false, "deposits-open-references-backfile": true, "deposits-open-references-current": true, "deposits-references-current": true, "deposits-resource-links-backfile": true, "deposits-orcids-backfile": false, "deposits-funders-backfile": false, "deposits-update-policies-current": false, "deposits-similarity-checking-current": true, "deposits-licenses-current": true}, "ISSN": ["2228-0596", "2228-0588"], "issn-type": [{"value": "2228-0596", "type": "electronic"}, {"value": "2228-0588", "type": "print"}]}