{"last-status-check-time": 1620974534390, "counts": {"total-dois": 390, "current-dois": 171, "backfile-dois": 219}, "breakdowns": {"dois-by-issued-year": [[2017, 84], [2020, 77], [2019, 72], [2018, 66], [2016, 55], [2021, 22], [2012, 4], [2015, 2], [2014, 2], [2013, 2], [2011, 2], [2008, 2]]}, "publisher": "LLC CPC Business Perspectives", "coverage": {"affiliations-current": 0.9766082167625427, "similarity-checking-current": 0.9824561476707458, "funders-backfile": 0.0, "licenses-backfile": 0.8584474921226501, "funders-current": 0.0, "affiliations-backfile": 0.8401826620101929, "resource-links-backfile": 0.8584474921226501, "orcids-backfile": 0.4611872136592865, "update-policies-current": 0.0, "open-references-backfile": 1.0, "orcids-current": 0.8830409646034241, "similarity-checking-backfile": 0.8630136847496033, "references-backfile": 0.6347032189369202, "award-numbers-backfile": 0.0, "update-policies-backfile": 0.0, "licenses-current": 0.9824561476707458, "award-numbers-current": 0.0, "abstracts-backfile": 0.8584474921226501, "resource-links-current": 0.9824561476707458, "abstracts-current": 0.9766082167625427, "open-references-current": 1.0, "references-current": 0.9824561476707458}, "title": "Banks and Bank Systems", "subjects": [{"name": "Finance", "ASJC": 2003}], "coverage-type": {"all": {"last-status-check-time": 1620974526449, "affiliations": 0.8976982235908508, "abstracts": 0.9079284071922302, "orcids": 0.644501268863678, "licenses": 0.9104859232902527, "references": 0.7851662635803223, "funders": 0.0, "similarity-checking": 0.9130434989929199, "award-numbers": 0.0, "update-policies": 0.0, "resource-links": 0.9104859232902527, "open-references": 1.0}, "backfile": {"last-status-check-time": 1620974523800, "affiliations": 0.8401826620101929, "abstracts": 0.8584474921226501, "orcids": 0.4611872136592865, "licenses": 0.8584474921226501, "references": 0.6347032189369202, "funders": 0.0, "similarity-checking": 0.8630136847496033, "award-numbers": 0.0, "update-policies": 0.0, "resource-links": 0.8584474921226501, "open-references": 1.0}, "current": {"last-status-check-time": 1620974521347, "affiliations": 0.9766082167625427, "abstracts": 0.9766082167625427, "orcids": 0.8830409646034241, "licenses": 0.9824561476707458, "references": 0.9824561476707458, "funders": 0.0, "similarity-checking": 0.9824561476707458, "award-numbers": 0.0, "update-policies": 0.0, "resource-links": 0.9824561476707458, "open-references": 1.0}}, "flags": {"deposits-abstracts-current": true, "deposits-orcids-current": true, "deposits": true, "deposits-affiliations-backfile": true, "deposits-update-policies-backfile": false, "deposits-similarity-checking-backfile": true, "deposits-award-numbers-current": false, "deposits-resource-links-current": true, "deposits-articles": true, "deposits-affiliations-current": true, "deposits-funders-current": false, "deposits-references-backfile": true, "deposits-abstracts-backfile": true, "deposits-licenses-backfile": true, "deposits-award-numbers-backfile": false, "deposits-open-references-backfile": true, "deposits-open-references-current": true, "deposits-references-current": true, "deposits-resource-links-backfile": true, "deposits-orcids-backfile": true, "deposits-funders-backfile": false, "deposits-update-policies-current": false, "deposits-similarity-checking-current": true, "deposits-licenses-current": true}, "ISSN": ["1991-7074", "1816-7403"], "issn-type": [{"value": "1991-7074", "type": "electronic"}, {"value": "1816-7403", "type": "print"}]}