{"last-status-check-time": 1621078561076, "counts": {"total-dois": 339, "current-dois": 173, "backfile-dois": 166}, "breakdowns": {"dois-by-issued-year": [[2018, 80], [2020, 73], [2021, 55], [2017, 53], [2019, 45], [2016, 33]]}, "publisher": "Negah Scientific Publisher", "coverage": {"affiliations-current": 0.017341040074825287, "similarity-checking-current": 0.7283236980438232, "funders-backfile": 0.0, "licenses-backfile": 0.0, "funders-current": 0.0, "affiliations-backfile": 0.0, "resource-links-backfile": 0.39759036898612976, "orcids-backfile": 0.048192769289016724, "update-policies-current": 0.7341040372848511, "open-references-backfile": 0.5361445546150208, "orcids-current": 0.2543352544307709, "similarity-checking-backfile": 1.0, "references-backfile": 0.1867469847202301, "award-numbers-backfile": 0.0, "update-policies-backfile": 0.9939758777618408, "licenses-current": 0.005780346691608429, "award-numbers-current": 0.0, "abstracts-backfile": 0.0, "resource-links-current": 0.0, "abstracts-current": 0.5086705088615417, "open-references-current": 1.0, "references-current": 0.0}, "title": "Basic and Clinical Neuroscience Journal", "subjects": [{"name": "Clinical Neurology", "ASJC": 2728}, {"name": "Cellular and Molecular Neuroscience", "ASJC": 2804}], "coverage-type": {"all": {"last-status-check-time": 1621078553462, "affiliations": 0.008823529817163944, "abstracts": 0.25882354378700256, "orcids": 0.15294118225574493, "licenses": 0.0029411765281111, "references": 0.09117647260427475, "funders": 0.0, "similarity-checking": 0.8588235378265381, "award-numbers": 0.0, "update-policies": 0.8588235378265381, "resource-links": 0.19411765038967133, "open-references": 0.7735294103622437}, "backfile": {"last-status-check-time": 1621078550905, "affiliations": 0.0, "abstracts": 0.0, "orcids": 0.048192769289016724, "licenses": 0.0, "references": 0.1867469847202301, "funders": 0.0, "similarity-checking": 1.0, "award-numbers": 0.0, "update-policies": 0.9939758777618408, "resource-links": 0.39759036898612976, "open-references": 0.5361445546150208}, "current": {"last-status-check-time": 1621078548184, "affiliations": 0.017341040074825287, "abstracts": 0.5086705088615417, "orcids": 0.2543352544307709, "licenses": 0.005780346691608429, "references": 0.0, "funders": 0.0, "similarity-checking": 0.7283236980438232, "award-numbers": 0.0, "update-policies": 0.7341040372848511, "resource-links": 0.0, "open-references": 1.0}}, "flags": {"deposits-abstracts-current": true, "deposits-orcids-current": true, "deposits": true, "deposits-affiliations-backfile": false, "deposits-update-policies-backfile": true, "deposits-similarity-checking-backfile": true, "deposits-award-numbers-current": false, "deposits-resource-links-current": false, "deposits-articles": true, "deposits-affiliations-current": true, "deposits-funders-current": false, "deposits-references-backfile": true, "deposits-abstracts-backfile": false, "deposits-licenses-backfile": false, "deposits-award-numbers-backfile": false, "deposits-open-references-backfile": true, "deposits-open-references-current": true, "deposits-references-current": false, "deposits-resource-links-backfile": true, "deposits-orcids-backfile": true, "deposits-funders-backfile": false, "deposits-update-policies-current": true, "deposits-similarity-checking-current": true, "deposits-licenses-current": true}, "ISSN": ["2228-7442", "2008-126X"], "issn-type": [{"value": "2228-7442", "type": "electronic"}, {"value": "2008-126X", "type": "print"}]}