{"last-status-check-time": 1617043337926, "counts": {"total-dois": 299, "current-dois": 44, "backfile-dois": 255}, "breakdowns": {"dois-by-issued-year": [[2010, 52], [2012, 46], [2011, 40], [2009, 33], [2017, 21], [2020, 20], [2019, 18], [2014, 16], [2018, 15], [2013, 14], [2016, 11], [2015, 7], [2021, 6]]}, "publisher": "Springer (Biomed Central Ltd.)", "coverage": {"affiliations-current": 0.0, "similarity-checking-current": 1.0, "funders-backfile": 0.0784313753247261, "licenses-backfile": 0.772549033164978, "funders-current": 0.3181818127632141, "affiliations-backfile": 0.0, "resource-links-backfile": 0.772549033164978, "orcids-backfile": 0.0313725508749485, "update-policies-current": 1.0, "open-references-backfile": 1.0, "orcids-current": 0.2954545319080353, "similarity-checking-backfile": 0.9333333373069763, "references-backfile": 0.8745098114013672, "award-numbers-backfile": 0.04313725605607033, "update-policies-backfile": 0.2078431397676468, "licenses-current": 1.0, "award-numbers-current": 0.25, "abstracts-backfile": 0.003921568859368563, "resource-links-current": 1.0, "abstracts-current": 0.5, "open-references-current": 1.0, "references-current": 1.0}, "title": "Basic and Clinical Andrology", "subjects": [{"name": "Reproductive Medicine", "ASJC": 2743}, {"name": "Urology", "ASJC": 2748}], "coverage-type": {"all": {"last-status-check-time": 1617043329751, "affiliations": 0.0, "abstracts": 0.07692307978868484, "orcids": 0.07023411244153976, "licenses": 0.8060200810432434, "references": 0.8929765820503235, "funders": 0.113712377846241, "similarity-checking": 0.9431437849998474, "award-numbers": 0.0735785961151123, "update-policies": 0.3244147300720215, "resource-links": 0.8060200810432434, "open-references": 1.0}, "backfile": {"last-status-check-time": 1617043326852, "affiliations": 0.0, "abstracts": 0.003921568859368563, "orcids": 0.0313725508749485, "licenses": 0.772549033164978, "references": 0.8745098114013672, "funders": 0.0784313753247261, "similarity-checking": 0.9333333373069763, "award-numbers": 0.04313725605607033, "update-policies": 0.2078431397676468, "resource-links": 0.772549033164978, "open-references": 1.0}, "current": {"last-status-check-time": 1617043324080, "affiliations": 0.0, "abstracts": 0.5, "orcids": 0.2954545319080353, "licenses": 1.0, "references": 1.0, "funders": 0.3181818127632141, "similarity-checking": 1.0, "award-numbers": 0.25, "update-policies": 1.0, "resource-links": 1.0, "open-references": 1.0}}, "flags": {"deposits-abstracts-current": true, "deposits-orcids-current": true, "deposits": true, "deposits-affiliations-backfile": false, "deposits-update-policies-backfile": true, "deposits-similarity-checking-backfile": true, "deposits-award-numbers-current": true, "deposits-resource-links-current": true, "deposits-articles": true, "deposits-affiliations-current": false, "deposits-funders-current": true, "deposits-references-backfile": true, "deposits-abstracts-backfile": true, "deposits-licenses-backfile": true, "deposits-award-numbers-backfile": true, "deposits-open-references-backfile": true, "deposits-open-references-current": true, "deposits-references-current": true, "deposits-resource-links-backfile": true, "deposits-orcids-backfile": true, "deposits-funders-backfile": true, "deposits-update-policies-current": true, "deposits-similarity-checking-current": true, "deposits-licenses-current": true}, "ISSN": ["2051-4190", "2051-4190"], "issn-type": [{"value": "2051-4190", "type": "electronic"}, {"value": "2051-4190", "type": "print"}]}