{"last-status-check-time": 1620933888266, "counts": {"total-dois": 656, "current-dois": 24, "backfile-dois": 632}, "breakdowns": {"dois-by-issued-year": [[2010, 77], [2007, 66], [2012, 63], [2008, 57], [2011, 51], [2009, 51], [2013, 48], [2014, 45], [2006, 43], [2015, 42], [2016, 31], [2005, 25], [2018, 19], [2017, 14], [2019, 11], [2020, 10], [2021, 3]]}, "publisher": "Springer (Biomed Central Ltd.)", "coverage": {"affiliations-current": 0.0, "similarity-checking-current": 1.0, "funders-backfile": 0.0901898741722107, "licenses-backfile": 0.07753164321184158, "funders-current": 0.75, "affiliations-backfile": 0.0, "resource-links-backfile": 0.07753164321184158, "orcids-backfile": 0.030063292011618614, "update-policies-current": 1.0, "open-references-backfile": 1.0, "orcids-current": 0.6666666865348816, "similarity-checking-backfile": 0.1708860695362091, "references-backfile": 0.46202531456947327, "award-numbers-backfile": 0.07594936341047287, "update-policies-backfile": 0.16613924503326416, "licenses-current": 1.0, "award-numbers-current": 0.5833333134651184, "abstracts-backfile": 0.0, "resource-links-current": 1.0, "abstracts-current": 0.5, "open-references-current": 1.0, "references-current": 1.0}, "title": "Behavioral and Brain Functions", "subjects": [{"name": "General Medicine", "ASJC": 2700}, {"name": "Behavioral Neuroscience", "ASJC": 2802}, {"name": "Biological Psychiatry", "ASJC": 2803}, {"name": "Cognitive Neuroscience", "ASJC": 2805}], "coverage-type": {"all": {"last-status-check-time": 1620933879922, "affiliations": 0.0, "abstracts": 0.018292682245373726, "orcids": 0.05335365980863571, "licenses": 0.11128048598766327, "references": 0.48170730471611023, "funders": 0.1143292710185051, "similarity-checking": 0.20121951401233673, "award-numbers": 0.09451219439506531, "update-policies": 0.19664634764194489, "resource-links": 0.11128048598766327, "open-references": 1.0}, "backfile": {"last-status-check-time": 1620933877053, "affiliations": 0.0, "abstracts": 0.0, "orcids": 0.030063292011618614, "licenses": 0.07753164321184158, "references": 0.46202531456947327, "funders": 0.0901898741722107, "similarity-checking": 0.1708860695362091, "award-numbers": 0.07594936341047287, "update-policies": 0.16613924503326416, "resource-links": 0.07753164321184158, "open-references": 1.0}, "current": {"last-status-check-time": 1620933874453, "affiliations": 0.0, "abstracts": 0.5, "orcids": 0.6666666865348816, "licenses": 1.0, "references": 1.0, "funders": 0.75, "similarity-checking": 1.0, "award-numbers": 0.5833333134651184, "update-policies": 1.0, "resource-links": 1.0, "open-references": 1.0}}, "flags": {"deposits-abstracts-current": true, "deposits-orcids-current": true, "deposits": true, "deposits-affiliations-backfile": false, "deposits-update-policies-backfile": true, "deposits-similarity-checking-backfile": true, "deposits-award-numbers-current": true, "deposits-resource-links-current": true, "deposits-articles": true, "deposits-affiliations-current": false, "deposits-funders-current": true, "deposits-references-backfile": true, "deposits-abstracts-backfile": false, "deposits-licenses-backfile": true, "deposits-award-numbers-backfile": true, "deposits-open-references-backfile": true, "deposits-open-references-current": true, "deposits-references-current": true, "deposits-resource-links-backfile": true, "deposits-orcids-backfile": true, "deposits-funders-backfile": true, "deposits-update-policies-current": true, "deposits-similarity-checking-current": true, "deposits-licenses-current": true}, "ISSN": ["1744-9081", "1744-9081"], "issn-type": [{"value": "1744-9081", "type": "electronic"}, {"value": "1744-9081", "type": "print"}]}