{"last-status-check-time": 1620671085565, "counts": {"total-dois": 1150, "current-dois": 129, "backfile-dois": 1021}, "breakdowns": {"dois-by-issued-year": [[2015, 104], [2013, 87], [2018, 72], [2014, 65], [2010, 59], [2019, 58], [2020, 54], [2008, 45], [2017, 44], [1993, 40], [1992, 38], [2016, 37], [2011, 36], [2012, 35], [2007, 31], [1994, 28], [1991, 28], [2000, 25], [1997, 24], [2006, 23], [1990, 23], [2005, 22], [2009, 21], [1999, 21], [1996, 19], [1995, 18], [2021, 17], [1998, 16], [2002, 14], [2003, 13], [1989, 13], [2004, 12], [1988, 8]]}, "publisher": "Hindawi Limited", "coverage": {"affiliations-current": 1.0, "similarity-checking-current": 1.0, "funders-backfile": 0.36924582719802856, "licenses-backfile": 1.0, "funders-current": 0.6279069781303406, "affiliations-backfile": 0.9618021249771118, "resource-links-backfile": 1.0, "orcids-backfile": 0.18511264026165009, "update-policies-current": 0.0, "open-references-backfile": 1.0, "orcids-current": 1.0, "similarity-checking-backfile": 1.0, "references-backfile": 0.30950048565864563, "award-numbers-backfile": 0.2242899090051651, "update-policies-backfile": 0.0, "licenses-current": 1.0, "award-numbers-current": 0.40310078859329224, "abstracts-backfile": 0.7992164492607117, "resource-links-current": 1.0, "abstracts-current": 0.9689922332763672, "open-references-current": 1.0, "references-current": 1.0}, "title": "Behavioural Neurology", "subjects": [{"name": "General Medicine", "ASJC": 2700}, {"name": "Clinical Neurology", "ASJC": 2728}, {"name": "Neurology", "ASJC": 2808}, {"name": "Neuropsychology and Physiological Psychology", "ASJC": 3206}], "coverage-type": {"all": {"last-status-check-time": 1620671079249, "affiliations": 0.965247631072998, "abstracts": 0.8175499439239502, "orcids": 0.2762815058231354, "licenses": 0.9991312026977539, "references": 0.38662034273147583, "funders": 0.397914856672287, "similarity-checking": 0.9991312026977539, "award-numbers": 0.2441355288028717, "update-policies": 0.0, "resource-links": 0.9991312026977539, "open-references": 1.0}, "backfile": {"last-status-check-time": 1620671077216, "affiliations": 0.9618021249771118, "abstracts": 0.7992164492607117, "orcids": 0.18511264026165009, "licenses": 1.0, "references": 0.30950048565864563, "funders": 0.36924582719802856, "similarity-checking": 1.0, "award-numbers": 0.2242899090051651, "update-policies": 0.0, "resource-links": 1.0, "open-references": 1.0}, "current": {"last-status-check-time": 1620671074798, "affiliations": 1.0, "abstracts": 0.9689922332763672, "orcids": 1.0, "licenses": 1.0, "references": 1.0, "funders": 0.6279069781303406, "similarity-checking": 1.0, "award-numbers": 0.40310078859329224, "update-policies": 0.0, "resource-links": 1.0, "open-references": 1.0}}, "flags": {"deposits-abstracts-current": true, "deposits-orcids-current": true, "deposits": true, "deposits-affiliations-backfile": true, "deposits-update-policies-backfile": false, "deposits-similarity-checking-backfile": true, "deposits-award-numbers-current": true, "deposits-resource-links-current": true, "deposits-articles": true, "deposits-affiliations-current": true, "deposits-funders-current": true, "deposits-references-backfile": true, "deposits-abstracts-backfile": true, "deposits-licenses-backfile": true, "deposits-award-numbers-backfile": true, "deposits-open-references-backfile": true, "deposits-open-references-current": true, "deposits-references-current": true, "deposits-resource-links-backfile": true, "deposits-orcids-backfile": true, "deposits-funders-backfile": true, "deposits-update-policies-current": false, "deposits-similarity-checking-current": true, "deposits-licenses-current": true}, "ISSN": ["1875-8584", "0953-4180"], "issn-type": [{"value": "1875-8584", "type": "electronic"}, {"value": "0953-4180", "type": "print"}]}