{"last-status-check-time": 1620994220150, "counts": {"total-dois": 3302, "current-dois": 644, "backfile-dois": 2658}, "breakdowns": {"dois-by-issued-year": [[2014, 332], [2013, 331], [2015, 300], [2019, 296], [2018, 292], [2016, 290], [2017, 286], [2020, 260], [2012, 251], [2011, 205], [2010, 141], [2021, 88], [2009, 83], [2008, 53], [2007, 50], [2006, 26], [2005, 18]]}, "publisher": "Beilstein-Institut", "coverage": {"affiliations-current": 0.0, "similarity-checking-current": 1.0, "funders-backfile": 0.0, "licenses-backfile": 0.9996237754821777, "funders-current": 0.04503105580806732, "affiliations-backfile": 0.0, "resource-links-backfile": 0.9996237754821777, "orcids-backfile": 0.11399548500776291, "update-policies-current": 0.0, "open-references-backfile": 1.0, "orcids-current": 0.9534161686897278, "similarity-checking-backfile": 1.0, "references-backfile": 0.9864559769630432, "award-numbers-backfile": 0.0, "update-policies-backfile": 0.0, "licenses-current": 1.0, "award-numbers-current": 0.04037266969680786, "abstracts-backfile": 0.9149736762046814, "resource-links-current": 1.0, "abstracts-current": 0.989130437374115, "open-references-current": 1.0, "references-current": 0.9984471797943115}, "title": "Beilstein Journal of Organic Chemistry", "subjects": [{"name": "Organic Chemistry", "ASJC": 1605}], "coverage-type": {"all": {"last-status-check-time": 1620994211664, "affiliations": 0.0, "abstracts": 0.9291552901268005, "orcids": 0.2776263952255249, "licenses": 0.9993944764137268, "references": 0.9884952902793884, "funders": 0.008779897354543209, "similarity-checking": 0.9996972680091858, "award-numbers": 0.007871631532907486, "update-policies": 0.0, "resource-links": 0.9993944764137268, "open-references": 1.0}, "backfile": {"last-status-check-time": 1620994208931, "affiliations": 0.0, "abstracts": 0.9149736762046814, "orcids": 0.11399548500776291, "licenses": 0.9996237754821777, "references": 0.9864559769630432, "funders": 0.0, "similarity-checking": 1.0, "award-numbers": 0.0, "update-policies": 0.0, "resource-links": 0.9996237754821777, "open-references": 1.0}, "current": {"last-status-check-time": 1620994206258, "affiliations": 0.0, "abstracts": 0.989130437374115, "orcids": 0.9534161686897278, "licenses": 1.0, "references": 0.9984471797943115, "funders": 0.04503105580806732, "similarity-checking": 1.0, "award-numbers": 0.04037266969680786, "update-policies": 0.0, "resource-links": 1.0, "open-references": 1.0}}, "flags": {"deposits-abstracts-current": true, "deposits-orcids-current": true, "deposits": true, "deposits-affiliations-backfile": false, "deposits-update-policies-backfile": false, "deposits-similarity-checking-backfile": true, "deposits-award-numbers-current": true, "deposits-resource-links-current": true, "deposits-articles": true, "deposits-affiliations-current": false, "deposits-funders-current": true, "deposits-references-backfile": true, "deposits-abstracts-backfile": true, "deposits-licenses-backfile": true, "deposits-award-numbers-backfile": false, "deposits-open-references-backfile": true, "deposits-open-references-current": true, "deposits-references-current": true, "deposits-resource-links-backfile": true, "deposits-orcids-backfile": true, "deposits-funders-backfile": false, "deposits-update-policies-current": false, "deposits-similarity-checking-current": true, "deposits-licenses-current": true}, "ISSN": ["1860-5397", "1860-5397"], "issn-type": [{"value": "1860-5397", "type": "electronic"}, {"value": "1860-5397", "type": "print"}]}