{"last-status-check-time": 1621299025228, "counts": {"total-dois": 2071, "current-dois": 457, "backfile-dois": 1614}, "breakdowns": {"dois-by-issued-year": [[2018, 286], [2017, 280], [2015, 260], [2014, 259], [2019, 250], [2016, 201], [2020, 170], [2013, 110], [2012, 101], [2011, 95], [2021, 37], [2010, 22]]}, "publisher": "Beilstein-Institut", "coverage": {"affiliations-current": 0.0, "similarity-checking-current": 1.0, "funders-backfile": 0.0, "licenses-backfile": 1.0, "funders-current": 0.026258205994963646, "affiliations-backfile": 0.0, "resource-links-backfile": 1.0, "orcids-backfile": 0.15179677307605743, "update-policies-current": 0.0, "open-references-backfile": 1.0, "orcids-current": 0.9321662783622742, "similarity-checking-backfile": 1.0, "references-backfile": 0.9851301312446594, "award-numbers-backfile": 0.0, "update-policies-backfile": 0.0, "licenses-current": 1.0, "award-numbers-current": 0.024070022627711296, "abstracts-backfile": 0.962205708026886, "resource-links-current": 1.0, "abstracts-current": 0.9715536236763, "open-references-current": 1.0, "references-current": 0.9934354424476624}, "title": "Beilstein Journal of Nanotechnology", "subjects": [{"name": "Electrical and Electronic Engineering", "ASJC": 2208}, {"name": "General Materials Science", "ASJC": 2500}, {"name": "General Physics and Astronomy", "ASJC": 3100}], "coverage-type": {"all": {"last-status-check-time": 1621299018366, "affiliations": 0.0, "abstracts": 0.9638031125068665, "orcids": 0.3238416910171509, "licenses": 0.9995173811912537, "references": 0.9864864945411682, "funders": 0.005791505798697472, "similarity-checking": 0.9995173811912537, "award-numbers": 0.005308880470693111, "update-policies": 0.0, "resource-links": 0.9995173811912537, "open-references": 1.0}, "backfile": {"last-status-check-time": 1621299016343, "affiliations": 0.0, "abstracts": 0.962205708026886, "orcids": 0.15179677307605743, "licenses": 1.0, "references": 0.9851301312446594, "funders": 0.0, "similarity-checking": 1.0, "award-numbers": 0.0, "update-policies": 0.0, "resource-links": 1.0, "open-references": 1.0}, "current": {"last-status-check-time": 1621299013748, "affiliations": 0.0, "abstracts": 0.9715536236763, "orcids": 0.9321662783622742, "licenses": 1.0, "references": 0.9934354424476624, "funders": 0.026258205994963646, "similarity-checking": 1.0, "award-numbers": 0.024070022627711296, "update-policies": 0.0, "resource-links": 1.0, "open-references": 1.0}}, "flags": {"deposits-abstracts-current": true, "deposits-orcids-current": true, "deposits": true, "deposits-affiliations-backfile": false, "deposits-update-policies-backfile": false, "deposits-similarity-checking-backfile": true, "deposits-award-numbers-current": true, "deposits-resource-links-current": true, "deposits-articles": true, "deposits-affiliations-current": false, "deposits-funders-current": true, "deposits-references-backfile": true, "deposits-abstracts-backfile": true, "deposits-licenses-backfile": true, "deposits-award-numbers-backfile": false, "deposits-open-references-backfile": true, "deposits-open-references-current": true, "deposits-references-current": true, "deposits-resource-links-backfile": true, "deposits-orcids-backfile": true, "deposits-funders-backfile": false, "deposits-update-policies-current": false, "deposits-similarity-checking-current": true, "deposits-licenses-current": true}, "ISSN": ["2190-4286", "2190-4286"], "issn-type": [{"value": "2190-4286", "type": "electronic"}, {"value": "2190-4286", "type": "print"}]}