{"last-status-check-time": 1621159745439, "counts": {"total-dois": 4649, "current-dois": 142, "backfile-dois": 4507}, "breakdowns": {"dois-by-issued-year": [[1931, 191], [2018, 72], [2016, 68], [2019, 62], [2015, 62], [2020, 61], [2013, 61], [2014, 59], [2008, 55], [2017, 52], [1856, 49], [1908, 46], [1913, 44], [1889, 43], [1866, 43], [1994, 42], [1989, 42], [1885, 42], [1864, 42], [1997, 41], [1995, 38], [1993, 38], [1877, 38], [1948, 37], [1920, 37], [1881, 37], [2001, 36], [1988, 36], [1886, 36], [1916, 35], [1896, 35], [1882, 35], [2000, 34], [1970, 34], [1884, 34], [1873, 34], [1987, 33], [1961, 33], [1949, 33], [1862, 33], [2011, 32], [2002, 32], [1992, 32], [1991, 32], [1985, 32], [1879, 32], [1878, 32], [1872, 32], [1871, 32], [1996, 31], [1972, 31], [1969, 31], [1966, 31], [1957, 31], [1863, 31], [2009, 30], [1979, 30], [1963, 30], [1955, 30], [1938, 30], [1976, 29], [1967, 29], [1964, 29], [1894, 29], [1867, 29], [1990, 28], [1986, 28], [1983, 28], [1982, 28], [1980, 28], [1975, 28], [1971, 28], [1960, 28], [1956, 28], [1953, 28], [1901, 28], [1868, 28], [1859, 28], [1855, 28], [1984, 27], [1977, 27], [1968, 27], [1954, 27], [1952, 27], [1905, 27], [1904, 27], [2012, 26], [1998, 26], [1981, 26], [1974, 26], [1958, 26], [1869, 26], [1999, 25], [1978, 25], [1973, 25], [1965, 25], [1910, 25], [1899, 25], [1893, 25], [1880, 25], [1870, 25], [1951, 24], [1939, 23], [1935, 23], [1932, 23], [1914, 23], [1890, 23], [1959, 22], [1941, 22], [1906, 22], [1903, 22], [1892, 22], [1876, 22], [1854, 22], [1962, 21], [1942, 21], [1940, 21], [1918, 21], [1917, 21], [1912, 21], [2010, 20], [1933, 20], [2021, 19], [2004, 19], [2003, 19], [1919, 19], [1895, 19], [1887, 19], [1874, 19], [1853, 19], [1943, 18], [1925, 18], [1909, 18], [1902, 18], [1897, 18], [1860, 18], [1930, 17], [1923, 17], [1898, 17], [1926, 16], [1915, 16], [1911, 16], [1900, 16], [1888, 16], [1924, 15], [1891, 15], [1927, 14], [1922, 14], [1907, 14], [1928, 13], [1875, 13], [1950, 12], [1946, 12], [1883, 12], [1936, 11], [1929, 11], [1921, 10], [1934, 7], [2005, 6], [1937, 6]]}, "publisher": "Brill", "coverage": {"affiliations-current": 0.9295774698257446, "similarity-checking-current": 1.0, "funders-backfile": 0.0, "licenses-backfile": 0.8792988657951355, "funders-current": 0.0, "affiliations-backfile": 0.34745949506759644, "resource-links-backfile": 0.8883958458900452, "orcids-backfile": 0.0, "update-policies-current": 0.0, "open-references-backfile": 1.0, "orcids-current": 0.0, "similarity-checking-backfile": 0.996006190776825, "references-backfile": 0.0019968936685472727, "award-numbers-backfile": 0.0, "update-policies-backfile": 0.0, "licenses-current": 1.0, "award-numbers-current": 0.0, "abstracts-backfile": 0.07787885516881943, "resource-links-current": 1.0, "abstracts-current": 0.23239436745643616, "open-references-current": 1.0, "references-current": 0.0}, "title": "Bijdragen tot de taal- land- en volkenkunde / Journal of the Humanities and Social Sciences of Southeast Asia", "subjects": [{"name": "Language and Linguistics", "ASJC": 1203}, {"name": "Social Sciences (miscellaneous)", "ASJC": 3301}, {"name": "Linguistics and Language", "ASJC": 3310}, {"name": "Anthropology", "ASJC": 3314}, {"name": "Cultural Studies", "ASJC": 3316}, {"name": "Language and Linguistics", "ASJC": 1203}, {"name": "Social Sciences (miscellaneous)", "ASJC": 3301}, {"name": "Linguistics and Language", "ASJC": 3310}, {"name": "Anthropology", "ASJC": 3314}, {"name": "Cultural Studies", "ASJC": 3316}, {"name": "Language and Linguistics", "ASJC": 1203}, {"name": "Social Sciences (miscellaneous)", "ASJC": 3301}, {"name": "Linguistics and Language", "ASJC": 3310}, {"name": "Anthropology", "ASJC": 3314}, {"name": "Cultural Studies", "ASJC": 3316}], "coverage-type": {"all": {"last-status-check-time": 1621159738550, "affiliations": 0.36523982882499695, "abstracts": 0.08259841054677963, "orcids": 0.0, "licenses": 0.8829855918884277, "references": 0.0019359001889824867, "funders": 0.0, "similarity-checking": 0.9961282014846802, "award-numbers": 0.0, "update-policies": 0.0, "resource-links": 0.8918046951293945, "open-references": 1.0}, "backfile": {"last-status-check-time": 1621159736222, "affiliations": 0.34745949506759644, "abstracts": 0.07787885516881943, "orcids": 0.0, "licenses": 0.8792988657951355, "references": 0.0019968936685472727, "funders": 0.0, "similarity-checking": 0.996006190776825, "award-numbers": 0.0, "update-policies": 0.0, "resource-links": 0.8883958458900452, "open-references": 1.0}, "current": {"last-status-check-time": 1621159733819, "affiliations": 0.9295774698257446, "abstracts": 0.23239436745643616, "orcids": 0.0, "licenses": 1.0, "references": 0.0, "funders": 0.0, "similarity-checking": 1.0, "award-numbers": 0.0, "update-policies": 0.0, "resource-links": 1.0, "open-references": 1.0}}, "flags": {"deposits-abstracts-current": true, "deposits-orcids-current": false, "deposits": true, "deposits-affiliations-backfile": true, "deposits-update-policies-backfile": false, "deposits-similarity-checking-backfile": true, "deposits-award-numbers-current": false, "deposits-resource-links-current": true, "deposits-articles": true, "deposits-affiliations-current": true, "deposits-funders-current": false, "deposits-references-backfile": true, "deposits-abstracts-backfile": true, "deposits-licenses-backfile": true, "deposits-award-numbers-backfile": false, "deposits-open-references-backfile": true, "deposits-open-references-current": true, "deposits-references-current": false, "deposits-resource-links-backfile": true, "deposits-orcids-backfile": false, "deposits-funders-backfile": false, "deposits-update-policies-current": false, "deposits-similarity-checking-current": true, "deposits-licenses-current": true}, "ISSN": ["2213-4379", "0006-2294"], "issn-type": [{"value": "2213-4379", "type": "electronic"}, {"value": "0006-2294", "type": "print"}]}