{"last-status-check-time": 1621178505464, "counts": {"total-dois": 687, "current-dois": 124, "backfile-dois": 563}, "breakdowns": {"dois-by-issued-year": [[2017, 85], [2018, 65], [2020, 52], [2016, 48], [2015, 48], [2014, 44], [2010, 44], [2013, 43], [2011, 43], [2019, 42], [2012, 40], [2008, 33], [2021, 30], [2009, 28], [2007, 24], [2006, 18]]}, "publisher": "Croatian Society for Medical Biochemistry and Laboratory Medicine", "coverage": {"affiliations-current": 0.8548387289047241, "similarity-checking-current": 0.9919354915618896, "funders-backfile": 0.0, "licenses-backfile": 0.0, "funders-current": 0.0, "affiliations-backfile": 0.031971581280231476, "resource-links-backfile": 0.0, "orcids-backfile": 0.010657194070518017, "update-policies-current": 0.0, "open-references-backfile": 1.0, "orcids-current": 0.09677419066429138, "similarity-checking-backfile": 1.0, "references-backfile": 0.211367666721344, "award-numbers-backfile": 0.0, "update-policies-backfile": 0.0, "licenses-current": 0.0, "award-numbers-current": 0.0, "abstracts-backfile": 0.031971581280231476, "resource-links-current": 0.0, "abstracts-current": 0.8145161271095276, "open-references-current": 1.0, "references-current": 0.9516128897666931}, "title": "Biochemia Medica", "subjects": [{"name": "Clinical Biochemistry", "ASJC": 1308}, {"name": "Biochemistry, medical", "ASJC": 2704}], "coverage-type": {"all": {"last-status-check-time": 1621178498847, "affiliations": 0.18023255467414856, "abstracts": 0.17296510934829712, "orcids": 0.02616279013454914, "licenses": 0.0, "references": 0.34447672963142395, "funders": 0.0, "similarity-checking": 0.9970930218696594, "award-numbers": 0.0, "update-policies": 0.0, "resource-links": 0.0, "open-references": 1.0}, "backfile": {"last-status-check-time": 1621178496518, "affiliations": 0.031971581280231476, "abstracts": 0.031971581280231476, "orcids": 0.010657194070518017, "licenses": 0.0, "references": 0.211367666721344, "funders": 0.0, "similarity-checking": 1.0, "award-numbers": 0.0, "update-policies": 0.0, "resource-links": 0.0, "open-references": 1.0}, "current": {"last-status-check-time": 1621178494136, "affiliations": 0.8548387289047241, "abstracts": 0.8145161271095276, "orcids": 0.09677419066429138, "licenses": 0.0, "references": 0.9516128897666931, "funders": 0.0, "similarity-checking": 0.9919354915618896, "award-numbers": 0.0, "update-policies": 0.0, "resource-links": 0.0, "open-references": 1.0}}, "flags": {"deposits-abstracts-current": true, "deposits-orcids-current": true, "deposits": true, "deposits-affiliations-backfile": true, "deposits-update-policies-backfile": false, "deposits-similarity-checking-backfile": true, "deposits-award-numbers-current": false, "deposits-resource-links-current": false, "deposits-articles": true, "deposits-affiliations-current": true, "deposits-funders-current": false, "deposits-references-backfile": true, "deposits-abstracts-backfile": true, "deposits-licenses-backfile": false, "deposits-award-numbers-backfile": false, "deposits-open-references-backfile": true, "deposits-open-references-current": true, "deposits-references-current": true, "deposits-resource-links-backfile": false, "deposits-orcids-backfile": true, "deposits-funders-backfile": false, "deposits-update-policies-current": false, "deposits-similarity-checking-current": true, "deposits-licenses-current": false}, "ISSN": ["1846-7482", "1330-0962"], "issn-type": [{"value": "1846-7482", "type": "electronic"}, {"value": "1330-0962", "type": "print"}]}