{"last-status-check-time": 1618979107159, "counts": {"total-dois": 296, "current-dois": 42, "backfile-dois": 254}, "breakdowns": {"dois-by-issued-year": [[2012, 77], [2016, 43], [2020, 30], [2011, 29], [2015, 25], [2014, 25], [2013, 24], [2017, 12], [2010, 11], [2019, 9], [2018, 8], [2021, 3]]}, "publisher": "Hindawi Limited", "coverage": {"affiliations-current": 1.0, "similarity-checking-current": 1.0, "funders-backfile": 0.4881889820098877, "licenses-backfile": 1.0, "funders-current": 0.5952380895614624, "affiliations-backfile": 1.0, "resource-links-backfile": 1.0, "orcids-backfile": 0.33070865273475647, "update-policies-current": 0.0, "open-references-backfile": 1.0, "orcids-current": 1.0, "similarity-checking-backfile": 1.0, "references-backfile": 0.9685039520263672, "award-numbers-backfile": 0.26771652698516846, "update-policies-backfile": 0.0, "licenses-current": 1.0, "award-numbers-current": 0.380952388048172, "abstracts-backfile": 0.9488189220428467, "resource-links-current": 1.0, "abstracts-current": 0.976190447807312, "open-references-current": 1.0, "references-current": 1.0}, "title": "Biochemistry Research International", "subjects": [{"name": "Biochemistry", "ASJC": 1303}], "coverage-type": {"all": {"last-status-check-time": 1618979099582, "affiliations": 0.9932885766029358, "abstracts": 0.9463087320327759, "orcids": 0.42281877994537354, "licenses": 0.9932885766029358, "references": 0.9664429426193237, "funders": 0.5, "similarity-checking": 0.9932885766029358, "award-numbers": 0.281879186630249, "update-policies": 0.0, "resource-links": 0.9932885766029358, "open-references": 1.0}, "backfile": {"last-status-check-time": 1618979096982, "affiliations": 1.0, "abstracts": 0.9488189220428467, "orcids": 0.33070865273475647, "licenses": 1.0, "references": 0.9685039520263672, "funders": 0.4881889820098877, "similarity-checking": 1.0, "award-numbers": 0.26771652698516846, "update-policies": 0.0, "resource-links": 1.0, "open-references": 1.0}, "current": {"last-status-check-time": 1618979094543, "affiliations": 1.0, "abstracts": 0.976190447807312, "orcids": 1.0, "licenses": 1.0, "references": 1.0, "funders": 0.5952380895614624, "similarity-checking": 1.0, "award-numbers": 0.380952388048172, "update-policies": 0.0, "resource-links": 1.0, "open-references": 1.0}}, "flags": {"deposits-abstracts-current": true, "deposits-orcids-current": true, "deposits": true, "deposits-affiliations-backfile": true, "deposits-update-policies-backfile": false, "deposits-similarity-checking-backfile": true, "deposits-award-numbers-current": true, "deposits-resource-links-current": true, "deposits-articles": true, "deposits-affiliations-current": true, "deposits-funders-current": true, "deposits-references-backfile": true, "deposits-abstracts-backfile": true, "deposits-licenses-backfile": true, "deposits-award-numbers-backfile": true, "deposits-open-references-backfile": true, "deposits-open-references-current": true, "deposits-references-current": true, "deposits-resource-links-backfile": true, "deposits-orcids-backfile": true, "deposits-funders-backfile": true, "deposits-update-policies-current": false, "deposits-similarity-checking-current": true, "deposits-licenses-current": true}, "ISSN": ["2090-2255", "2090-2247"], "issn-type": [{"value": "2090-2255", "type": "electronic"}, {"value": "2090-2247", "type": "print"}]}