{"last-status-check-time": 1620772024662, "counts": {"total-dois": 910, "current-dois": 381, "backfile-dois": 529}, "breakdowns": {"dois-by-issued-year": [[2020, 203], [2016, 140], [2015, 116], [2019, 100], [2014, 93], [2021, 78], [2017, 73], [2018, 70], [2013, 37]]}, "publisher": "Pensoft Publishers", "coverage": {"affiliations-current": 0.0, "similarity-checking-current": 1.0, "funders-backfile": 0.07561437040567398, "licenses-backfile": 1.0, "funders-current": 0.10761155188083649, "affiliations-backfile": 0.0, "resource-links-backfile": 0.3761814832687378, "orcids-backfile": 0.11909262835979462, "update-policies-current": 0.0, "open-references-backfile": 1.0, "orcids-current": 0.8713910579681396, "similarity-checking-backfile": 1.0, "references-backfile": 0.992438554763794, "award-numbers-backfile": 0.03402646631002426, "update-policies-backfile": 0.0037807184271514416, "licenses-current": 1.0, "award-numbers-current": 0.005249343812465668, "abstracts-backfile": 0.1304347813129425, "resource-links-current": 1.0, "abstracts-current": 1.0, "open-references-current": 1.0, "references-current": 0.9527559280395508}, "title": "Biodiversity Data Journal", "subjects": [], "coverage-type": {"all": {"last-status-check-time": 1620772017877, "affiliations": 0.0, "abstracts": 0.49450549483299255, "orcids": 0.43406593799591064, "licenses": 1.0, "references": 0.9758241772651672, "funders": 0.08901099115610123, "similarity-checking": 1.0, "award-numbers": 0.021978022530674934, "update-policies": 0.002197802299633622, "resource-links": 0.6373626589775085, "open-references": 1.0}, "backfile": {"last-status-check-time": 1620772015827, "affiliations": 0.0, "abstracts": 0.1304347813129425, "orcids": 0.11909262835979462, "licenses": 1.0, "references": 0.992438554763794, "funders": 0.07561437040567398, "similarity-checking": 1.0, "award-numbers": 0.03402646631002426, "update-policies": 0.0037807184271514416, "resource-links": 0.3761814832687378, "open-references": 1.0}, "current": {"last-status-check-time": 1620772013224, "affiliations": 0.0, "abstracts": 1.0, "orcids": 0.8713910579681396, "licenses": 1.0, "references": 0.9527559280395508, "funders": 0.10761155188083649, "similarity-checking": 1.0, "award-numbers": 0.005249343812465668, "update-policies": 0.0, "resource-links": 1.0, "open-references": 1.0}}, "flags": {"deposits-abstracts-current": true, "deposits-orcids-current": true, "deposits": true, "deposits-affiliations-backfile": false, "deposits-update-policies-backfile": true, "deposits-similarity-checking-backfile": true, "deposits-award-numbers-current": true, "deposits-resource-links-current": true, "deposits-articles": true, "deposits-affiliations-current": false, "deposits-funders-current": true, "deposits-references-backfile": true, "deposits-abstracts-backfile": true, "deposits-licenses-backfile": true, "deposits-award-numbers-backfile": true, "deposits-open-references-backfile": true, "deposits-open-references-current": true, "deposits-references-current": true, "deposits-resource-links-backfile": true, "deposits-orcids-backfile": true, "deposits-funders-backfile": true, "deposits-update-policies-current": false, "deposits-similarity-checking-current": true, "deposits-licenses-current": true}, "ISSN": ["1314-2828", "1314-2836"], "issn-type": [{"value": "1314-2828", "type": "electronic"}, {"value": "1314-2836", "type": "print"}]}