{"last-status-check-time": 1621281400115, "counts": {"total-dois": 815, "current-dois": 330, "backfile-dois": 485}, "breakdowns": {"dois-by-issued-year": [[2020, 131], [2021, 129], [2016, 121], [2013, 94], [2017, 73], [2019, 70], [2012, 68], [2015, 64], [2014, 59], [2018, 6]]}, "publisher": "Landes Bioscience", "coverage": {"affiliations-current": 0.9878787994384766, "similarity-checking-current": 1.0, "funders-backfile": 0.030927835032343864, "licenses-backfile": 0.09484536200761795, "funders-current": 0.6818181872367859, "affiliations-backfile": 0.2618556618690491, "resource-links-backfile": 0.09484536200761795, "orcids-backfile": 0.06804123520851135, "update-policies-current": 1.0, "open-references-backfile": 1.0, "orcids-current": 0.6121212244033813, "similarity-checking-backfile": 1.0, "references-backfile": 0.9731958508491516, "award-numbers-backfile": 0.028865979984402657, "update-policies-backfile": 0.6948453783988953, "licenses-current": 1.0, "award-numbers-current": 0.560606062412262, "abstracts-backfile": 0.0, "resource-links-current": 0.07575757801532745, "abstracts-current": 0.0, "open-references-current": 1.0, "references-current": 0.9696969985961914}, "title": "Bioengineered", "subjects": [{"name": "Biotechnology", "ASJC": 1305}, {"name": "Bioengineering", "ASJC": 1502}, {"name": "Applied Microbiology and Biotechnology", "ASJC": 2402}, {"name": "General Medicine", "ASJC": 2700}], "coverage-type": {"all": {"last-status-check-time": 1621281393401, "affiliations": 0.5551470518112183, "abstracts": 0.0, "orcids": 0.28799018263816833, "licenses": 0.46078431606292725, "references": 0.970588207244873, "funders": 0.29411765933036804, "similarity-checking": 0.998774528503418, "award-numbers": 0.24387255311012268, "update-policies": 0.8174019455909729, "resource-links": 0.08700980246067047, "open-references": 1.0}, "backfile": {"last-status-check-time": 1621281391051, "affiliations": 0.2618556618690491, "abstracts": 0.0, "orcids": 0.06804123520851135, "licenses": 0.09484536200761795, "references": 0.9731958508491516, "funders": 0.030927835032343864, "similarity-checking": 1.0, "award-numbers": 0.028865979984402657, "update-policies": 0.6948453783988953, "resource-links": 0.09484536200761795, "open-references": 1.0}, "current": {"last-status-check-time": 1621281388855, "affiliations": 0.9878787994384766, "abstracts": 0.0, "orcids": 0.6121212244033813, "licenses": 1.0, "references": 0.9696969985961914, "funders": 0.6818181872367859, "similarity-checking": 1.0, "award-numbers": 0.560606062412262, "update-policies": 1.0, "resource-links": 0.07575757801532745, "open-references": 1.0}}, "flags": {"deposits-abstracts-current": false, "deposits-orcids-current": true, "deposits": true, "deposits-affiliations-backfile": true, "deposits-update-policies-backfile": true, "deposits-similarity-checking-backfile": true, "deposits-award-numbers-current": true, "deposits-resource-links-current": true, "deposits-articles": true, "deposits-affiliations-current": true, "deposits-funders-current": true, "deposits-references-backfile": true, "deposits-abstracts-backfile": false, "deposits-licenses-backfile": true, "deposits-award-numbers-backfile": true, "deposits-open-references-backfile": true, "deposits-open-references-current": true, "deposits-references-current": true, "deposits-resource-links-backfile": true, "deposits-orcids-backfile": true, "deposits-funders-backfile": true, "deposits-update-policies-current": true, "deposits-similarity-checking-current": true, "deposits-licenses-current": true}, "ISSN": ["2165-5987", "2165-5979"], "issn-type": [{"value": "2165-5987", "type": "electronic"}, {"value": "2165-5979", "type": "print"}]}