{"last-status-check-time": 1621289670271, "counts": {"total-dois": 1899, "current-dois": 670, "backfile-dois": 1229}, "breakdowns": {"dois-by-issued-year": [[2019, 265], [2020, 264], [2018, 260], [2017, 236], [2016, 223], [2015, 192], [2014, 172], [2013, 146], [2021, 141]]}, "publisher": "American Geophysical Union", "coverage": {"affiliations-current": 0.9134328365325928, "similarity-checking-current": 0.9567164182662964, "funders-backfile": 0.7453213930130005, "licenses-backfile": 0.970707893371582, "funders-current": 0.7253731489181519, "affiliations-backfile": 0.9007322788238525, "resource-links-backfile": 0.9698942303657532, "orcids-backfile": 0.4149715304374695, "update-policies-current": 0.9567164182662964, "open-references-backfile": 1.0, "orcids-current": 0.874626874923706, "similarity-checking-backfile": 0.6102522611618042, "references-backfile": 0.8991049528121948, "award-numbers-backfile": 0.6371033191680908, "update-policies-backfile": 0.051261186599731445, "licenses-current": 0.9567164182662964, "award-numbers-current": 0.6447761058807373, "abstracts-backfile": 0.0, "resource-links-current": 0.9567164182662964, "abstracts-current": 0.0, "open-references-current": 1.0, "references-current": 0.8716418147087097}, "title": "Journal of Geophysical Research Biogeosciences", "subjects": [], "coverage-type": {"all": {"last-status-check-time": 1621289663444, "affiliations": 0.9047368168830872, "abstracts": 0.0, "orcids": 0.5768421292304993, "licenses": 0.9652631282806396, "references": 0.8889473676681519, "funders": 0.7378947138786316, "similarity-checking": 0.7321052551269531, "award-numbers": 0.6394736766815186, "update-policies": 0.3705263137817383, "resource-links": 0.964736819267273, "open-references": 1.0}, "backfile": {"last-status-check-time": 1621289660999, "affiliations": 0.9007322788238525, "abstracts": 0.0, "orcids": 0.4149715304374695, "licenses": 0.970707893371582, "references": 0.8991049528121948, "funders": 0.7453213930130005, "similarity-checking": 0.6102522611618042, "award-numbers": 0.6371033191680908, "update-policies": 0.051261186599731445, "resource-links": 0.9698942303657532, "open-references": 1.0}, "current": {"last-status-check-time": 1621289658810, "affiliations": 0.9134328365325928, "abstracts": 0.0, "orcids": 0.874626874923706, "licenses": 0.9567164182662964, "references": 0.8716418147087097, "funders": 0.7253731489181519, "similarity-checking": 0.9567164182662964, "award-numbers": 0.6447761058807373, "update-policies": 0.9567164182662964, "resource-links": 0.9567164182662964, "open-references": 1.0}}, "flags": {"deposits-abstracts-current": false, "deposits-orcids-current": true, "deposits": true, "deposits-affiliations-backfile": true, "deposits-update-policies-backfile": true, "deposits-similarity-checking-backfile": true, "deposits-award-numbers-current": true, "deposits-resource-links-current": true, "deposits-articles": true, "deposits-affiliations-current": true, "deposits-funders-current": true, "deposits-references-backfile": true, "deposits-abstracts-backfile": false, "deposits-licenses-backfile": true, "deposits-award-numbers-backfile": true, "deposits-open-references-backfile": true, "deposits-open-references-current": true, "deposits-references-current": true, "deposits-resource-links-backfile": true, "deposits-orcids-backfile": true, "deposits-funders-backfile": true, "deposits-update-policies-current": true, "deposits-similarity-checking-current": true, "deposits-licenses-current": true}, "ISSN": ["2169-8961", "2169-8953"], "issn-type": [{"value": "2169-8961", "type": "electronic"}, {"value": "2169-8953", "type": "print"}]}