{"last-status-check-time": 1620863309633, "counts": {"total-dois": 518, "current-dois": 45, "backfile-dois": 473}, "breakdowns": {"dois-by-issued-year": [[2010, 57], [2014, 52], [2018, 46], [2012, 33], [2013, 30], [2016, 26], [2003, 26], [2015, 25], [2007, 25], [2011, 24], [2006, 24], [2017, 23], [2005, 23], [2020, 20], [2008, 20], [2004, 20], [2009, 19], [2021, 14], [2019, 11]]}, "publisher": "Hindawi Limited", "coverage": {"affiliations-current": 0.9777777791023254, "similarity-checking-current": 1.0, "funders-backfile": 0.5940803289413452, "licenses-backfile": 1.0, "funders-current": 0.7555555701255798, "affiliations-backfile": 0.8879492878913879, "resource-links-backfile": 1.0, "orcids-backfile": 0.32135307788848877, "update-policies-current": 0.0, "open-references-backfile": 1.0, "orcids-current": 0.9777777791023254, "similarity-checking-backfile": 1.0, "references-backfile": 0.8477801084518433, "award-numbers-backfile": 0.3826638460159302, "update-policies-backfile": 0.0, "licenses-current": 1.0, "award-numbers-current": 0.4888888895511627, "abstracts-backfile": 0.8752642869949341, "resource-links-current": 1.0, "abstracts-current": 0.9555555582046509, "open-references-current": 1.0, "references-current": 0.9777777791023254}, "title": "Bioinorganic Chemistry and Applications", "subjects": [{"name": "Biochemistry", "ASJC": 1303}, {"name": "Inorganic Chemistry", "ASJC": 1604}, {"name": "Organic Chemistry", "ASJC": 1605}], "coverage-type": {"all": {"last-status-check-time": 1620863302840, "affiliations": 0.892307698726654, "abstracts": 0.8788461685180664, "orcids": 0.3769230842590332, "licenses": 0.9961538314819336, "references": 0.8557692170143127, "funders": 0.6057692170143127, "similarity-checking": 0.9961538314819336, "award-numbers": 0.39038461446762085, "update-policies": 0.0, "resource-links": 0.9961538314819336, "open-references": 1.0}, "backfile": {"last-status-check-time": 1620863300528, "affiliations": 0.8879492878913879, "abstracts": 0.8752642869949341, "orcids": 0.32135307788848877, "licenses": 1.0, "references": 0.8477801084518433, "funders": 0.5940803289413452, "similarity-checking": 1.0, "award-numbers": 0.3826638460159302, "update-policies": 0.0, "resource-links": 1.0, "open-references": 1.0}, "current": {"last-status-check-time": 1620863298243, "affiliations": 0.9777777791023254, "abstracts": 0.9555555582046509, "orcids": 0.9777777791023254, "licenses": 1.0, "references": 0.9777777791023254, "funders": 0.7555555701255798, "similarity-checking": 1.0, "award-numbers": 0.4888888895511627, "update-policies": 0.0, "resource-links": 1.0, "open-references": 1.0}}, "flags": {"deposits-abstracts-current": true, "deposits-orcids-current": true, "deposits": true, "deposits-affiliations-backfile": true, "deposits-update-policies-backfile": false, "deposits-similarity-checking-backfile": true, "deposits-award-numbers-current": true, "deposits-resource-links-current": true, "deposits-articles": true, "deposits-affiliations-current": true, "deposits-funders-current": true, "deposits-references-backfile": true, "deposits-abstracts-backfile": true, "deposits-licenses-backfile": true, "deposits-award-numbers-backfile": true, "deposits-open-references-backfile": true, "deposits-open-references-current": true, "deposits-references-current": true, "deposits-resource-links-backfile": true, "deposits-orcids-backfile": true, "deposits-funders-backfile": true, "deposits-update-policies-current": false, "deposits-similarity-checking-current": true, "deposits-licenses-current": true}, "ISSN": ["1687-479X", "1565-3633"], "issn-type": [{"value": "1687-479X", "type": "electronic"}, {"value": "1565-3633", "type": "print"}]}