{"last-status-check-time": 1621426854669, "counts": {"total-dois": 450, "current-dois": 165, "backfile-dois": 285}, "breakdowns": {"dois-by-issued-year": [[2016, 68], [2020, 67], [2019, 62], [2018, 54], [2017, 38], [2021, 36], [2015, 35], [2012, 29], [2013, 21], [2014, 18], [2011, 14], [2010, 8]]}, "publisher": "Springer (Biomed Central Ltd.)", "coverage": {"affiliations-current": 0.0, "similarity-checking-current": 1.0, "funders-backfile": 0.49824562668800354, "licenses-backfile": 0.39298245310783386, "funders-current": 0.7939394116401672, "affiliations-backfile": 0.0, "resource-links-backfile": 0.39298245310783386, "orcids-backfile": 0.15789473056793213, "update-policies-current": 1.0, "open-references-backfile": 1.0, "orcids-current": 0.7818182110786438, "similarity-checking-backfile": 0.7157894968986511, "references-backfile": 0.9438596367835999, "award-numbers-backfile": 0.4385964870452881, "update-policies-backfile": 0.7157894968986511, "licenses-current": 1.0, "award-numbers-current": 0.7454545497894287, "abstracts-backfile": 0.0, "resource-links-current": 1.0, "abstracts-current": 0.5878787636756897, "open-references-current": 1.0, "references-current": 1.0}, "title": "Biology of Sex Differences", "subjects": [], "coverage-type": {"all": {"last-status-check-time": 1621426848358, "affiliations": 0.0, "abstracts": 0.21555554866790771, "orcids": 0.3866666555404663, "licenses": 0.6155555844306946, "references": 0.9644444584846497, "funders": 0.6066666841506958, "similarity-checking": 0.8199999928474426, "award-numbers": 0.551111102104187, "update-policies": 0.8199999928474426, "resource-links": 0.6155555844306946, "open-references": 1.0}, "backfile": {"last-status-check-time": 1621426846213, "affiliations": 0.0, "abstracts": 0.0, "orcids": 0.15789473056793213, "licenses": 0.39298245310783386, "references": 0.9438596367835999, "funders": 0.49824562668800354, "similarity-checking": 0.7157894968986511, "award-numbers": 0.4385964870452881, "update-policies": 0.7157894968986511, "resource-links": 0.39298245310783386, "open-references": 1.0}, "current": {"last-status-check-time": 1621426844154, "affiliations": 0.0, "abstracts": 0.5878787636756897, "orcids": 0.7818182110786438, "licenses": 1.0, "references": 1.0, "funders": 0.7939394116401672, "similarity-checking": 1.0, "award-numbers": 0.7454545497894287, "update-policies": 1.0, "resource-links": 1.0, "open-references": 1.0}}, "flags": {"deposits-abstracts-current": true, "deposits-orcids-current": true, "deposits": true, "deposits-affiliations-backfile": false, "deposits-update-policies-backfile": true, "deposits-similarity-checking-backfile": true, "deposits-award-numbers-current": true, "deposits-resource-links-current": true, "deposits-articles": true, "deposits-affiliations-current": false, "deposits-funders-current": true, "deposits-references-backfile": true, "deposits-abstracts-backfile": false, "deposits-licenses-backfile": true, "deposits-award-numbers-backfile": true, "deposits-open-references-backfile": true, "deposits-open-references-current": true, "deposits-references-current": true, "deposits-resource-links-backfile": true, "deposits-orcids-backfile": true, "deposits-funders-backfile": true, "deposits-update-policies-current": true, "deposits-similarity-checking-current": true, "deposits-licenses-current": true}, "ISSN": ["2042-6410", "2042-6410"], "issn-type": [{"value": "2042-6410", "type": "electronic"}, {"value": "2042-6410", "type": "print"}]}