{"last-status-check-time": 1621159908911, "counts": {"total-dois": 6610, "current-dois": 200, "backfile-dois": 6410}, "breakdowns": {"dois-by-issued-year": [[2003, 267], [1997, 237], [2007, 164], [2006, 161], [2008, 157], [2001, 155], [2000, 153], [2009, 147], [2010, 146], [2005, 140], [1994, 138], [2002, 137], [2011, 136], [2004, 133], [2012, 130], [1996, 121], [1981, 121], [1976, 121], [1995, 120], [1987, 120], [1999, 119], [1993, 118], [2013, 117], [1982, 117], [1998, 115], [1977, 114], [1978, 111], [1986, 110], [1988, 108], [1992, 107], [1983, 107], [1975, 105], [1980, 104], [1985, 103], [1984, 103], [2014, 102], [1979, 99], [2015, 98], [2020, 97], [1974, 96], [2016, 91], [2019, 90], [2017, 90], [2018, 89], [1991, 89], [1990, 89], [1973, 86], [1972, 75], [1989, 71], [1970, 63], [1969, 63], [1967, 62], [1968, 60], [1965, 60], [1966, 59], [1971, 57], [1964, 51], [1963, 42], [1962, 40], [1959, 40], [1961, 39], [1960, 37], [2021, 13]]}, "publisher": "Institute of Experimental Botany", "coverage": {"affiliations-current": 0.0, "similarity-checking-current": 1.0, "funders-backfile": 0.0, "licenses-backfile": 0.08065522462129593, "funders-current": 0.0, "affiliations-backfile": 0.0, "resource-links-backfile": 0.08065522462129593, "orcids-backfile": 0.0, "update-policies-current": 0.0, "open-references-backfile": 1.0, "orcids-current": 0.0, "similarity-checking-backfile": 0.9998440146446228, "references-backfile": 0.9141965508460999, "award-numbers-backfile": 0.0, "update-policies-backfile": 0.06443057954311371, "licenses-current": 0.0, "award-numbers-current": 0.0, "abstracts-backfile": 0.0, "resource-links-current": 0.0, "abstracts-current": 0.0, "open-references-current": 1.0, "references-current": 1.0}, "title": "Biologia Plantarum", "subjects": [{"name": "Horticulture", "ASJC": 1108}, {"name": "Plant Science", "ASJC": 1110}], "coverage-type": {"all": {"last-status-check-time": 1621159901566, "affiliations": 0.0, "abstracts": 0.0, "orcids": 0.0, "licenses": 0.0782029926776886, "references": 0.9166540503501892, "funders": 0.0, "similarity-checking": 0.9996974468231201, "award-numbers": 0.0, "update-policies": 0.06247163936495781, "resource-links": 0.0782029926776886, "open-references": 1.0}, "backfile": {"last-status-check-time": 1621159899207, "affiliations": 0.0, "abstracts": 0.0, "orcids": 0.0, "licenses": 0.08065522462129593, "references": 0.9141965508460999, "funders": 0.0, "similarity-checking": 0.9998440146446228, "award-numbers": 0.0, "update-policies": 0.06443057954311371, "resource-links": 0.08065522462129593, "open-references": 1.0}, "current": {"last-status-check-time": 1621159896665, "affiliations": 0.0, "abstracts": 0.0, "orcids": 0.0, "licenses": 0.0, "references": 1.0, "funders": 0.0, "similarity-checking": 1.0, "award-numbers": 0.0, "update-policies": 0.0, "resource-links": 0.0, "open-references": 1.0}}, "flags": {"deposits-abstracts-current": false, "deposits-orcids-current": false, "deposits": true, "deposits-affiliations-backfile": false, "deposits-update-policies-backfile": true, "deposits-similarity-checking-backfile": true, "deposits-award-numbers-current": false, "deposits-resource-links-current": false, "deposits-articles": true, "deposits-affiliations-current": false, "deposits-funders-current": false, "deposits-references-backfile": true, "deposits-abstracts-backfile": false, "deposits-licenses-backfile": true, "deposits-award-numbers-backfile": false, "deposits-open-references-backfile": true, "deposits-open-references-current": true, "deposits-references-current": true, "deposits-resource-links-backfile": true, "deposits-orcids-backfile": false, "deposits-funders-backfile": false, "deposits-update-policies-current": false, "deposits-similarity-checking-current": true, "deposits-licenses-current": false}, "ISSN": ["1573-8264", "0006-3134"], "issn-type": [{"value": "1573-8264", "type": "electronic"}, {"value": "0006-3134", "type": "print"}]}