{"last-status-check-time": 1621231470542, "counts": {"total-dois": 349, "current-dois": 58, "backfile-dois": 291}, "breakdowns": {"dois-by-issued-year": [[2004, 32], [2003, 26], [2020, 25], [2019, 24], [2018, 23], [2009, 23], [2016, 19], [2015, 16], [2017, 15], [2005, 15], [2006, 14], [2013, 13], [2002, 13], [1998, 13], [2014, 11], [2011, 11], [2012, 10], [2001, 10], [2021, 9], [2010, 9], [2008, 8], [2007, 5], [1999, 5]]}, "publisher": "Springer (Biomed Central Ltd.)", "coverage": {"affiliations-current": 0.0, "similarity-checking-current": 1.0, "funders-backfile": 0.14089347422122955, "licenses-backfile": 0.15807560086250305, "funders-current": 0.7241379022598267, "affiliations-backfile": 0.0, "resource-links-backfile": 0.15807560086250305, "orcids-backfile": 0.07216494530439377, "update-policies-current": 1.0, "open-references-backfile": 1.0, "orcids-current": 0.5862069129943848, "similarity-checking-backfile": 0.8900343775749207, "references-backfile": 0.9587628841400146, "award-numbers-backfile": 0.13745704293251038, "update-policies-backfile": 0.2542955279350281, "licenses-current": 1.0, "award-numbers-current": 0.6724137663841248, "abstracts-backfile": 0.0, "resource-links-current": 1.0, "abstracts-current": 0.5344827771186829, "open-references-current": 1.0, "references-current": 1.0}, "title": "Biological Procedures Online", "subjects": [{"name": "General Biochemistry, Genetics and Molecular Biology", "ASJC": 1300}], "coverage-type": {"all": {"last-status-check-time": 1621231463693, "affiliations": 0.0, "abstracts": 0.08882521837949753, "orcids": 0.15759311616420746, "licenses": 0.2979942560195923, "references": 0.9656160473823547, "funders": 0.23782235383987427, "similarity-checking": 0.9083094596862793, "award-numbers": 0.22636103630065918, "update-policies": 0.3782235085964203, "resource-links": 0.2979942560195923, "open-references": 1.0}, "backfile": {"last-status-check-time": 1621231461143, "affiliations": 0.0, "abstracts": 0.0, "orcids": 0.07216494530439377, "licenses": 0.15807560086250305, "references": 0.9587628841400146, "funders": 0.14089347422122955, "similarity-checking": 0.8900343775749207, "award-numbers": 0.13745704293251038, "update-policies": 0.2542955279350281, "resource-links": 0.15807560086250305, "open-references": 1.0}, "current": {"last-status-check-time": 1621231458816, "affiliations": 0.0, "abstracts": 0.5344827771186829, "orcids": 0.5862069129943848, "licenses": 1.0, "references": 1.0, "funders": 0.7241379022598267, "similarity-checking": 1.0, "award-numbers": 0.6724137663841248, "update-policies": 1.0, "resource-links": 1.0, "open-references": 1.0}}, "flags": {"deposits-abstracts-current": true, "deposits-orcids-current": true, "deposits": true, "deposits-affiliations-backfile": false, "deposits-update-policies-backfile": true, "deposits-similarity-checking-backfile": true, "deposits-award-numbers-current": true, "deposits-resource-links-current": true, "deposits-articles": true, "deposits-affiliations-current": false, "deposits-funders-current": true, "deposits-references-backfile": true, "deposits-abstracts-backfile": false, "deposits-licenses-backfile": true, "deposits-award-numbers-backfile": true, "deposits-open-references-backfile": true, "deposits-open-references-current": true, "deposits-references-current": true, "deposits-resource-links-backfile": true, "deposits-orcids-backfile": true, "deposits-funders-backfile": true, "deposits-update-policies-current": true, "deposits-similarity-checking-current": true, "deposits-licenses-current": true}, "ISSN": ["1480-9222", "1480-9222"], "issn-type": [{"value": "1480-9222", "type": "electronic"}, {"value": "1480-9222", "type": "print"}]}