{"last-status-check-time": 1620684306109, "counts": {"total-dois": 1908, "current-dois": 556, "backfile-dois": 1352}, "breakdowns": {"dois-by-issued-year": [[2015, 350], [2018, 271], [2017, 269], [2019, 250], [2020, 245], [2016, 168], [2014, 103], [2013, 68], [2012, 63], [2021, 61], [2011, 60]]}, "publisher": "Oriental Scientific Publishing Company", "coverage": {"affiliations-current": 0.6025179624557495, "similarity-checking-current": 0.5989208817481995, "funders-backfile": 0.0, "licenses-backfile": 0.16198225319385529, "funders-current": 0.008992806077003479, "affiliations-backfile": 0.16124260425567627, "resource-links-backfile": 0.0, "orcids-backfile": 0.04659763351082802, "update-policies-current": 0.1690647453069687, "open-references-backfile": 1.0, "orcids-current": 0.25719425082206726, "similarity-checking-backfile": 0.6331360936164856, "references-backfile": 0.16124260425567627, "award-numbers-backfile": 0.0, "update-policies-backfile": 0.027366863563656807, "licenses-current": 0.6025179624557495, "award-numbers-current": 0.0053956834599375725, "abstracts-backfile": 0.16198225319385529, "resource-links-current": 0.0, "abstracts-current": 0.6510791182518005, "open-references-current": 1.0, "references-current": 0.597122311592102}, "title": "Biomedical & Pharmacology Journal", "subjects": [{"name": "Pharmacology", "ASJC": 3004}], "coverage-type": {"all": {"last-status-check-time": 1620684299901, "affiliations": 0.2893773019313812, "abstracts": 0.30402931571006775, "orcids": 0.10779696702957153, "licenses": 0.2899005711078644, "references": 0.287807434797287, "funders": 0.002616431098431349, "similarity-checking": 0.6221873164176941, "award-numbers": 0.0015698587521910667, "update-policies": 0.06855049729347229, "resource-links": 0.0, "open-references": 1.0}, "backfile": {"last-status-check-time": 1620684297742, "affiliations": 0.16124260425567627, "abstracts": 0.16198225319385529, "orcids": 0.04659763351082802, "licenses": 0.16198225319385529, "references": 0.16124260425567627, "funders": 0.0, "similarity-checking": 0.6331360936164856, "award-numbers": 0.0, "update-policies": 0.027366863563656807, "resource-links": 0.0, "open-references": 1.0}, "current": {"last-status-check-time": 1620684295656, "affiliations": 0.6025179624557495, "abstracts": 0.6510791182518005, "orcids": 0.25719425082206726, "licenses": 0.6025179624557495, "references": 0.597122311592102, "funders": 0.008992806077003479, "similarity-checking": 0.5989208817481995, "award-numbers": 0.0053956834599375725, "update-policies": 0.1690647453069687, "resource-links": 0.0, "open-references": 1.0}}, "flags": {"deposits-abstracts-current": true, "deposits-orcids-current": true, "deposits": true, "deposits-affiliations-backfile": true, "deposits-update-policies-backfile": true, "deposits-similarity-checking-backfile": true, "deposits-award-numbers-current": true, "deposits-resource-links-current": false, "deposits-articles": true, "deposits-affiliations-current": true, "deposits-funders-current": true, "deposits-references-backfile": true, "deposits-abstracts-backfile": true, "deposits-licenses-backfile": true, "deposits-award-numbers-backfile": false, "deposits-open-references-backfile": true, "deposits-open-references-current": true, "deposits-references-current": true, "deposits-resource-links-backfile": false, "deposits-orcids-backfile": true, "deposits-funders-backfile": false, "deposits-update-policies-current": true, "deposits-similarity-checking-current": true, "deposits-licenses-current": true}, "ISSN": ["2456-2610", "0974-6242"], "issn-type": [{"value": "2456-2610", "type": "electronic"}, {"value": "0974-6242", "type": "print"}]}