{"last-status-check-time": 1621304348344, "counts": {"total-dois": 592, "current-dois": 159, "backfile-dois": 433}, "breakdowns": {"dois-by-issued-year": [[2017, 206], [2018, 105], [2020, 75], [2019, 70], [2016, 65], [2015, 32], [2014, 25], [2021, 14]]}, "publisher": "Biomedical Research and Therapy", "coverage": {"affiliations-current": 0.0, "similarity-checking-current": 0.9433962106704712, "funders-backfile": 0.0, "licenses-backfile": 0.7575057744979858, "funders-current": 0.0, "affiliations-backfile": 0.0, "resource-links-backfile": 0.6489607095718384, "orcids-backfile": 0.11085450649261475, "update-policies-current": 0.10062892735004425, "open-references-backfile": 0.0023094688076525927, "orcids-current": 0.4150943458080292, "similarity-checking-backfile": 0.6489607095718384, "references-backfile": 0.2401847541332245, "award-numbers-backfile": 0.0, "update-policies-backfile": 0.2678983807563782, "licenses-current": 0.9811320900917053, "award-numbers-current": 0.0, "abstracts-backfile": 0.7321016192436218, "resource-links-current": 0.9433962106704712, "abstracts-current": 0.8867924809455872, "open-references-current": 0.0, "references-current": 0.0}, "title": "Biomedical Research and Therapy", "subjects": [], "coverage-type": {"all": {"last-status-check-time": 1621304341966, "affiliations": 0.0, "abstracts": 0.7723439931869507, "orcids": 0.192242830991745, "licenses": 0.8161888718605042, "references": 0.1753794252872467, "funders": 0.0, "similarity-checking": 0.7268128395080566, "award-numbers": 0.0, "update-policies": 0.22259695827960968, "resource-links": 0.7268128395080566, "open-references": 0.0016863406635820866}, "backfile": {"last-status-check-time": 1621304339693, "affiliations": 0.0, "abstracts": 0.7321016192436218, "orcids": 0.11085450649261475, "licenses": 0.7575057744979858, "references": 0.2401847541332245, "funders": 0.0, "similarity-checking": 0.6489607095718384, "award-numbers": 0.0, "update-policies": 0.2678983807563782, "resource-links": 0.6489607095718384, "open-references": 0.0023094688076525927}, "current": {"last-status-check-time": 1621304337551, "affiliations": 0.0, "abstracts": 0.8867924809455872, "orcids": 0.4150943458080292, "licenses": 0.9811320900917053, "references": 0.0, "funders": 0.0, "similarity-checking": 0.9433962106704712, "award-numbers": 0.0, "update-policies": 0.10062892735004425, "resource-links": 0.9433962106704712, "open-references": 0.0}}, "flags": {"deposits-abstracts-current": true, "deposits-orcids-current": true, "deposits": true, "deposits-affiliations-backfile": false, "deposits-update-policies-backfile": true, "deposits-similarity-checking-backfile": true, "deposits-award-numbers-current": false, "deposits-resource-links-current": true, "deposits-articles": true, "deposits-affiliations-current": false, "deposits-funders-current": false, "deposits-references-backfile": true, "deposits-abstracts-backfile": true, "deposits-licenses-backfile": true, "deposits-award-numbers-backfile": false, "deposits-open-references-backfile": true, "deposits-open-references-current": false, "deposits-references-current": false, "deposits-resource-links-backfile": true, "deposits-orcids-backfile": true, "deposits-funders-backfile": false, "deposits-update-policies-current": true, "deposits-similarity-checking-current": true, "deposits-licenses-current": true}, "ISSN": ["2198-4093", "2198-4093"], "issn-type": [{"value": "2198-4093", "type": "electronic"}, {"value": "2198-4093", "type": "print"}]}