{"last-status-check-time": 1620734300541, "counts": {"total-dois": 350, "current-dois": 42, "backfile-dois": 308}, "breakdowns": {"dois-by-issued-year": [[2015, 47], [2008, 42], [2007, 42], [2018, 22], [2016, 20], [2006, 20], [2017, 19], [2010, 19], [2020, 18], [2019, 17], [2009, 17], [2012, 16], [2011, 16], [2013, 15], [2014, 13], [2021, 7]]}, "publisher": "\"Libertas Academica, Ltd.\"", "coverage": {"affiliations-current": 0.9523809552192688, "similarity-checking-current": 1.0, "funders-backfile": 0.0, "licenses-backfile": 1.0, "funders-current": 0.261904776096344, "affiliations-backfile": 0.9967532753944397, "resource-links-backfile": 1.0, "orcids-backfile": 0.006493506487458944, "update-policies-current": 1.0, "open-references-backfile": 0.3474026024341583, "orcids-current": 0.7857142686843872, "similarity-checking-backfile": 1.0, "references-backfile": 0.9902597665786743, "award-numbers-backfile": 0.0, "update-policies-backfile": 0.7370129823684692, "licenses-current": 1.0, "award-numbers-current": 0.1428571492433548, "abstracts-backfile": 0.9805194735527039, "resource-links-current": 1.0, "abstracts-current": 0.9285714030265808, "open-references-current": 1.0, "references-current": 0.9285714030265808}, "title": "Biomarker Insights", "subjects": [{"name": "Molecular Medicine", "ASJC": 1313}, {"name": "Biochemistry, medical", "ASJC": 2704}, {"name": "Pharmacology", "ASJC": 3004}], "coverage-type": {"all": {"last-status-check-time": 1620734293798, "affiliations": 0.9886040091514587, "abstracts": 0.9715099930763245, "orcids": 0.09971509873867035, "licenses": 0.9971510171890259, "references": 0.9800570011138916, "funders": 0.03133903071284294, "similarity-checking": 0.9971510171890259, "award-numbers": 0.017094017937779427, "update-policies": 0.7663817405700684, "resource-links": 0.9971510171890259, "open-references": 0.4245014190673828}, "backfile": {"last-status-check-time": 1620734291598, "affiliations": 0.9967532753944397, "abstracts": 0.9805194735527039, "orcids": 0.006493506487458944, "licenses": 1.0, "references": 0.9902597665786743, "funders": 0.0, "similarity-checking": 1.0, "award-numbers": 0.0, "update-policies": 0.7370129823684692, "resource-links": 1.0, "open-references": 0.3474026024341583}, "current": {"last-status-check-time": 1620734289304, "affiliations": 0.9523809552192688, "abstracts": 0.9285714030265808, "orcids": 0.7857142686843872, "licenses": 1.0, "references": 0.9285714030265808, "funders": 0.261904776096344, "similarity-checking": 1.0, "award-numbers": 0.1428571492433548, "update-policies": 1.0, "resource-links": 1.0, "open-references": 1.0}}, "flags": {"deposits-abstracts-current": true, "deposits-orcids-current": true, "deposits": true, "deposits-affiliations-backfile": true, "deposits-update-policies-backfile": true, "deposits-similarity-checking-backfile": true, "deposits-award-numbers-current": true, "deposits-resource-links-current": true, "deposits-articles": true, "deposits-affiliations-current": true, "deposits-funders-current": true, "deposits-references-backfile": true, "deposits-abstracts-backfile": true, "deposits-licenses-backfile": true, "deposits-award-numbers-backfile": false, "deposits-open-references-backfile": true, "deposits-open-references-current": true, "deposits-references-current": true, "deposits-resource-links-backfile": true, "deposits-orcids-backfile": true, "deposits-funders-backfile": false, "deposits-update-policies-current": true, "deposits-similarity-checking-current": true, "deposits-licenses-current": true}, "ISSN": ["1177-2719", "1177-2719"], "issn-type": [{"value": "1177-2719", "type": "electronic"}, {"value": "1177-2719", "type": "print"}]}