{"last-status-check-time": 1620998307206, "counts": {"total-dois": 418, "current-dois": 49, "backfile-dois": 369}, "breakdowns": {"dois-by-issued-year": [[2012, 59], [2013, 55], [2011, 51], [2014, 46], [2010, 42], [2015, 38], [2016, 33], [2019, 25], [2017, 25], [2020, 21], [2018, 20], [2021, 3]]}, "publisher": "Walter de Gruyter GmbH", "coverage": {"affiliations-current": 0.9795918464660645, "similarity-checking-current": 1.0, "funders-backfile": 0.00542005430907011, "licenses-backfile": 0.6178861856460571, "funders-current": 0.0, "affiliations-backfile": 0.8292682766914368, "resource-links-backfile": 0.9701896905899048, "orcids-backfile": 0.0, "update-policies-current": 0.0, "open-references-backfile": 1.0, "orcids-current": 0.0, "similarity-checking-backfile": 0.9728997349739075, "references-backfile": 0.707317054271698, "award-numbers-backfile": 0.00542005430907011, "update-policies-backfile": 0.0, "licenses-current": 1.0, "award-numbers-current": 0.0, "abstracts-backfile": 0.8780487775802612, "resource-links-current": 1.0, "abstracts-current": 0.9795918464660645, "open-references-current": 1.0, "references-current": 0.8775510191917419}, "title": "BioMolecular Concepts", "subjects": [{"name": "General Biochemistry, Genetics and Molecular Biology", "ASJC": 1300}, {"name": "General Medicine", "ASJC": 2700}, {"name": "Cellular and Molecular Neuroscience", "ASJC": 2804}], "coverage-type": {"all": {"last-status-check-time": 1620998299445, "affiliations": 0.8448687195777893, "abstracts": 0.8878281712532043, "orcids": 0.0, "licenses": 0.6610978245735168, "references": 0.7255370020866394, "funders": 0.00477326987311244, "similarity-checking": 0.9737470149993896, "award-numbers": 0.00477326987311244, "update-policies": 0.0, "resource-links": 0.9713603854179382, "open-references": 1.0}, "backfile": {"last-status-check-time": 1620998296631, "affiliations": 0.8292682766914368, "abstracts": 0.8780487775802612, "orcids": 0.0, "licenses": 0.6178861856460571, "references": 0.707317054271698, "funders": 0.00542005430907011, "similarity-checking": 0.9728997349739075, "award-numbers": 0.00542005430907011, "update-policies": 0.0, "resource-links": 0.9701896905899048, "open-references": 1.0}, "current": {"last-status-check-time": 1620998293899, "affiliations": 0.9795918464660645, "abstracts": 0.9795918464660645, "orcids": 0.0, "licenses": 1.0, "references": 0.8775510191917419, "funders": 0.0, "similarity-checking": 1.0, "award-numbers": 0.0, "update-policies": 0.0, "resource-links": 1.0, "open-references": 1.0}}, "flags": {"deposits-abstracts-current": true, "deposits-orcids-current": false, "deposits": true, "deposits-affiliations-backfile": true, "deposits-update-policies-backfile": false, "deposits-similarity-checking-backfile": true, "deposits-award-numbers-current": false, "deposits-resource-links-current": true, "deposits-articles": true, "deposits-affiliations-current": true, "deposits-funders-current": false, "deposits-references-backfile": true, "deposits-abstracts-backfile": true, "deposits-licenses-backfile": true, "deposits-award-numbers-backfile": true, "deposits-open-references-backfile": true, "deposits-open-references-current": true, "deposits-references-current": true, "deposits-resource-links-backfile": true, "deposits-orcids-backfile": false, "deposits-funders-backfile": true, "deposits-update-policies-current": false, "deposits-similarity-checking-current": true, "deposits-licenses-current": true}, "ISSN": ["1868-503X", "1868-5021"], "issn-type": [{"value": "1868-503X", "type": "electronic"}, {"value": "1868-5021", "type": "print"}]}