{"last-status-check-time": 1617042696480, "counts": {"total-dois": 306, "current-dois": 122, "backfile-dois": 184}, "breakdowns": {"dois-by-issued-year": [[2020, 73], [2018, 37], [2017, 34], [2013, 33], [2019, 28], [2015, 28], [2016, 26], [2014, 26], [2021, 21]]}, "publisher": "Springer (Biomed Central Ltd.)", "coverage": {"affiliations-current": 0.0, "similarity-checking-current": 1.0, "funders-backfile": 0.35326087474823, "licenses-backfile": 0.39673912525177, "funders-current": 0.7950819730758667, "affiliations-backfile": 0.0, "resource-links-backfile": 0.39673912525177, "orcids-backfile": 0.17391304671764374, "update-policies-current": 1.0, "open-references-backfile": 1.0, "orcids-current": 0.631147563457489, "similarity-checking-backfile": 0.83152174949646, "references-backfile": 0.9836956262588501, "award-numbers-backfile": 0.28260868787765503, "update-policies-backfile": 0.7445651888847351, "licenses-current": 1.0, "award-numbers-current": 0.7540983557701111, "abstracts-backfile": 0.005434782709926367, "resource-links-current": 1.0, "abstracts-current": 0.6065573692321777, "open-references-current": 1.0, "references-current": 1.0}, "title": "Biomarker Research", "subjects": [], "coverage-type": {"all": {"last-status-check-time": 1617042687747, "affiliations": 0.0, "abstracts": 0.2450980395078659, "orcids": 0.3562091588973999, "licenses": 0.6372548937797546, "references": 0.9901960492134094, "funders": 0.529411792755127, "similarity-checking": 0.898692786693573, "award-numbers": 0.47058823704719543, "update-policies": 0.8464052081108093, "resource-links": 0.6372548937797546, "open-references": 1.0}, "backfile": {"last-status-check-time": 1617042684712, "affiliations": 0.0, "abstracts": 0.005434782709926367, "orcids": 0.17391304671764374, "licenses": 0.39673912525177, "references": 0.9836956262588501, "funders": 0.35326087474823, "similarity-checking": 0.83152174949646, "award-numbers": 0.28260868787765503, "update-policies": 0.7445651888847351, "resource-links": 0.39673912525177, "open-references": 1.0}, "current": {"last-status-check-time": 1617042681544, "affiliations": 0.0, "abstracts": 0.6065573692321777, "orcids": 0.631147563457489, "licenses": 1.0, "references": 1.0, "funders": 0.7950819730758667, "similarity-checking": 1.0, "award-numbers": 0.7540983557701111, "update-policies": 1.0, "resource-links": 1.0, "open-references": 1.0}}, "flags": {"deposits-abstracts-current": true, "deposits-orcids-current": true, "deposits": true, "deposits-affiliations-backfile": false, "deposits-update-policies-backfile": true, "deposits-similarity-checking-backfile": true, "deposits-award-numbers-current": true, "deposits-resource-links-current": true, "deposits-articles": true, "deposits-affiliations-current": false, "deposits-funders-current": true, "deposits-references-backfile": true, "deposits-abstracts-backfile": true, "deposits-licenses-backfile": true, "deposits-award-numbers-backfile": true, "deposits-open-references-backfile": true, "deposits-open-references-current": true, "deposits-references-current": true, "deposits-resource-links-backfile": true, "deposits-orcids-backfile": true, "deposits-funders-backfile": true, "deposits-update-policies-current": true, "deposits-similarity-checking-current": true, "deposits-licenses-current": true}, "ISSN": ["2050-7771", "2050-7771"], "issn-type": [{"value": "2050-7771", "type": "electronic"}, {"value": "2050-7771", "type": "print"}]}