{"last-status-check-time": 1621316083434, "counts": {"total-dois": 3960, "current-dois": 3331, "backfile-dois": 629}, "breakdowns": {"dois-by-issued-year": [[2020, 1685], [2019, 949], [2021, 697], [2018, 193], [2015, 162], [2017, 78], [2014, 55], [2013, 52], [2016, 48], [2012, 36], [2011, 5]]}, "publisher": "MDPI AG", "coverage": {"affiliations-current": 0.0, "similarity-checking-current": 1.0, "funders-backfile": 0.3259141445159912, "licenses-backfile": 1.0, "funders-current": 0.4965475797653198, "affiliations-backfile": 0.0, "resource-links-backfile": 0.0, "orcids-backfile": 0.21621622145175934, "update-policies-current": 0.000600420287810266, "open-references-backfile": 1.0, "orcids-current": 0.8129690885543823, "similarity-checking-backfile": 1.0, "references-backfile": 0.9634340405464172, "award-numbers-backfile": 0.30683624744415283, "update-policies-backfile": 0.0015898251440376043, "licenses-current": 1.0, "award-numbers-current": 0.4965475797653198, "abstracts-backfile": 0.2432432472705841, "resource-links-current": 0.0, "abstracts-current": 0.9996997714042664, "open-references-current": 1.0, "references-current": 0.992794930934906}, "title": "Biomolecules", "subjects": [], "coverage-type": {"all": {"last-status-check-time": 1621315965154, "affiliations": 0.0, "abstracts": 0.879323422908783, "orcids": 0.7180005311965942, "licenses": 0.9997475147247314, "references": 0.9878818392753601, "funders": 0.4693259298801422, "similarity-checking": 0.9997475147247314, "award-numbers": 0.46629640460014343, "update-policies": 0.0007573845214210451, "resource-links": 0.0, "open-references": 1.0}, "backfile": {"last-status-check-time": 1621315962981, "affiliations": 0.0, "abstracts": 0.2432432472705841, "orcids": 0.21621622145175934, "licenses": 1.0, "references": 0.9634340405464172, "funders": 0.3259141445159912, "similarity-checking": 1.0, "award-numbers": 0.30683624744415283, "update-policies": 0.0015898251440376043, "resource-links": 0.0, "open-references": 1.0}, "current": {"last-status-check-time": 1621315960724, "affiliations": 0.0, "abstracts": 0.9996997714042664, "orcids": 0.8129690885543823, "licenses": 1.0, "references": 0.992794930934906, "funders": 0.4965475797653198, "similarity-checking": 1.0, "award-numbers": 0.4965475797653198, "update-policies": 0.000600420287810266, "resource-links": 0.0, "open-references": 1.0}}, "flags": {"deposits-abstracts-current": true, "deposits-orcids-current": true, "deposits": true, "deposits-affiliations-backfile": false, "deposits-update-policies-backfile": true, "deposits-similarity-checking-backfile": true, "deposits-award-numbers-current": true, "deposits-resource-links-current": false, "deposits-articles": true, "deposits-affiliations-current": false, "deposits-funders-current": true, "deposits-references-backfile": true, "deposits-abstracts-backfile": true, "deposits-licenses-backfile": true, "deposits-award-numbers-backfile": true, "deposits-open-references-backfile": true, "deposits-open-references-current": true, "deposits-references-current": true, "deposits-resource-links-backfile": false, "deposits-orcids-backfile": true, "deposits-funders-backfile": true, "deposits-update-policies-current": true, "deposits-similarity-checking-current": true, "deposits-licenses-current": true}, "ISSN": ["2218-273X"], "issn-type": [{"value": "2218-273X", "type": "electronic"}]}