{"last-status-check-time": 1621326059068, "counts": {"total-dois": 1562, "current-dois": 1299, "backfile-dois": 263}, "breakdowns": {"dois-by-issued-year": [[2020, 660], [2021, 539], [2018, 117], [2019, 100], [2017, 74], [2016, 27], [2014, 22], [2015, 19], [2013, 4]]}, "publisher": "MDPI AG", "coverage": {"affiliations-current": 0.0, "similarity-checking-current": 1.0, "funders-backfile": 0.19391635060310364, "licenses-backfile": 1.0, "funders-current": 0.40723633766174316, "affiliations-backfile": 0.0, "resource-links-backfile": 0.0, "orcids-backfile": 0.22053231298923492, "update-policies-current": 0.0, "open-references-backfile": 1.0, "orcids-current": 0.8968437314033508, "similarity-checking-backfile": 1.0, "references-backfile": 0.9771863222122192, "award-numbers-backfile": 0.18250951170921326, "update-policies-backfile": 0.0, "licenses-current": 1.0, "award-numbers-current": 0.40723633766174316, "abstracts-backfile": 0.16730037331581116, "resource-links-current": 0.0, "abstracts-current": 1.0, "open-references-current": 1.0, "references-current": 0.9869130253791809}, "title": "Biomedicines", "subjects": [], "coverage-type": {"all": {"last-status-check-time": 1621326052501, "affiliations": 0.0, "abstracts": 0.8597951531410217, "orcids": 0.7829705476760864, "licenses": 1.0, "references": 0.9852752685546875, "funders": 0.3713188171386719, "similarity-checking": 1.0, "award-numbers": 0.36939820647239685, "update-policies": 0.0, "resource-links": 0.0, "open-references": 1.0}, "backfile": {"last-status-check-time": 1621326050283, "affiliations": 0.0, "abstracts": 0.16730037331581116, "orcids": 0.22053231298923492, "licenses": 1.0, "references": 0.9771863222122192, "funders": 0.19391635060310364, "similarity-checking": 1.0, "award-numbers": 0.18250951170921326, "update-policies": 0.0, "resource-links": 0.0, "open-references": 1.0}, "current": {"last-status-check-time": 1621326048282, "affiliations": 0.0, "abstracts": 1.0, "orcids": 0.8968437314033508, "licenses": 1.0, "references": 0.9869130253791809, "funders": 0.40723633766174316, "similarity-checking": 1.0, "award-numbers": 0.40723633766174316, "update-policies": 0.0, "resource-links": 0.0, "open-references": 1.0}}, "flags": {"deposits-abstracts-current": true, "deposits-orcids-current": true, "deposits": true, "deposits-affiliations-backfile": false, "deposits-update-policies-backfile": false, "deposits-similarity-checking-backfile": true, "deposits-award-numbers-current": true, "deposits-resource-links-current": false, "deposits-articles": true, "deposits-affiliations-current": false, "deposits-funders-current": true, "deposits-references-backfile": true, "deposits-abstracts-backfile": true, "deposits-licenses-backfile": true, "deposits-award-numbers-backfile": true, "deposits-open-references-backfile": true, "deposits-open-references-current": true, "deposits-references-current": true, "deposits-resource-links-backfile": false, "deposits-orcids-backfile": true, "deposits-funders-backfile": true, "deposits-update-policies-current": false, "deposits-similarity-checking-current": true, "deposits-licenses-current": true}, "ISSN": ["2227-9059"], "issn-type": [{"value": "2227-9059", "type": "electronic"}]}