{"last-status-check-time": 1621265781978, "counts": {"total-dois": 4298, "current-dois": 1212, "backfile-dois": 3086}, "breakdowns": {"dois-by-issued-year": [[2020, 519], [2019, 483], [2018, 475], [2016, 435], [2017, 418], [2015, 412], [2014, 347], [2011, 295], [2012, 283], [2013, 265], [2021, 210], [2010, 156]]}, "publisher": "The Optical Society", "coverage": {"affiliations-current": 0.0, "similarity-checking-current": 0.9744224548339844, "funders-backfile": 0.579714834690094, "licenses-backfile": 0.05541153624653816, "funders-current": 0.8985148668289185, "affiliations-backfile": 0.0, "resource-links-backfile": 0.0, "orcids-backfile": 0.10304601490497589, "update-policies-current": 1.0, "open-references-backfile": 1.0, "orcids-current": 0.7235973477363586, "similarity-checking-backfile": 1.0, "references-backfile": 0.9957874417304993, "award-numbers-backfile": 0.5223590135574341, "update-policies-backfile": 0.23460790514945984, "licenses-current": 0.22359736263751984, "award-numbers-current": 0.8316831588745117, "abstracts-backfile": 0.0, "resource-links-current": 0.0, "abstracts-current": 0.0, "open-references-current": 1.0, "references-current": 0.9711220860481262}, "title": "Biomedical Optics Express", "subjects": [{"name": "Biotechnology", "ASJC": 1305}, {"name": "Atomic and Molecular Physics, and Optics", "ASJC": 3107}], "coverage-type": {"all": {"last-status-check-time": 1621265775031, "affiliations": 0.0, "abstracts": 0.0, "orcids": 0.27803629636764526, "licenses": 0.10283853113651276, "references": 0.9888319969177246, "funders": 0.669613778591156, "similarity-checking": 0.9927873611450195, "award-numbers": 0.6095858812332153, "update-policies": 0.4504420757293701, "resource-links": 0.0, "open-references": 1.0}, "backfile": {"last-status-check-time": 1621265772692, "affiliations": 0.0, "abstracts": 0.0, "orcids": 0.10304601490497589, "licenses": 0.05541153624653816, "references": 0.9957874417304993, "funders": 0.579714834690094, "similarity-checking": 1.0, "award-numbers": 0.5223590135574341, "update-policies": 0.23460790514945984, "resource-links": 0.0, "open-references": 1.0}, "current": {"last-status-check-time": 1621265770368, "affiliations": 0.0, "abstracts": 0.0, "orcids": 0.7235973477363586, "licenses": 0.22359736263751984, "references": 0.9711220860481262, "funders": 0.8985148668289185, "similarity-checking": 0.9744224548339844, "award-numbers": 0.8316831588745117, "update-policies": 1.0, "resource-links": 0.0, "open-references": 1.0}}, "flags": {"deposits-abstracts-current": false, "deposits-orcids-current": true, "deposits": true, "deposits-affiliations-backfile": false, "deposits-update-policies-backfile": true, "deposits-similarity-checking-backfile": true, "deposits-award-numbers-current": true, "deposits-resource-links-current": false, "deposits-articles": true, "deposits-affiliations-current": false, "deposits-funders-current": true, "deposits-references-backfile": true, "deposits-abstracts-backfile": false, "deposits-licenses-backfile": true, "deposits-award-numbers-backfile": true, "deposits-open-references-backfile": true, "deposits-open-references-current": true, "deposits-references-current": true, "deposits-resource-links-backfile": false, "deposits-orcids-backfile": true, "deposits-funders-backfile": true, "deposits-update-policies-current": true, "deposits-similarity-checking-current": true, "deposits-licenses-current": true}, "ISSN": ["2156-7085", "2156-7085"], "issn-type": [{"value": "2156-7085", "type": "electronic"}, {"value": "2156-7085", "type": "print"}]}