{"last-status-check-time": 1620939659357, "counts": {"total-dois": 347, "current-dois": 69, "backfile-dois": 278}, "breakdowns": {"dois-by-issued-year": [[2016, 34], [2017, 33], [2019, 32], [2020, 29], [2014, 27], [2015, 24], [2008, 24], [2007, 24], [2010, 23], [2018, 22], [2012, 21], [2013, 18], [2011, 15], [2009, 13], [2021, 8]]}, "publisher": "Springer (Biomed Central Ltd.)", "coverage": {"affiliations-current": 0.0, "similarity-checking-current": 1.0, "funders-backfile": 0.11870503425598145, "licenses-backfile": 0.2625899314880371, "funders-current": 0.6231883764266968, "affiliations-backfile": 0.0, "resource-links-backfile": 0.24100719392299652, "orcids-backfile": 0.11151079088449478, "update-policies-current": 1.0, "open-references-backfile": 1.0, "orcids-current": 0.5652173757553101, "similarity-checking-backfile": 0.5, "references-backfile": 0.7230215668678284, "award-numbers-backfile": 0.08992806077003479, "update-policies-backfile": 0.4100719392299652, "licenses-current": 1.0, "award-numbers-current": 0.5797101259231567, "abstracts-backfile": 0.0, "resource-links-current": 1.0, "abstracts-current": 0.5362318754196167, "open-references-current": 1.0, "references-current": 1.0}, "title": "BioPsychoSocial Medicine", "subjects": [{"name": "Psychiatry and Mental health", "ASJC": 2738}, {"name": "Biological Psychiatry", "ASJC": 2803}, {"name": "General Psychology", "ASJC": 3200}, {"name": "Social Psychology", "ASJC": 3207}], "coverage-type": {"all": {"last-status-check-time": 1620939651550, "affiliations": 0.0, "abstracts": 0.10662823915481567, "orcids": 0.20172910392284393, "licenses": 0.409221887588501, "references": 0.7780979871749878, "funders": 0.21902017295360565, "similarity-checking": 0.5994236469268799, "award-numbers": 0.18731988966464996, "update-policies": 0.5273775458335876, "resource-links": 0.39193084836006165, "open-references": 1.0}, "backfile": {"last-status-check-time": 1620939648891, "affiliations": 0.0, "abstracts": 0.0, "orcids": 0.11151079088449478, "licenses": 0.2625899314880371, "references": 0.7230215668678284, "funders": 0.11870503425598145, "similarity-checking": 0.5, "award-numbers": 0.08992806077003479, "update-policies": 0.4100719392299652, "resource-links": 0.24100719392299652, "open-references": 1.0}, "current": {"last-status-check-time": 1620939646023, "affiliations": 0.0, "abstracts": 0.5362318754196167, "orcids": 0.5652173757553101, "licenses": 1.0, "references": 1.0, "funders": 0.6231883764266968, "similarity-checking": 1.0, "award-numbers": 0.5797101259231567, "update-policies": 1.0, "resource-links": 1.0, "open-references": 1.0}}, "flags": {"deposits-abstracts-current": true, "deposits-orcids-current": true, "deposits": true, "deposits-affiliations-backfile": false, "deposits-update-policies-backfile": true, "deposits-similarity-checking-backfile": true, "deposits-award-numbers-current": true, "deposits-resource-links-current": true, "deposits-articles": true, "deposits-affiliations-current": false, "deposits-funders-current": true, "deposits-references-backfile": true, "deposits-abstracts-backfile": false, "deposits-licenses-backfile": true, "deposits-award-numbers-backfile": true, "deposits-open-references-backfile": true, "deposits-open-references-current": true, "deposits-references-current": true, "deposits-resource-links-backfile": true, "deposits-orcids-backfile": true, "deposits-funders-backfile": true, "deposits-update-policies-current": true, "deposits-similarity-checking-current": true, "deposits-licenses-current": true}, "ISSN": ["1751-0759", "1751-0759"], "issn-type": [{"value": "1751-0759", "type": "electronic"}, {"value": "1751-0759", "type": "print"}]}