{"last-status-check-time": 1621014354052, "counts": {"total-dois": 5253, "current-dois": 1996, "backfile-dois": 3257}, "breakdowns": {"dois-by-issued-year": [[2020, 873], [2019, 837], [2018, 535], [2017, 301], [2021, 286], [2016, 154], [1986, 133], [1984, 131], [1985, 129], [1983, 127], [1982, 121], [1987, 115], [2015, 112], [1981, 107], [2014, 81], [2013, 77], [1988, 72], [1989, 68], [2001, 67], [1999, 62], [1990, 62], [2009, 57], [2011, 56], [2012, 49], [1997, 49], [1995, 49], [2000, 45], [1992, 45], [1991, 45], [2010, 43], [1996, 43], [2008, 42], [2002, 39], [2004, 36], [1993, 36], [2007, 33], [2006, 30], [1998, 30], [1994, 29], [2005, 26], [2003, 21]]}, "publisher": "Portland Press", "coverage": {"affiliations-current": 0.9208416938781738, "similarity-checking-current": 1.0, "funders-backfile": 0.0, "licenses-backfile": 0.4034387469291687, "funders-current": 0.0, "affiliations-backfile": 0.9745164513587952, "resource-links-backfile": 0.0, "orcids-backfile": 0.03377341106534004, "update-policies-current": 1.0, "open-references-backfile": 1.0, "orcids-current": 0.859218418598175, "similarity-checking-backfile": 1.0, "references-backfile": 0.8821001052856445, "award-numbers-backfile": 0.0, "update-policies-backfile": 0.9975437521934509, "licenses-current": 1.0, "award-numbers-current": 0.0, "abstracts-backfile": 0.9100399017333984, "resource-links-current": 0.0, "abstracts-current": 0.9203406572341919, "open-references-current": 1.0, "references-current": 0.8947895765304565}, "title": "Bioscience Reports", "subjects": [{"name": "Biochemistry", "ASJC": 1303}, {"name": "Biophysics", "ASJC": 1304}, {"name": "Cell Biology", "ASJC": 1307}, {"name": "Molecular Biology", "ASJC": 1312}], "coverage-type": {"all": {"last-status-check-time": 1621014345816, "affiliations": 0.954121470451355, "abstracts": 0.913953959941864, "orcids": 0.34742051362991333, "licenses": 0.6301161050796509, "references": 0.886921763420105, "funders": 0.0, "similarity-checking": 1.0, "award-numbers": 0.0, "update-policies": 0.998477041721344, "resource-links": 0.0, "open-references": 1.0}, "backfile": {"last-status-check-time": 1621014343067, "affiliations": 0.9745164513587952, "abstracts": 0.9100399017333984, "orcids": 0.03377341106534004, "licenses": 0.4034387469291687, "references": 0.8821001052856445, "funders": 0.0, "similarity-checking": 1.0, "award-numbers": 0.0, "update-policies": 0.9975437521934509, "resource-links": 0.0, "open-references": 1.0}, "current": {"last-status-check-time": 1621014340337, "affiliations": 0.9208416938781738, "abstracts": 0.9203406572341919, "orcids": 0.859218418598175, "licenses": 1.0, "references": 0.8947895765304565, "funders": 0.0, "similarity-checking": 1.0, "award-numbers": 0.0, "update-policies": 1.0, "resource-links": 0.0, "open-references": 1.0}}, "flags": {"deposits-abstracts-current": true, "deposits-orcids-current": true, "deposits": true, "deposits-affiliations-backfile": true, "deposits-update-policies-backfile": true, "deposits-similarity-checking-backfile": true, "deposits-award-numbers-current": false, "deposits-resource-links-current": false, "deposits-articles": true, "deposits-affiliations-current": true, "deposits-funders-current": false, "deposits-references-backfile": true, "deposits-abstracts-backfile": true, "deposits-licenses-backfile": true, "deposits-award-numbers-backfile": false, "deposits-open-references-backfile": true, "deposits-open-references-current": true, "deposits-references-current": true, "deposits-resource-links-backfile": false, "deposits-orcids-backfile": true, "deposits-funders-backfile": false, "deposits-update-policies-current": true, "deposits-similarity-checking-current": true, "deposits-licenses-current": true}, "ISSN": ["1573-4935", "0144-8463"], "issn-type": [{"value": "1573-4935", "type": "electronic"}, {"value": "0144-8463", "type": "print"}]}