{"last-status-check-time": 1620496276618, "counts": {"total-dois": 163, "current-dois": 50, "backfile-dois": 113}, "breakdowns": {"dois-by-issued-year": [[2017, 32], [2015, 32], [2016, 28], [2020, 24], [2019, 22], [2018, 21], [2021, 4]]}, "publisher": "Institution of Electrical Engineers", "coverage": {"affiliations-current": 0.8399999737739563, "similarity-checking-current": 0.8399999737739563, "funders-backfile": 0.4159291982650757, "licenses-backfile": 0.9646017551422119, "funders-current": 0.3400000035762787, "affiliations-backfile": 0.1504424810409546, "resource-links-backfile": 0.9646017551422119, "orcids-backfile": 0.06194690242409706, "update-policies-current": 0.0, "open-references-backfile": 1.0, "orcids-current": 0.3799999952316284, "similarity-checking-backfile": 0.1504424810409546, "references-backfile": 0.7079645991325378, "award-numbers-backfile": 0.36283186078071594, "update-policies-backfile": 0.5840708017349243, "licenses-current": 0.8399999737739563, "award-numbers-current": 0.3400000035762787, "abstracts-backfile": 0.0, "resource-links-current": 0.8399999737739563, "abstracts-current": 0.0, "open-references-current": 1.0, "references-current": 0.8399999737739563}, "title": "Biosurface and Biotribology", "subjects": [], "coverage-type": {"all": {"last-status-check-time": 1620496270551, "affiliations": 0.3619631826877594, "abstracts": 0.0, "orcids": 0.15950919687747955, "licenses": 0.9263803958892822, "references": 0.7484662532806396, "funders": 0.39263802766799927, "similarity-checking": 0.3619631826877594, "award-numbers": 0.3558282256126404, "update-policies": 0.4049079716205597, "resource-links": 0.9263803958892822, "open-references": 1.0}, "backfile": {"last-status-check-time": 1620496268509, "affiliations": 0.1504424810409546, "abstracts": 0.0, "orcids": 0.06194690242409706, "licenses": 0.9646017551422119, "references": 0.7079645991325378, "funders": 0.4159291982650757, "similarity-checking": 0.1504424810409546, "award-numbers": 0.36283186078071594, "update-policies": 0.5840708017349243, "resource-links": 0.9646017551422119, "open-references": 1.0}, "current": {"last-status-check-time": 1620496266454, "affiliations": 0.8399999737739563, "abstracts": 0.0, "orcids": 0.3799999952316284, "licenses": 0.8399999737739563, "references": 0.8399999737739563, "funders": 0.3400000035762787, "similarity-checking": 0.8399999737739563, "award-numbers": 0.3400000035762787, "update-policies": 0.0, "resource-links": 0.8399999737739563, "open-references": 1.0}}, "flags": {"deposits-abstracts-current": false, "deposits-orcids-current": true, "deposits": true, "deposits-affiliations-backfile": true, "deposits-update-policies-backfile": true, "deposits-similarity-checking-backfile": true, "deposits-award-numbers-current": true, "deposits-resource-links-current": true, "deposits-articles": true, "deposits-affiliations-current": true, "deposits-funders-current": true, "deposits-references-backfile": true, "deposits-abstracts-backfile": false, "deposits-licenses-backfile": true, "deposits-award-numbers-backfile": true, "deposits-open-references-backfile": true, "deposits-open-references-current": true, "deposits-references-current": true, "deposits-resource-links-backfile": true, "deposits-orcids-backfile": true, "deposits-funders-backfile": true, "deposits-update-policies-current": false, "deposits-similarity-checking-current": true, "deposits-licenses-current": true}, "ISSN": ["2405-4518", "2405-4518"], "issn-type": [{"value": "2405-4518", "type": "electronic"}, {"value": "2405-4518", "type": "print"}]}