{"last-status-check-time": 1620771331098, "counts": {"total-dois": 3595, "current-dois": 390, "backfile-dois": 3205}, "breakdowns": {"dois-by-issued-year": [[2009, 331], [2010, 225], [2014, 193], [2019, 187], [2015, 185], [2012, 171], [2016, 169], [2017, 163], [2020, 158], [2013, 150], [2005, 148], [2018, 146], [2011, 123], [2006, 109], [2007, 101], [2008, 100], [2004, 93], [1993, 91], [1992, 74], [1990, 74], [1994, 70], [2003, 64], [1995, 59], [1998, 53], [1991, 53], [2001, 49], [1997, 48], [2021, 45], [1999, 45], [2000, 44], [2002, 39], [1996, 35]]}, "publisher": "Informa UK (Taylor & Francis)", "coverage": {"affiliations-current": 0.9897435903549194, "similarity-checking-current": 1.0, "funders-backfile": 0.13166926801204681, "licenses-backfile": 0.13135725259780884, "funders-current": 0.5025641322135925, "affiliations-backfile": 0.14383774995803833, "resource-links-backfile": 0.13104523718357086, "orcids-backfile": 0.0240249615162611, "update-policies-current": 1.0, "open-references-backfile": 1.0, "orcids-current": 0.29487180709838867, "similarity-checking-backfile": 0.9996879696846008, "references-backfile": 0.9478939175605774, "award-numbers-backfile": 0.1251170039176941, "update-policies-backfile": 0.26708269119262695, "licenses-current": 0.7128205299377441, "award-numbers-current": 0.446153849363327, "abstracts-backfile": 0.0, "resource-links-current": 0.2897436022758484, "abstracts-current": 0.0, "open-references-current": 1.0, "references-current": 0.9846153855323792}, "title": "Biotechnology & Biotechnological Equipment", "subjects": [{"name": "Biotechnology", "ASJC": 1305}], "coverage-type": {"all": {"last-status-check-time": 1620771324221, "affiliations": 0.23560500144958496, "abstracts": 0.0, "orcids": 0.05340750887989998, "licenses": 0.194436714053154, "references": 0.9518775939941406, "funders": 0.17190542817115784, "similarity-checking": 0.9997218251228333, "award-numbers": 0.15994437038898468, "update-policies": 0.3465924859046936, "resource-links": 0.14826147258281708, "open-references": 1.0}, "backfile": {"last-status-check-time": 1620771321981, "affiliations": 0.14383774995803833, "abstracts": 0.0, "orcids": 0.0240249615162611, "licenses": 0.13135725259780884, "references": 0.9478939175605774, "funders": 0.13166926801204681, "similarity-checking": 0.9996879696846008, "award-numbers": 0.1251170039176941, "update-policies": 0.26708269119262695, "resource-links": 0.13104523718357086, "open-references": 1.0}, "current": {"last-status-check-time": 1620771319793, "affiliations": 0.9897435903549194, "abstracts": 0.0, "orcids": 0.29487180709838867, "licenses": 0.7128205299377441, "references": 0.9846153855323792, "funders": 0.5025641322135925, "similarity-checking": 1.0, "award-numbers": 0.446153849363327, "update-policies": 1.0, "resource-links": 0.2897436022758484, "open-references": 1.0}}, "flags": {"deposits-abstracts-current": false, "deposits-orcids-current": true, "deposits": true, "deposits-affiliations-backfile": true, "deposits-update-policies-backfile": true, "deposits-similarity-checking-backfile": true, "deposits-award-numbers-current": true, "deposits-resource-links-current": true, "deposits-articles": true, "deposits-affiliations-current": true, "deposits-funders-current": true, "deposits-references-backfile": true, "deposits-abstracts-backfile": false, "deposits-licenses-backfile": true, "deposits-award-numbers-backfile": true, "deposits-open-references-backfile": true, "deposits-open-references-current": true, "deposits-references-current": true, "deposits-resource-links-backfile": true, "deposits-orcids-backfile": true, "deposits-funders-backfile": true, "deposits-update-policies-current": true, "deposits-similarity-checking-current": true, "deposits-licenses-current": true}, "ISSN": ["1314-3530", "1310-2818"], "issn-type": [{"value": "1314-3530", "type": "electronic"}, {"value": "1310-2818", "type": "print"}]}