{"last-status-check-time": 1620898583257, "counts": {"total-dois": 359, "current-dois": 222, "backfile-dois": 137}, "breakdowns": {"dois-by-issued-year": [[2020, 99], [2018, 97], [2019, 78], [2021, 45], [2004, 12], [2003, 12], [2017, 9], [2002, 5], [2001, 2]]}, "publisher": "SciELO", "coverage": {"affiliations-current": 0.954954981803894, "similarity-checking-current": 0.9369369149208069, "funders-backfile": 0.0, "licenses-backfile": 0.007299270015209913, "funders-current": 0.0, "affiliations-backfile": 0.970802903175354, "resource-links-backfile": 0.0, "orcids-backfile": 0.5328466892242432, "update-policies-current": 0.0, "open-references-backfile": 1.0, "orcids-current": 0.8918918967247009, "similarity-checking-backfile": 0.985401451587677, "references-backfile": 0.9781022071838379, "award-numbers-backfile": 0.0, "update-policies-backfile": 0.0, "licenses-current": 0.9819819927215576, "award-numbers-current": 0.0, "abstracts-backfile": 0.970802903175354, "resource-links-current": 0.0, "abstracts-current": 0.9414414167404175, "open-references-current": 1.0, "references-current": 0.9369369149208069}, "title": "Biota Neotropica", "subjects": [{"name": "Ecology, Evolution, Behavior and Systematics", "ASJC": 1105}], "coverage-type": {"all": {"last-status-check-time": 1620898574146, "affiliations": 0.961002767086029, "abstracts": 0.9526462554931641, "orcids": 0.7548746466636658, "licenses": 0.6100278496742249, "references": 0.9526462554931641, "funders": 0.0, "similarity-checking": 0.9554317593574524, "award-numbers": 0.0, "update-policies": 0.0, "resource-links": 0.0, "open-references": 1.0}, "backfile": {"last-status-check-time": 1620898571390, "affiliations": 0.970802903175354, "abstracts": 0.970802903175354, "orcids": 0.5328466892242432, "licenses": 0.007299270015209913, "references": 0.9781022071838379, "funders": 0.0, "similarity-checking": 0.985401451587677, "award-numbers": 0.0, "update-policies": 0.0, "resource-links": 0.0, "open-references": 1.0}, "current": {"last-status-check-time": 1620898568640, "affiliations": 0.954954981803894, "abstracts": 0.9414414167404175, "orcids": 0.8918918967247009, "licenses": 0.9819819927215576, "references": 0.9369369149208069, "funders": 0.0, "similarity-checking": 0.9369369149208069, "award-numbers": 0.0, "update-policies": 0.0, "resource-links": 0.0, "open-references": 1.0}}, "flags": {"deposits-abstracts-current": true, "deposits-orcids-current": true, "deposits": true, "deposits-affiliations-backfile": true, "deposits-update-policies-backfile": false, "deposits-similarity-checking-backfile": true, "deposits-award-numbers-current": false, "deposits-resource-links-current": false, "deposits-articles": true, "deposits-affiliations-current": true, "deposits-funders-current": false, "deposits-references-backfile": true, "deposits-abstracts-backfile": true, "deposits-licenses-backfile": true, "deposits-award-numbers-backfile": false, "deposits-open-references-backfile": true, "deposits-open-references-current": true, "deposits-references-current": true, "deposits-resource-links-backfile": false, "deposits-orcids-backfile": true, "deposits-funders-backfile": false, "deposits-update-policies-current": false, "deposits-similarity-checking-current": true, "deposits-licenses-current": true}, "ISSN": ["1676-0611", "1806-129X"], "issn-type": [{"value": "1676-0611", "type": "electronic"}, {"value": "1806-129X", "type": "print"}]}