{"last-status-check-time": 1621314465068, "counts": {"total-dois": 617, "current-dois": 324, "backfile-dois": 293}, "breakdowns": {"dois-by-issued-year": [[2020, 170], [2019, 101], [2015, 80], [2018, 71], [2021, 53], [2017, 48], [2016, 48], [2014, 46]]}, "publisher": "Elsevier ", "coverage": {"affiliations-current": 0.0, "similarity-checking-current": 0.0, "funders-backfile": 0.6245733499526978, "licenses-backfile": 1.0, "funders-current": 0.6481481194496155, "affiliations-backfile": 0.0, "resource-links-backfile": 1.0, "orcids-backfile": 0.23549488186836243, "update-policies-current": 0.8641975522041321, "open-references-backfile": 1.0, "orcids-current": 0.16049382090568542, "similarity-checking-backfile": 0.0, "references-backfile": 0.9863481521606445, "award-numbers-backfile": 0.3037542700767517, "update-policies-backfile": 0.8259385824203491, "licenses-current": 1.0, "award-numbers-current": 0.2469135820865631, "abstracts-backfile": 0.0, "resource-links-current": 1.0, "abstracts-current": 0.0, "open-references-current": 1.0, "references-current": 0.9753086566925049}, "title": "Biotechnology Reports", "subjects": [], "coverage-type": {"all": {"last-status-check-time": 1621314458349, "affiliations": 0.0, "abstracts": 0.0, "orcids": 0.19611020386219025, "licenses": 1.0, "references": 0.9805510640144348, "funders": 0.6369529962539673, "similarity-checking": 0.0, "award-numbers": 0.27390599250793457, "update-policies": 0.8460291624069214, "resource-links": 1.0, "open-references": 1.0}, "backfile": {"last-status-check-time": 1621314456170, "affiliations": 0.0, "abstracts": 0.0, "orcids": 0.23549488186836243, "licenses": 1.0, "references": 0.9863481521606445, "funders": 0.6245733499526978, "similarity-checking": 0.0, "award-numbers": 0.3037542700767517, "update-policies": 0.8259385824203491, "resource-links": 1.0, "open-references": 1.0}, "current": {"last-status-check-time": 1621314453853, "affiliations": 0.0, "abstracts": 0.0, "orcids": 0.16049382090568542, "licenses": 1.0, "references": 0.9753086566925049, "funders": 0.6481481194496155, "similarity-checking": 0.0, "award-numbers": 0.2469135820865631, "update-policies": 0.8641975522041321, "resource-links": 1.0, "open-references": 1.0}}, "flags": {"deposits-abstracts-current": false, "deposits-orcids-current": true, "deposits": true, "deposits-affiliations-backfile": false, "deposits-update-policies-backfile": true, "deposits-similarity-checking-backfile": false, "deposits-award-numbers-current": true, "deposits-resource-links-current": true, "deposits-articles": true, "deposits-affiliations-current": false, "deposits-funders-current": true, "deposits-references-backfile": true, "deposits-abstracts-backfile": false, "deposits-licenses-backfile": true, "deposits-award-numbers-backfile": true, "deposits-open-references-backfile": true, "deposits-open-references-current": true, "deposits-references-current": true, "deposits-resource-links-backfile": true, "deposits-orcids-backfile": true, "deposits-funders-backfile": true, "deposits-update-policies-current": true, "deposits-similarity-checking-current": false, "deposits-licenses-current": true}, "ISSN": ["2215-017X"], "issn-type": [{"value": "2215-017X", "type": "print"}]}