{"last-status-check-time": 1621139755223, "counts": {"total-dois": 592, "current-dois": 158, "backfile-dois": 434}, "breakdowns": {"dois-by-issued-year": [[2017, 82], [2018, 81], [2013, 73], [2016, 70], [2020, 67], [2014, 67], [2019, 63], [2015, 61], [2021, 28]]}, "publisher": "Korean Society of Hematology; Korean Society of Blood and Marrow Transplantation; Korean Society of Pediatric Hematology-Oncology; Korean Society on Thrombosis and Hemostasis", "coverage": {"affiliations-current": 0.9746835231781006, "similarity-checking-current": 0.6455696225166321, "funders-backfile": 0.0, "licenses-backfile": 1.0, "funders-current": 0.07594936341047287, "affiliations-backfile": 0.9930875301361084, "resource-links-backfile": 1.0, "orcids-backfile": 0.0023041474632918835, "update-policies-current": 1.0, "open-references-backfile": 1.0, "orcids-current": 0.0, "similarity-checking-backfile": 1.0, "references-backfile": 0.8594470024108887, "award-numbers-backfile": 0.0, "update-policies-backfile": 0.0, "licenses-current": 0.9746835231781006, "award-numbers-current": 0.04430379718542099, "abstracts-backfile": 0.0, "resource-links-current": 0.9746835231781006, "abstracts-current": 0.0, "open-references-current": 1.0, "references-current": 0.7848101258277893}, "title": "Blood Research", "subjects": [{"name": "Hematology", "ASJC": 2720}], "coverage-type": {"all": {"last-status-check-time": 1621139749005, "affiliations": 0.9881756901741028, "abstracts": 0.0, "orcids": 0.0016891892300918698, "licenses": 0.9932432174682617, "references": 0.8395270109176636, "funders": 0.020270269364118576, "similarity-checking": 0.9054054021835327, "award-numbers": 0.01182432472705841, "update-policies": 0.2668918967247009, "resource-links": 0.9932432174682617, "open-references": 1.0}, "backfile": {"last-status-check-time": 1621139746974, "affiliations": 0.9930875301361084, "abstracts": 0.0, "orcids": 0.0023041474632918835, "licenses": 1.0, "references": 0.8594470024108887, "funders": 0.0, "similarity-checking": 1.0, "award-numbers": 0.0, "update-policies": 0.0, "resource-links": 1.0, "open-references": 1.0}, "current": {"last-status-check-time": 1621139744922, "affiliations": 0.9746835231781006, "abstracts": 0.0, "orcids": 0.0, "licenses": 0.9746835231781006, "references": 0.7848101258277893, "funders": 0.07594936341047287, "similarity-checking": 0.6455696225166321, "award-numbers": 0.04430379718542099, "update-policies": 1.0, "resource-links": 0.9746835231781006, "open-references": 1.0}}, "flags": {"deposits-abstracts-current": false, "deposits-orcids-current": false, "deposits": true, "deposits-affiliations-backfile": true, "deposits-update-policies-backfile": false, "deposits-similarity-checking-backfile": true, "deposits-award-numbers-current": true, "deposits-resource-links-current": true, "deposits-articles": true, "deposits-affiliations-current": true, "deposits-funders-current": true, "deposits-references-backfile": true, "deposits-abstracts-backfile": false, "deposits-licenses-backfile": true, "deposits-award-numbers-backfile": false, "deposits-open-references-backfile": true, "deposits-open-references-current": true, "deposits-references-current": true, "deposits-resource-links-backfile": true, "deposits-orcids-backfile": true, "deposits-funders-backfile": false, "deposits-update-policies-current": true, "deposits-similarity-checking-current": true, "deposits-licenses-current": true}, "ISSN": ["2288-0011", "2287-979X"], "issn-type": [{"value": "2288-0011", "type": "electronic"}, {"value": "2287-979X", "type": "print"}]}