{"last-status-check-time": 1617035349949, "counts": {"total-dois": 1074, "current-dois": 292, "backfile-dois": 782}, "breakdowns": {"dois-by-issued-year": [[2017, 142], [2016, 135], [2018, 128], [2020, 125], [2015, 110], [2019, 103], [2014, 99], [2013, 70], [2021, 64], [2012, 50], [2011, 48]]}, "publisher": "Springer Science and Business Media LLC", "coverage": {"affiliations-current": 0.0, "similarity-checking-current": 1.0, "funders-backfile": 0.014066495932638645, "licenses-backfile": 1.0, "funders-current": 0.3561643958091736, "affiliations-backfile": 0.0, "resource-links-backfile": 1.0, "orcids-backfile": 0.16879795491695404, "update-policies-current": 1.0, "open-references-backfile": 1.0, "orcids-current": 0.8561643958091736, "similarity-checking-backfile": 1.0, "references-backfile": 0.9731457829475403, "award-numbers-backfile": 0.011508950963616371, "update-policies-backfile": 0.7531969547271729, "licenses-current": 1.0, "award-numbers-current": 0.24315068125724792, "abstracts-backfile": 0.012787723913788795, "resource-links-current": 1.0, "abstracts-current": 0.3835616409778595, "open-references-current": 1.0, "references-current": 0.9760273694992065}, "title": "Blood Cancer Journal", "subjects": [{"name": "Hematology", "ASJC": 2720}, {"name": "Oncology", "ASJC": 2730}], "coverage-type": {"all": {"last-status-check-time": 1617035339736, "affiliations": 0.0, "abstracts": 0.11348836869001389, "orcids": 0.3553488254547119, "licenses": 0.9990697503089905, "references": 0.9730232357978821, "funders": 0.10697674751281738, "similarity-checking": 0.9990697503089905, "award-numbers": 0.07441860437393188, "update-policies": 0.8195348978042603, "resource-links": 0.9990697503089905, "open-references": 1.0}, "backfile": {"last-status-check-time": 1617035336524, "affiliations": 0.0, "abstracts": 0.012787723913788795, "orcids": 0.16879795491695404, "licenses": 1.0, "references": 0.9731457829475403, "funders": 0.014066495932638645, "similarity-checking": 1.0, "award-numbers": 0.011508950963616371, "update-policies": 0.7531969547271729, "resource-links": 1.0, "open-references": 1.0}, "current": {"last-status-check-time": 1617035333369, "affiliations": 0.0, "abstracts": 0.3835616409778595, "orcids": 0.8561643958091736, "licenses": 1.0, "references": 0.9760273694992065, "funders": 0.3561643958091736, "similarity-checking": 1.0, "award-numbers": 0.24315068125724792, "update-policies": 1.0, "resource-links": 1.0, "open-references": 1.0}}, "flags": {"deposits-abstracts-current": true, "deposits-orcids-current": true, "deposits": true, "deposits-affiliations-backfile": false, "deposits-update-policies-backfile": true, "deposits-similarity-checking-backfile": true, "deposits-award-numbers-current": true, "deposits-resource-links-current": true, "deposits-articles": true, "deposits-affiliations-current": false, "deposits-funders-current": true, "deposits-references-backfile": true, "deposits-abstracts-backfile": true, "deposits-licenses-backfile": true, "deposits-award-numbers-backfile": true, "deposits-open-references-backfile": true, "deposits-open-references-current": true, "deposits-references-current": true, "deposits-resource-links-backfile": true, "deposits-orcids-backfile": true, "deposits-funders-backfile": true, "deposits-update-policies-current": true, "deposits-similarity-checking-current": true, "deposits-licenses-current": true}, "ISSN": ["2044-5385"], "issn-type": [{"value": "2044-5385", "type": "electronic"}]}