{"last-status-check-time": 1621049745115, "counts": {"total-dois": 2180, "current-dois": 229, "backfile-dois": 1951}, "breakdowns": {"dois-by-issued-year": [[2007, 144], [2009, 136], [2008, 134], [2010, 130], [2011, 128], [2012, 117], [2016, 116], [2015, 116], [2018, 113], [2017, 108], [2014, 108], [2005, 108], [2006, 105], [2004, 105], [2019, 104], [2013, 98], [2020, 95], [2002, 93], [2003, 92], [2021, 30]]}, "publisher": "Korean Society for Biochemistry and Molecular Biology - BMB Reports", "coverage": {"affiliations-current": 0.9868995547294617, "similarity-checking-current": 1.0, "funders-backfile": 0.08149667084217072, "licenses-backfile": 0.0, "funders-current": 0.9344978332519531, "affiliations-backfile": 0.08867247402667999, "resource-links-backfile": 0.0, "orcids-backfile": 0.0, "update-policies-current": 1.0, "open-references-backfile": 1.0, "orcids-current": 0.026200873777270317, "similarity-checking-backfile": 0.9907739758491516, "references-backfile": 0.932854950428009, "award-numbers-backfile": 0.07688365131616592, "update-policies-backfile": 0.08867247402667999, "licenses-current": 0.05676855891942978, "award-numbers-current": 0.8777292370796204, "abstracts-backfile": 0.0, "resource-links-current": 0.05676855891942978, "abstracts-current": 0.0, "open-references-current": 1.0, "references-current": 0.9868995547294617}, "title": "BMB Reports", "subjects": [{"name": "Biochemistry", "ASJC": 1303}, {"name": "Molecular Biology", "ASJC": 1312}, {"name": "General Medicine", "ASJC": 2700}], "coverage-type": {"all": {"last-status-check-time": 1621049737796, "affiliations": 0.18302752077579498, "abstracts": 0.0, "orcids": 0.002752293599769473, "licenses": 0.005963302683085203, "references": 0.9385321140289307, "funders": 0.171100914478302, "similarity-checking": 0.9917431473731995, "award-numbers": 0.16100917756557465, "update-policies": 0.1844036728143692, "resource-links": 0.005963302683085203, "open-references": 1.0}, "backfile": {"last-status-check-time": 1621049735342, "affiliations": 0.08867247402667999, "abstracts": 0.0, "orcids": 0.0, "licenses": 0.0, "references": 0.932854950428009, "funders": 0.08149667084217072, "similarity-checking": 0.9907739758491516, "award-numbers": 0.07688365131616592, "update-policies": 0.08867247402667999, "resource-links": 0.0, "open-references": 1.0}, "current": {"last-status-check-time": 1621049732752, "affiliations": 0.9868995547294617, "abstracts": 0.0, "orcids": 0.026200873777270317, "licenses": 0.05676855891942978, "references": 0.9868995547294617, "funders": 0.9344978332519531, "similarity-checking": 1.0, "award-numbers": 0.8777292370796204, "update-policies": 1.0, "resource-links": 0.05676855891942978, "open-references": 1.0}}, "flags": {"deposits-abstracts-current": false, "deposits-orcids-current": true, "deposits": true, "deposits-affiliations-backfile": true, "deposits-update-policies-backfile": true, "deposits-similarity-checking-backfile": true, "deposits-award-numbers-current": true, "deposits-resource-links-current": true, "deposits-articles": true, "deposits-affiliations-current": true, "deposits-funders-current": true, "deposits-references-backfile": true, "deposits-abstracts-backfile": false, "deposits-licenses-backfile": false, "deposits-award-numbers-backfile": true, "deposits-open-references-backfile": true, "deposits-open-references-current": true, "deposits-references-current": true, "deposits-resource-links-backfile": false, "deposits-orcids-backfile": false, "deposits-funders-backfile": true, "deposits-update-policies-current": true, "deposits-similarity-checking-current": true, "deposits-licenses-current": true}, "ISSN": ["1976-670X", "1976-6696"], "issn-type": [{"value": "1976-670X", "type": "electronic"}, {"value": "1976-6696", "type": "print"}]}