{"last-status-check-time": 1621224121100, "counts": {"total-dois": 254, "current-dois": 1, "backfile-dois": 253}, "breakdowns": {"dois-by-issued-year": [[2009, 24], [2008, 23], [2010, 22], [2002, 19], [2011, 18], [2005, 18], [2012, 15], [2001, 15], [2014, 14], [2013, 14], [2003, 14], [2007, 13], [2004, 13], [2006, 8], [2017, 7], [2016, 7], [2015, 6], [2018, 3], [2019, 1]]}, "publisher": "Springer (Biomed Central Ltd.)", "coverage": {"affiliations-current": 0.0, "similarity-checking-current": 1.0, "funders-backfile": 0.06324110925197601, "licenses-backfile": 0.07905138283967972, "funders-current": 1.0, "affiliations-backfile": 0.0, "resource-links-backfile": 0.07905138283967972, "orcids-backfile": 0.015810277312994003, "update-policies-current": 1.0, "open-references-backfile": 1.0, "orcids-current": 1.0, "similarity-checking-backfile": 0.1462450623512268, "references-backfile": 0.33596837520599365, "award-numbers-backfile": 0.05138339847326279, "update-policies-backfile": 0.1304347813129425, "licenses-current": 1.0, "award-numbers-current": 1.0, "abstracts-backfile": 0.0, "resource-links-current": 1.0, "abstracts-current": 0.0, "open-references-current": 1.0, "references-current": 1.0}, "title": "BMC Physiology", "subjects": [{"name": "Physiology", "ASJC": 1314}, {"name": "General Medicine", "ASJC": 2700}, {"name": "Physiology (medical)", "ASJC": 2737}], "coverage-type": {"all": {"last-status-check-time": 1621224114230, "affiliations": 0.0, "abstracts": 0.0, "orcids": 0.019685039296746254, "licenses": 0.08267716318368912, "references": 0.3385826647281647, "funders": 0.06692913174629211, "similarity-checking": 0.14960630238056183, "award-numbers": 0.05511811003088951, "update-policies": 0.13385826349258423, "resource-links": 0.08267716318368912, "open-references": 1.0}, "backfile": {"last-status-check-time": 1621224112018, "affiliations": 0.0, "abstracts": 0.0, "orcids": 0.015810277312994003, "licenses": 0.07905138283967972, "references": 0.33596837520599365, "funders": 0.06324110925197601, "similarity-checking": 0.1462450623512268, "award-numbers": 0.05138339847326279, "update-policies": 0.1304347813129425, "resource-links": 0.07905138283967972, "open-references": 1.0}, "current": {"last-status-check-time": 1621224109831, "affiliations": 0.0, "abstracts": 0.0, "orcids": 1.0, "licenses": 1.0, "references": 1.0, "funders": 1.0, "similarity-checking": 1.0, "award-numbers": 1.0, "update-policies": 1.0, "resource-links": 1.0, "open-references": 1.0}}, "flags": {"deposits-abstracts-current": false, "deposits-orcids-current": true, "deposits": true, "deposits-affiliations-backfile": false, "deposits-update-policies-backfile": true, "deposits-similarity-checking-backfile": true, "deposits-award-numbers-current": true, "deposits-resource-links-current": true, "deposits-articles": true, "deposits-affiliations-current": false, "deposits-funders-current": true, "deposits-references-backfile": true, "deposits-abstracts-backfile": false, "deposits-licenses-backfile": true, "deposits-award-numbers-backfile": true, "deposits-open-references-backfile": true, "deposits-open-references-current": true, "deposits-references-current": true, "deposits-resource-links-backfile": true, "deposits-orcids-backfile": true, "deposits-funders-backfile": true, "deposits-update-policies-current": true, "deposits-similarity-checking-current": true, "deposits-licenses-current": true}, "ISSN": ["1472-6793", "1472-6793"], "issn-type": [{"value": "1472-6793", "type": "electronic"}, {"value": "1472-6793", "type": "print"}]}