{"last-status-check-time": 1621222931515, "counts": {"total-dois": 4245, "current-dois": 401, "backfile-dois": 3844}, "breakdowns": {"dois-by-issued-year": [[2010, 395], [2011, 373], [2008, 345], [2009, 303], [2015, 295], [2013, 277], [2007, 276], [2014, 275], [2016, 274], [2017, 270], [2012, 258], [2019, 237], [2018, 209], [2020, 164], [2006, 109], [2005, 73], [2004, 52], [2003, 26], [2002, 20], [2001, 14]]}, "publisher": "Springer (Biomed Central Ltd.)", "coverage": {"affiliations-current": 0.0, "similarity-checking-current": 1.0, "funders-backfile": 0.1919875144958496, "licenses-backfile": 0.2656087279319763, "funders-current": 0.8204488754272461, "affiliations-backfile": 0.0, "resource-links-backfile": 0.2656087279319763, "orcids-backfile": 0.10613943636417389, "update-policies-current": 1.0, "open-references-backfile": 1.0, "orcids-current": 0.7556109428405762, "similarity-checking-backfile": 0.38579604029655457, "references-backfile": 0.5611342191696167, "award-numbers-backfile": 0.17403745651245117, "update-policies-backfile": 0.30254942178726196, "licenses-current": 1.0, "award-numbers-current": 0.7755610942840576, "abstracts-backfile": 0.03433923050761223, "resource-links-current": 1.0, "abstracts-current": 0.42394015192985535, "open-references-current": 1.0, "references-current": 1.0}, "title": "BMC Evolutionary Biology", "subjects": [{"name": "Ecology, Evolution, Behavior and Systematics", "ASJC": 1105}], "coverage-type": {"all": {"last-status-check-time": 1621222911354, "affiliations": 0.0, "abstracts": 0.0711425170302391, "orcids": 0.16749116778373718, "licenses": 0.33498233556747437, "references": 0.6025912761688232, "funders": 0.25135454535484314, "similarity-checking": 0.44381624460220337, "award-numbers": 0.23085983097553253, "update-policies": 0.3684334456920624, "resource-links": 0.33498233556747437, "open-references": 1.0}, "backfile": {"last-status-check-time": 1621222909082, "affiliations": 0.0, "abstracts": 0.03433923050761223, "orcids": 0.10613943636417389, "licenses": 0.2656087279319763, "references": 0.5611342191696167, "funders": 0.1919875144958496, "similarity-checking": 0.38579604029655457, "award-numbers": 0.17403745651245117, "update-policies": 0.30254942178726196, "resource-links": 0.2656087279319763, "open-references": 1.0}, "current": {"last-status-check-time": 1621222906440, "affiliations": 0.0, "abstracts": 0.42394015192985535, "orcids": 0.7556109428405762, "licenses": 1.0, "references": 1.0, "funders": 0.8204488754272461, "similarity-checking": 1.0, "award-numbers": 0.7755610942840576, "update-policies": 1.0, "resource-links": 1.0, "open-references": 1.0}}, "flags": {"deposits-abstracts-current": true, "deposits-orcids-current": true, "deposits": true, "deposits-affiliations-backfile": false, "deposits-update-policies-backfile": true, "deposits-similarity-checking-backfile": true, "deposits-award-numbers-current": true, "deposits-resource-links-current": true, "deposits-articles": true, "deposits-affiliations-current": false, "deposits-funders-current": true, "deposits-references-backfile": true, "deposits-abstracts-backfile": true, "deposits-licenses-backfile": true, "deposits-award-numbers-backfile": true, "deposits-open-references-backfile": true, "deposits-open-references-current": true, "deposits-references-current": true, "deposits-resource-links-backfile": true, "deposits-orcids-backfile": true, "deposits-funders-backfile": true, "deposits-update-policies-current": true, "deposits-similarity-checking-current": true, "deposits-licenses-current": true}, "ISSN": ["1471-2148", "1471-2148"], "issn-type": [{"value": "1471-2148", "type": "electronic"}, {"value": "1471-2148", "type": "print"}]}