{"last-status-check-time": 1621224269337, "counts": {"total-dois": 765, "current-dois": 269, "backfile-dois": 496}, "breakdowns": {"dois-by-issued-year": [[2020, 125], [2015, 85], [2021, 76], [2017, 75], [2016, 73], [2019, 68], [2018, 55], [2014, 50], [2013, 29], [2012, 28], [2011, 24], [2010, 16], [2008, 15], [2007, 11], [2009, 9], [2006, 9], [2005, 8], [2004, 6], [2003, 2], [2002, 1]]}, "publisher": "Springer (Biomed Central Ltd.)", "coverage": {"affiliations-current": 0.0, "similarity-checking-current": 1.0, "funders-backfile": 0.21169355511665344, "licenses-backfile": 0.7620967626571655, "funders-current": 0.3791821599006653, "affiliations-backfile": 0.0, "resource-links-backfile": 0.7620967626571655, "orcids-backfile": 0.14919355511665344, "update-policies-current": 0.9962825179100037, "open-references-backfile": 1.0, "orcids-current": 0.7249070405960083, "similarity-checking-backfile": 1.0, "references-backfile": 0.9677419066429138, "award-numbers-backfile": 0.1270161271095276, "update-policies-backfile": 0.6532257795333862, "licenses-current": 1.0, "award-numbers-current": 0.27137547731399536, "abstracts-backfile": 0.0, "resource-links-current": 1.0, "abstracts-current": 0.6802973747253418, "open-references-current": 1.0, "references-current": 0.9962825179100037}, "title": "BMC Nursing", "subjects": [{"name": "General Nursing", "ASJC": 2900}], "coverage-type": {"all": {"last-status-check-time": 1621224262180, "affiliations": 0.0, "abstracts": 0.239215686917305, "orcids": 0.3516339957714081, "licenses": 0.8457516431808472, "references": 0.9777777791023254, "funders": 0.2705882489681244, "similarity-checking": 1.0, "award-numbers": 0.17777778208255768, "update-policies": 0.7738562226295471, "resource-links": 0.8457516431808472, "open-references": 1.0}, "backfile": {"last-status-check-time": 1621224259992, "affiliations": 0.0, "abstracts": 0.0, "orcids": 0.14919355511665344, "licenses": 0.7620967626571655, "references": 0.9677419066429138, "funders": 0.21169355511665344, "similarity-checking": 1.0, "award-numbers": 0.1270161271095276, "update-policies": 0.6532257795333862, "resource-links": 0.7620967626571655, "open-references": 1.0}, "current": {"last-status-check-time": 1621224257661, "affiliations": 0.0, "abstracts": 0.6802973747253418, "orcids": 0.7249070405960083, "licenses": 1.0, "references": 0.9962825179100037, "funders": 0.3791821599006653, "similarity-checking": 1.0, "award-numbers": 0.27137547731399536, "update-policies": 0.9962825179100037, "resource-links": 1.0, "open-references": 1.0}}, "flags": {"deposits-abstracts-current": true, "deposits-orcids-current": true, "deposits": true, "deposits-affiliations-backfile": false, "deposits-update-policies-backfile": true, "deposits-similarity-checking-backfile": true, "deposits-award-numbers-current": true, "deposits-resource-links-current": true, "deposits-articles": true, "deposits-affiliations-current": false, "deposits-funders-current": true, "deposits-references-backfile": true, "deposits-abstracts-backfile": false, "deposits-licenses-backfile": true, "deposits-award-numbers-backfile": true, "deposits-open-references-backfile": true, "deposits-open-references-current": true, "deposits-references-current": true, "deposits-resource-links-backfile": true, "deposits-orcids-backfile": true, "deposits-funders-backfile": true, "deposits-update-policies-current": true, "deposits-similarity-checking-current": true, "deposits-licenses-current": true}, "ISSN": ["1472-6955", "1472-6955"], "issn-type": [{"value": "1472-6955", "type": "electronic"}, {"value": "1472-6955", "type": "print"}]}