{"last-status-check-time": 1621223380235, "counts": {"total-dois": 17220, "current-dois": 4605, "backfile-dois": 12615}, "breakdowns": {"dois-by-issued-year": [[2020, 1921], [2019, 1763], [2015, 1451], [2014, 1405], [2018, 1318], [2013, 1280], [2012, 1179], [2016, 1118], [2017, 1081], [2011, 1056], [2021, 921], [2010, 815], [2009, 509], [2008, 433], [2007, 359], [2006, 314], [2005, 142], [2004, 69], [2003, 42], [2002, 27], [2001, 17]]}, "publisher": "Springer (Biomed Central Ltd.)", "coverage": {"affiliations-current": 0.0, "similarity-checking-current": 1.0, "funders-backfile": 0.1894569993019104, "licenses-backfile": 0.8422513008117676, "funders-current": 0.6121606826782227, "affiliations-backfile": 0.0, "resource-links-backfile": 0.8422513008117676, "orcids-backfile": 0.10788743197917938, "update-policies-current": 1.0, "open-references-backfile": 1.0, "orcids-current": 0.7001085877418518, "similarity-checking-backfile": 0.9882679581642151, "references-backfile": 0.9891399145126343, "award-numbers-backfile": 0.1381688416004181, "update-policies-backfile": 0.47300833463668823, "licenses-current": 1.0, "award-numbers-current": 0.5229098796844482, "abstracts-backfile": 0.00039635354187339544, "resource-links-current": 1.0, "abstracts-current": 0.5919652581214905, "open-references-current": 1.0, "references-current": 1.0}, "title": "BMC Public Health", "subjects": [{"name": "Public Health, Environmental and Occupational Health", "ASJC": 2739}], "coverage-type": {"all": {"last-status-check-time": 1621223373817, "affiliations": 0.0, "abstracts": 0.15859465301036835, "orcids": 0.26626017689704895, "licenses": 0.8844367265701294, "references": 0.9920441508293152, "funders": 0.30249708890914917, "similarity-checking": 0.9914053678512573, "award-numbers": 0.2410569041967392, "update-policies": 0.613937258720398, "resource-links": 0.8844367265701294, "open-references": 1.0}, "backfile": {"last-status-check-time": 1621223371666, "affiliations": 0.0, "abstracts": 0.00039635354187339544, "orcids": 0.10788743197917938, "licenses": 0.8422513008117676, "references": 0.9891399145126343, "funders": 0.1894569993019104, "similarity-checking": 0.9882679581642151, "award-numbers": 0.1381688416004181, "update-policies": 0.47300833463668823, "resource-links": 0.8422513008117676, "open-references": 1.0}, "current": {"last-status-check-time": 1621223369330, "affiliations": 0.0, "abstracts": 0.5919652581214905, "orcids": 0.7001085877418518, "licenses": 1.0, "references": 1.0, "funders": 0.6121606826782227, "similarity-checking": 1.0, "award-numbers": 0.5229098796844482, "update-policies": 1.0, "resource-links": 1.0, "open-references": 1.0}}, "flags": {"deposits-abstracts-current": true, "deposits-orcids-current": true, "deposits": true, "deposits-affiliations-backfile": false, "deposits-update-policies-backfile": true, "deposits-similarity-checking-backfile": true, "deposits-award-numbers-current": true, "deposits-resource-links-current": true, "deposits-articles": true, "deposits-affiliations-current": false, "deposits-funders-current": true, "deposits-references-backfile": true, "deposits-abstracts-backfile": true, "deposits-licenses-backfile": true, "deposits-award-numbers-backfile": true, "deposits-open-references-backfile": true, "deposits-open-references-current": true, "deposits-references-current": true, "deposits-resource-links-backfile": true, "deposits-orcids-backfile": true, "deposits-funders-backfile": true, "deposits-update-policies-current": true, "deposits-similarity-checking-current": true, "deposits-licenses-current": true}, "ISSN": ["1471-2458", "1471-2458"], "issn-type": [{"value": "1471-2458", "type": "electronic"}, {"value": "1471-2458", "type": "print"}]}