{"last-status-check-time": 1621223183984, "counts": {"total-dois": 679, "current-dois": 240, "backfile-dois": 439}, "breakdowns": {"dois-by-issued-year": [[2020, 96], [2019, 83], [2015, 70], [2016, 64], [2018, 62], [2021, 61], [2013, 33], [2012, 28], [2014, 25], [2009, 24], [2017, 23], [2011, 21], [2010, 20], [2007, 20], [2008, 18], [2006, 11], [2005, 11], [2004, 5], [2001, 2], [2003, 1], [2002, 1]]}, "publisher": "Springer (Biomed Central Ltd.)", "coverage": {"affiliations-current": 0.0, "similarity-checking-current": 1.0, "funders-backfile": 0.1435079723596573, "licenses-backfile": 0.8473803997039795, "funders-current": 0.3125, "affiliations-backfile": 0.0, "resource-links-backfile": 0.8473803997039795, "orcids-backfile": 0.1457858830690384, "update-policies-current": 1.0, "open-references-backfile": 1.0, "orcids-current": 0.7083333134651184, "similarity-checking-backfile": 0.9886105060577393, "references-backfile": 0.9726651310920715, "award-numbers-backfile": 0.09794988483190536, "update-policies-backfile": 0.537585437297821, "licenses-current": 1.0, "award-numbers-current": 0.21666666865348816, "abstracts-backfile": 0.0, "resource-links-current": 1.0, "abstracts-current": 0.6708333492279053, "open-references-current": 1.0, "references-current": 1.0}, "title": "BMC Emergency Medicine", "subjects": [{"name": "Emergency Medicine", "ASJC": 2711}], "coverage-type": {"all": {"last-status-check-time": 1621223177013, "affiliations": 0.0, "abstracts": 0.23711340129375458, "orcids": 0.34462445974349976, "licenses": 0.9013254642486572, "references": 0.9823269248008728, "funders": 0.2032400518655777, "similarity-checking": 0.9926362037658691, "award-numbers": 0.13991163671016693, "update-policies": 0.7010309100151062, "resource-links": 0.9013254642486572, "open-references": 1.0}, "backfile": {"last-status-check-time": 1621223174482, "affiliations": 0.0, "abstracts": 0.0, "orcids": 0.1457858830690384, "licenses": 0.8473803997039795, "references": 0.9726651310920715, "funders": 0.1435079723596573, "similarity-checking": 0.9886105060577393, "award-numbers": 0.09794988483190536, "update-policies": 0.537585437297821, "resource-links": 0.8473803997039795, "open-references": 1.0}, "current": {"last-status-check-time": 1621223172270, "affiliations": 0.0, "abstracts": 0.6708333492279053, "orcids": 0.7083333134651184, "licenses": 1.0, "references": 1.0, "funders": 0.3125, "similarity-checking": 1.0, "award-numbers": 0.21666666865348816, "update-policies": 1.0, "resource-links": 1.0, "open-references": 1.0}}, "flags": {"deposits-abstracts-current": true, "deposits-orcids-current": true, "deposits": true, "deposits-affiliations-backfile": false, "deposits-update-policies-backfile": true, "deposits-similarity-checking-backfile": true, "deposits-award-numbers-current": true, "deposits-resource-links-current": true, "deposits-articles": true, "deposits-affiliations-current": false, "deposits-funders-current": true, "deposits-references-backfile": true, "deposits-abstracts-backfile": false, "deposits-licenses-backfile": true, "deposits-award-numbers-backfile": true, "deposits-open-references-backfile": true, "deposits-open-references-current": true, "deposits-references-current": true, "deposits-resource-links-backfile": true, "deposits-orcids-backfile": true, "deposits-funders-backfile": true, "deposits-update-policies-current": true, "deposits-similarity-checking-current": true, "deposits-licenses-current": true}, "ISSN": ["1471-227X", "1471-227X"], "issn-type": [{"value": "1471-227X", "type": "electronic"}, {"value": "1471-227X", "type": "print"}]}