{"last-status-check-time": 1621223195695, "counts": {"total-dois": 2469, "current-dois": 650, "backfile-dois": 1819}, "breakdowns": {"dois-by-issued-year": [[2020, 298], [2019, 246], [2012, 190], [2017, 181], [2018, 180], [2011, 176], [2016, 174], [2013, 155], [2014, 140], [2010, 112], [2015, 108], [2021, 106], [2009, 87], [2008, 80], [2006, 58], [2007, 53], [2005, 37], [2004, 30], [2003, 28], [2002, 16], [2001, 14]]}, "publisher": "Springer (Biomed Central Ltd.)", "coverage": {"affiliations-current": 0.0, "similarity-checking-current": 1.0, "funders-backfile": 0.17866960167884827, "licenses-backfile": 0.8587135672569275, "funders-current": 0.6015384793281555, "affiliations-backfile": 0.0, "resource-links-backfile": 0.8587135672569275, "orcids-backfile": 0.14018692076206207, "update-policies-current": 1.0, "open-references-backfile": 1.0, "orcids-current": 0.7507692575454712, "similarity-checking-backfile": 1.0, "references-backfile": 0.9983507394790649, "award-numbers-backfile": 0.14128641784191132, "update-policies-backfile": 0.40516766905784607, "licenses-current": 1.0, "award-numbers-current": 0.4984615445137024, "abstracts-backfile": 0.0, "resource-links-current": 1.0, "abstracts-current": 0.5584615468978882, "open-references-current": 1.0, "references-current": 1.0}, "title": "BMC Medical Research Methodology", "subjects": [{"name": "Epidemiology", "ASJC": 2713}, {"name": "Health Informatics", "ASJC": 2718}], "coverage-type": {"all": {"last-status-check-time": 1621223188654, "affiliations": 0.0, "abstracts": 0.14702308177947998, "orcids": 0.30093154311180115, "licenses": 0.8959092497825623, "references": 0.9987849593162537, "funders": 0.289995938539505, "similarity-checking": 1.0, "award-numbers": 0.23531794548034668, "update-policies": 0.5617659091949463, "resource-links": 0.8959092497825623, "open-references": 1.0}, "backfile": {"last-status-check-time": 1621223186407, "affiliations": 0.0, "abstracts": 0.0, "orcids": 0.14018692076206207, "licenses": 0.8587135672569275, "references": 0.9983507394790649, "funders": 0.17866960167884827, "similarity-checking": 1.0, "award-numbers": 0.14128641784191132, "update-policies": 0.40516766905784607, "resource-links": 0.8587135672569275, "open-references": 1.0}, "current": {"last-status-check-time": 1621223184188, "affiliations": 0.0, "abstracts": 0.5584615468978882, "orcids": 0.7507692575454712, "licenses": 1.0, "references": 1.0, "funders": 0.6015384793281555, "similarity-checking": 1.0, "award-numbers": 0.4984615445137024, "update-policies": 1.0, "resource-links": 1.0, "open-references": 1.0}}, "flags": {"deposits-abstracts-current": true, "deposits-orcids-current": true, "deposits": true, "deposits-affiliations-backfile": false, "deposits-update-policies-backfile": true, "deposits-similarity-checking-backfile": true, "deposits-award-numbers-current": true, "deposits-resource-links-current": true, "deposits-articles": true, "deposits-affiliations-current": false, "deposits-funders-current": true, "deposits-references-backfile": true, "deposits-abstracts-backfile": false, "deposits-licenses-backfile": true, "deposits-award-numbers-backfile": true, "deposits-open-references-backfile": true, "deposits-open-references-current": true, "deposits-references-current": true, "deposits-resource-links-backfile": true, "deposits-orcids-backfile": true, "deposits-funders-backfile": true, "deposits-update-policies-current": true, "deposits-similarity-checking-current": true, "deposits-licenses-current": true}, "ISSN": ["1471-2288", "1471-2288"], "issn-type": [{"value": "1471-2288", "type": "electronic"}, {"value": "1471-2288", "type": "print"}]}