{"last-status-check-time": 1621223102076, "counts": {"total-dois": 4387, "current-dois": 832, "backfile-dois": 3555}, "breakdowns": {"dois-by-issued-year": [[2020, 372], [2014, 334], [2010, 331], [2012, 322], [2019, 312], [2013, 304], [2016, 292], [2009, 289], [2015, 282], [2011, 269], [2008, 238], [2017, 233], [2018, 228], [2021, 148], [2007, 116], [2006, 104], [2005, 66], [2004, 49], [2002, 39], [2001, 34], [2003, 25]]}, "publisher": "Springer (Biomed Central Ltd.)", "coverage": {"affiliations-current": 0.0, "similarity-checking-current": 1.0, "funders-backfile": 0.1769338995218277, "licenses-backfile": 0.1732770800590515, "funders-current": 0.7355769276618958, "affiliations-backfile": 0.0, "resource-links-backfile": 0.1732770800590515, "orcids-backfile": 0.08832629770040512, "update-policies-current": 1.0, "open-references-backfile": 1.0, "orcids-current": 0.588942289352417, "similarity-checking-backfile": 0.3395217955112457, "references-backfile": 0.5997186899185181, "award-numbers-backfile": 0.1457102745771408, "update-policies-backfile": 0.328551322221756, "licenses-current": 1.0, "award-numbers-current": 0.6742788553237915, "abstracts-backfile": 0.0005625879275612533, "resource-links-current": 1.0, "abstracts-current": 0.5540865659713745, "open-references-current": 1.0, "references-current": 0.9987980723381042}, "title": "BMC Microbiology", "subjects": [{"name": "Microbiology", "ASJC": 2404}, {"name": "Microbiology (medical)", "ASJC": 2726}], "coverage-type": {"all": {"last-status-check-time": 1621223094773, "affiliations": 0.0, "abstracts": 0.10553909093141556, "orcids": 0.18326875567436218, "licenses": 0.33006611466407776, "references": 0.6754046082496643, "funders": 0.2828812301158905, "similarity-checking": 0.4647822976112366, "award-numbers": 0.24595396220684052, "update-policies": 0.455892413854599, "resource-links": 0.33006611466407776, "open-references": 1.0}, "backfile": {"last-status-check-time": 1621223092497, "affiliations": 0.0, "abstracts": 0.0005625879275612533, "orcids": 0.08832629770040512, "licenses": 0.1732770800590515, "references": 0.5997186899185181, "funders": 0.1769338995218277, "similarity-checking": 0.3395217955112457, "award-numbers": 0.1457102745771408, "update-policies": 0.328551322221756, "resource-links": 0.1732770800590515, "open-references": 1.0}, "current": {"last-status-check-time": 1621223090280, "affiliations": 0.0, "abstracts": 0.5540865659713745, "orcids": 0.588942289352417, "licenses": 1.0, "references": 0.9987980723381042, "funders": 0.7355769276618958, "similarity-checking": 1.0, "award-numbers": 0.6742788553237915, "update-policies": 1.0, "resource-links": 1.0, "open-references": 1.0}}, "flags": {"deposits-abstracts-current": true, "deposits-orcids-current": true, "deposits": true, "deposits-affiliations-backfile": false, "deposits-update-policies-backfile": true, "deposits-similarity-checking-backfile": true, "deposits-award-numbers-current": true, "deposits-resource-links-current": true, "deposits-articles": true, "deposits-affiliations-current": false, "deposits-funders-current": true, "deposits-references-backfile": true, "deposits-abstracts-backfile": true, "deposits-licenses-backfile": true, "deposits-award-numbers-backfile": true, "deposits-open-references-backfile": true, "deposits-open-references-current": true, "deposits-references-current": true, "deposits-resource-links-backfile": true, "deposits-orcids-backfile": true, "deposits-funders-backfile": true, "deposits-update-policies-current": true, "deposits-similarity-checking-current": true, "deposits-licenses-current": true}, "ISSN": ["1471-2180", "1471-2180"], "issn-type": [{"value": "1471-2180", "type": "electronic"}, {"value": "1471-2180", "type": "print"}]}