{"last-status-check-time": 1617036997538, "counts": {"total-dois": 108, "current-dois": 2, "backfile-dois": 106}, "breakdowns": {"dois-by-issued-year": [[2012, 22], [2011, 21], [2013, 15], [2015, 14], [2014, 14], [2018, 8], [2017, 8], [2016, 4], [2019, 2]]}, "publisher": "Springer (Biomed Central Ltd.)", "coverage": {"affiliations-current": 0.0, "similarity-checking-current": 1.0, "funders-backfile": 0.15094339847564697, "licenses-backfile": 0.5849056839942932, "funders-current": 0.5, "affiliations-backfile": 0.0, "resource-links-backfile": 0.5849056839942932, "orcids-backfile": 0.1037735864520073, "update-policies-current": 1.0, "open-references-backfile": 1.0, "orcids-current": 0.5, "similarity-checking-backfile": 0.7358490824699402, "references-backfile": 0.9622641801834106, "award-numbers-backfile": 0.14150942862033844, "update-policies-backfile": 0.40566039085388184, "licenses-current": 1.0, "award-numbers-current": 0.5, "abstracts-backfile": 0.0, "resource-links-current": 1.0, "abstracts-current": 0.5, "open-references-current": 1.0, "references-current": 1.0}, "title": "BMC Biophysics", "subjects": [{"name": "Biophysics", "ASJC": 1304}], "coverage-type": {"all": {"last-status-check-time": 1617036988515, "affiliations": 0.0, "abstracts": 0.009259259328246117, "orcids": 0.1111111119389534, "licenses": 0.5925925970077515, "references": 0.9629629850387573, "funders": 0.15740740299224854, "similarity-checking": 0.7407407164573669, "award-numbers": 0.14814814925193787, "update-policies": 0.4166666567325592, "resource-links": 0.5925925970077515, "open-references": 1.0}, "backfile": {"last-status-check-time": 1617036985474, "affiliations": 0.0, "abstracts": 0.0, "orcids": 0.1037735864520073, "licenses": 0.5849056839942932, "references": 0.9622641801834106, "funders": 0.15094339847564697, "similarity-checking": 0.7358490824699402, "award-numbers": 0.14150942862033844, "update-policies": 0.40566039085388184, "resource-links": 0.5849056839942932, "open-references": 1.0}, "current": {"last-status-check-time": 1617036982505, "affiliations": 0.0, "abstracts": 0.5, "orcids": 0.5, "licenses": 1.0, "references": 1.0, "funders": 0.5, "similarity-checking": 1.0, "award-numbers": 0.5, "update-policies": 1.0, "resource-links": 1.0, "open-references": 1.0}}, "flags": {"deposits-abstracts-current": true, "deposits-orcids-current": true, "deposits": true, "deposits-affiliations-backfile": false, "deposits-update-policies-backfile": true, "deposits-similarity-checking-backfile": true, "deposits-award-numbers-current": true, "deposits-resource-links-current": true, "deposits-articles": true, "deposits-affiliations-current": false, "deposits-funders-current": true, "deposits-references-backfile": true, "deposits-abstracts-backfile": false, "deposits-licenses-backfile": true, "deposits-award-numbers-backfile": true, "deposits-open-references-backfile": true, "deposits-open-references-current": true, "deposits-references-current": true, "deposits-resource-links-backfile": true, "deposits-orcids-backfile": true, "deposits-funders-backfile": true, "deposits-update-policies-current": true, "deposits-similarity-checking-current": true, "deposits-licenses-current": true}, "ISSN": ["2046-1682", "2046-1682"], "issn-type": [{"value": "2046-1682", "type": "electronic"}, {"value": "2046-1682", "type": "print"}]}