{"last-status-check-time": 1621223172234, "counts": {"total-dois": 2908, "current-dois": 1064, "backfile-dois": 1844}, "breakdowns": {"dois-by-issued-year": [[2020, 501], [2019, 321], [2017, 303], [2016, 256], [2021, 242], [2018, 241], [2014, 199], [2015, 181], [2012, 124], [2013, 123], [2011, 78], [2010, 62], [2009, 56], [2006, 49], [2008, 41], [2007, 40], [2005, 34], [2004, 23], [2002, 16], [2003, 12], [2001, 6]]}, "publisher": "Springer (Biomed Central Ltd.)", "coverage": {"affiliations-current": 0.0, "similarity-checking-current": 1.0, "funders-backfile": 0.23427331447601318, "licenses-backfile": 0.7413232326507568, "funders-current": 0.5441729426383972, "affiliations-backfile": 0.0, "resource-links-backfile": 0.7413232326507568, "orcids-backfile": 0.23861171305179596, "update-policies-current": 0.9990601539611816, "open-references-backfile": 1.0, "orcids-current": 0.8214285969734192, "similarity-checking-backfile": 1.0, "references-backfile": 0.9978308081626892, "award-numbers-backfile": 0.1740780919790268, "update-policies-backfile": 0.6149674654006958, "licenses-current": 1.0, "award-numbers-current": 0.48308271169662476, "abstracts-backfile": 0.0005422993563115597, "resource-links-current": 1.0, "abstracts-current": 0.643796980381012, "open-references-current": 1.0, "references-current": 0.9990601539611816}, "title": "BMC Cardiovascular Disorders", "subjects": [{"name": "Cardiology and Cardiovascular Medicine", "ASJC": 2705}], "coverage-type": {"all": {"last-status-check-time": 1621223165301, "affiliations": 0.0, "abstracts": 0.23590096831321716, "orcids": 0.45185694098472595, "licenses": 0.8359697461128235, "references": 0.9982805848121643, "funders": 0.3476616144180298, "similarity-checking": 1.0, "award-numbers": 0.2871389389038086, "update-policies": 0.7555020451545715, "resource-links": 0.8359697461128235, "open-references": 1.0}, "backfile": {"last-status-check-time": 1621223163078, "affiliations": 0.0, "abstracts": 0.0005422993563115597, "orcids": 0.23861171305179596, "licenses": 0.7413232326507568, "references": 0.9978308081626892, "funders": 0.23427331447601318, "similarity-checking": 1.0, "award-numbers": 0.1740780919790268, "update-policies": 0.6149674654006958, "resource-links": 0.7413232326507568, "open-references": 1.0}, "current": {"last-status-check-time": 1621223160787, "affiliations": 0.0, "abstracts": 0.643796980381012, "orcids": 0.8214285969734192, "licenses": 1.0, "references": 0.9990601539611816, "funders": 0.5441729426383972, "similarity-checking": 1.0, "award-numbers": 0.48308271169662476, "update-policies": 0.9990601539611816, "resource-links": 1.0, "open-references": 1.0}}, "flags": {"deposits-abstracts-current": true, "deposits-orcids-current": true, "deposits": true, "deposits-affiliations-backfile": false, "deposits-update-policies-backfile": true, "deposits-similarity-checking-backfile": true, "deposits-award-numbers-current": true, "deposits-resource-links-current": true, "deposits-articles": true, "deposits-affiliations-current": false, "deposits-funders-current": true, "deposits-references-backfile": true, "deposits-abstracts-backfile": true, "deposits-licenses-backfile": true, "deposits-award-numbers-backfile": true, "deposits-open-references-backfile": true, "deposits-open-references-current": true, "deposits-references-current": true, "deposits-resource-links-backfile": true, "deposits-orcids-backfile": true, "deposits-funders-backfile": true, "deposits-update-policies-current": true, "deposits-similarity-checking-current": true, "deposits-licenses-current": true}, "ISSN": ["1471-2261", "1471-2261"], "issn-type": [{"value": "1471-2261", "type": "electronic"}, {"value": "1471-2261", "type": "print"}]}