{"last-status-check-time": 1621223301143, "counts": {"total-dois": 3158, "current-dois": 995, "backfile-dois": 2163}, "breakdowns": {"dois-by-issued-year": [[2020, 445], [2019, 351], [2015, 266], [2016, 256], [2014, 254], [2018, 223], [2017, 223], [2013, 212], [2021, 199], [2012, 165], [2011, 157], [2010, 126], [2009, 67], [2008, 52], [2006, 49], [2007, 40], [2005, 24], [2004, 24], [2002, 10], [2001, 8], [2003, 7]]}, "publisher": "Springer (Biomed Central Ltd.)", "coverage": {"affiliations-current": 0.0, "similarity-checking-current": 1.0, "funders-backfile": 0.19926027953624725, "licenses-backfile": 0.8173832893371582, "funders-current": 0.5005025267601013, "affiliations-backfile": 0.0, "resource-links-backfile": 0.8173832893371582, "orcids-backfile": 0.11141932755708694, "update-policies-current": 1.0, "open-references-backfile": 1.0, "orcids-current": 0.560804009437561, "similarity-checking-backfile": 0.9981507062911987, "references-backfile": 0.9967637658119202, "award-numbers-backfile": 0.14748035371303558, "update-policies-backfile": 0.529819667339325, "licenses-current": 1.0, "award-numbers-current": 0.4331658184528351, "abstracts-backfile": 0.00046232083695940673, "resource-links-current": 1.0, "abstracts-current": 0.6361808776855469, "open-references-current": 1.0, "references-current": 1.0}, "title": "BMC Neurology", "subjects": [{"name": "General Medicine", "ASJC": 2700}, {"name": "Clinical Neurology", "ASJC": 2728}], "coverage-type": {"all": {"last-status-check-time": 1621223294068, "affiliations": 0.0, "abstracts": 0.20075997710227966, "orcids": 0.25300824642181396, "licenses": 0.8749208450317383, "references": 0.9977834224700928, "funders": 0.29417353868484497, "similarity-checking": 0.998733401298523, "award-numbers": 0.23749208450317383, "update-policies": 0.6779607534408569, "resource-links": 0.8749208450317383, "open-references": 1.0}, "backfile": {"last-status-check-time": 1621223291778, "affiliations": 0.0, "abstracts": 0.00046232083695940673, "orcids": 0.11141932755708694, "licenses": 0.8173832893371582, "references": 0.9967637658119202, "funders": 0.19926027953624725, "similarity-checking": 0.9981507062911987, "award-numbers": 0.14748035371303558, "update-policies": 0.529819667339325, "resource-links": 0.8173832893371582, "open-references": 1.0}, "current": {"last-status-check-time": 1621223289313, "affiliations": 0.0, "abstracts": 0.6361808776855469, "orcids": 0.560804009437561, "licenses": 1.0, "references": 1.0, "funders": 0.5005025267601013, "similarity-checking": 1.0, "award-numbers": 0.4331658184528351, "update-policies": 1.0, "resource-links": 1.0, "open-references": 1.0}}, "flags": {"deposits-abstracts-current": true, "deposits-orcids-current": true, "deposits": true, "deposits-affiliations-backfile": false, "deposits-update-policies-backfile": true, "deposits-similarity-checking-backfile": true, "deposits-award-numbers-current": true, "deposits-resource-links-current": true, "deposits-articles": true, "deposits-affiliations-current": false, "deposits-funders-current": true, "deposits-references-backfile": true, "deposits-abstracts-backfile": true, "deposits-licenses-backfile": true, "deposits-award-numbers-backfile": true, "deposits-open-references-backfile": true, "deposits-open-references-current": true, "deposits-references-current": true, "deposits-resource-links-backfile": true, "deposits-orcids-backfile": true, "deposits-funders-backfile": true, "deposits-update-policies-current": true, "deposits-similarity-checking-current": true, "deposits-licenses-current": true}, "ISSN": ["1471-2377", "1471-2377"], "issn-type": [{"value": "1471-2377", "type": "electronic"}, {"value": "1471-2377", "type": "print"}]}