{"last-status-check-time": 1621223254408, "counts": {"total-dois": 9625, "current-dois": 2503, "backfile-dois": 7122}, "breakdowns": {"dois-by-issued-year": [[2014, 1272], [2019, 1098], [2020, 962], [2017, 809], [2013, 760], [2018, 710], [2016, 694], [2015, 660], [2012, 512], [2021, 443], [2010, 364], [2011, 359], [2009, 217], [2006, 179], [2008, 174], [2007, 148], [2005, 116], [2004, 63], [2002, 31], [2003, 30], [2001, 24]]}, "publisher": "Springer (Biomed Central Ltd.)", "coverage": {"affiliations-current": 0.0, "similarity-checking-current": 1.0, "funders-backfile": 0.193765789270401, "licenses-backfile": 0.743049681186676, "funders-current": 0.5213743448257446, "affiliations-backfile": 0.0, "resource-links-backfile": 0.743049681186676, "orcids-backfile": 0.10755405575037003, "update-policies-current": 1.0, "open-references-backfile": 1.0, "orcids-current": 0.6396324634552002, "similarity-checking-backfile": 0.9834316372871399, "references-backfile": 0.8907610177993774, "award-numbers-backfile": 0.14616680145263672, "update-policies-backfile": 0.5454928278923035, "licenses-current": 0.9996004700660706, "award-numbers-current": 0.45984819531440735, "abstracts-backfile": 0.00028082000790163875, "resource-links-current": 0.9996004700660706, "abstracts-current": 0.5677187442779541, "open-references-current": 1.0, "references-current": 0.9996004700660706}, "title": "BMC Infectious Diseases", "subjects": [{"name": "Infectious Diseases", "ASJC": 2725}], "coverage-type": {"all": {"last-status-check-time": 1621223247323, "affiliations": 0.0, "abstracts": 0.14784415066242218, "orcids": 0.24592207372188568, "licenses": 0.8097662329673767, "references": 0.9190649390220642, "funders": 0.27896103262901306, "similarity-checking": 0.9877402782440186, "award-numbers": 0.22774025797843933, "update-policies": 0.6636883020401001, "resource-links": 0.8097662329673767, "open-references": 1.0}, "backfile": {"last-status-check-time": 1621223245054, "affiliations": 0.0, "abstracts": 0.00028082000790163875, "orcids": 0.10755405575037003, "licenses": 0.743049681186676, "references": 0.8907610177993774, "funders": 0.193765789270401, "similarity-checking": 0.9834316372871399, "award-numbers": 0.14616680145263672, "update-policies": 0.5454928278923035, "resource-links": 0.743049681186676, "open-references": 1.0}, "current": {"last-status-check-time": 1621223242687, "affiliations": 0.0, "abstracts": 0.5677187442779541, "orcids": 0.6396324634552002, "licenses": 0.9996004700660706, "references": 0.9996004700660706, "funders": 0.5213743448257446, "similarity-checking": 1.0, "award-numbers": 0.45984819531440735, "update-policies": 1.0, "resource-links": 0.9996004700660706, "open-references": 1.0}}, "flags": {"deposits-abstracts-current": true, "deposits-orcids-current": true, "deposits": true, "deposits-affiliations-backfile": false, "deposits-update-policies-backfile": true, "deposits-similarity-checking-backfile": true, "deposits-award-numbers-current": true, "deposits-resource-links-current": true, "deposits-articles": true, "deposits-affiliations-current": false, "deposits-funders-current": true, "deposits-references-backfile": true, "deposits-abstracts-backfile": true, "deposits-licenses-backfile": true, "deposits-award-numbers-backfile": true, "deposits-open-references-backfile": true, "deposits-open-references-current": true, "deposits-references-current": true, "deposits-resource-links-backfile": true, "deposits-orcids-backfile": true, "deposits-funders-backfile": true, "deposits-update-policies-current": true, "deposits-similarity-checking-current": true, "deposits-licenses-current": true}, "ISSN": ["1471-2334", "1471-2334"], "issn-type": [{"value": "1471-2334", "type": "electronic"}, {"value": "1471-2334", "type": "print"}]}