{"last-status-check-time": 1621223090045, "counts": {"total-dois": 981, "current-dois": 141, "backfile-dois": 840}, "breakdowns": {"dois-by-issued-year": [[2015, 75], [2008, 75], [2012, 72], [2011, 72], [2013, 67], [2010, 65], [2009, 64], [2014, 63], [2020, 61], [2017, 54], [2019, 49], [2016, 45], [2018, 43], [2021, 31], [2007, 31], [2006, 29], [2005, 24], [2004, 24], [2002, 16], [2001, 11], [2003, 9], [2000, 1]]}, "publisher": "Springer (Biomed Central Ltd.)", "coverage": {"affiliations-current": 0.0, "similarity-checking-current": 1.0, "funders-backfile": 0.14761905372142792, "licenses-backfile": 0.2690476179122925, "funders-current": 0.673758864402771, "affiliations-backfile": 0.0, "resource-links-backfile": 0.2690476179122925, "orcids-backfile": 0.0595238097012043, "update-policies-current": 1.0, "open-references-backfile": 1.0, "orcids-current": 0.5248227119445801, "similarity-checking-backfile": 0.41428571939468384, "references-backfile": 0.5690476298332214, "award-numbers-backfile": 0.130952388048172, "update-policies-backfile": 0.30714285373687744, "licenses-current": 1.0, "award-numbers-current": 0.609929084777832, "abstracts-backfile": 0.0, "resource-links-current": 1.0, "abstracts-current": 0.6170212626457214, "open-references-current": 1.0, "references-current": 1.0}, "title": "BMC Immunology", "subjects": [{"name": "Immunology", "ASJC": 2403}], "coverage-type": {"all": {"last-status-check-time": 1621223083218, "affiliations": 0.0, "abstracts": 0.08868501335382462, "orcids": 0.1264016330242157, "licenses": 0.37410804629325867, "references": 0.6309887766838074, "funders": 0.22324159741401672, "similarity-checking": 0.4984709620475769, "award-numbers": 0.19979612529277802, "update-policies": 0.4067278206348419, "resource-links": 0.37410804629325867, "open-references": 1.0}, "backfile": {"last-status-check-time": 1621223080965, "affiliations": 0.0, "abstracts": 0.0, "orcids": 0.0595238097012043, "licenses": 0.2690476179122925, "references": 0.5690476298332214, "funders": 0.14761905372142792, "similarity-checking": 0.41428571939468384, "award-numbers": 0.130952388048172, "update-policies": 0.30714285373687744, "resource-links": 0.2690476179122925, "open-references": 1.0}, "current": {"last-status-check-time": 1621223078627, "affiliations": 0.0, "abstracts": 0.6170212626457214, "orcids": 0.5248227119445801, "licenses": 1.0, "references": 1.0, "funders": 0.673758864402771, "similarity-checking": 1.0, "award-numbers": 0.609929084777832, "update-policies": 1.0, "resource-links": 1.0, "open-references": 1.0}}, "flags": {"deposits-abstracts-current": true, "deposits-orcids-current": true, "deposits": true, "deposits-affiliations-backfile": false, "deposits-update-policies-backfile": true, "deposits-similarity-checking-backfile": true, "deposits-award-numbers-current": true, "deposits-resource-links-current": true, "deposits-articles": true, "deposits-affiliations-current": false, "deposits-funders-current": true, "deposits-references-backfile": true, "deposits-abstracts-backfile": false, "deposits-licenses-backfile": true, "deposits-award-numbers-backfile": true, "deposits-open-references-backfile": true, "deposits-open-references-current": true, "deposits-references-current": true, "deposits-resource-links-backfile": true, "deposits-orcids-backfile": true, "deposits-funders-backfile": true, "deposits-update-policies-current": true, "deposits-similarity-checking-current": true, "deposits-licenses-current": true}, "ISSN": ["1471-2172", "1471-2172"], "issn-type": [{"value": "1471-2172", "type": "electronic"}, {"value": "1471-2172", "type": "print"}]}