{"last-status-check-time": 1621223358034, "counts": {"total-dois": 3631, "current-dois": 1315, "backfile-dois": 2316}, "breakdowns": {"dois-by-issued-year": [[2020, 563], [2019, 520], [2018, 396], [2014, 315], [2021, 232], [2015, 220], [2017, 218], [2013, 217], [2016, 213], [2012, 200], [2011, 121], [2010, 103], [2009, 82], [2008, 54], [2005, 49], [2007, 41], [2006, 34], [2004, 26], [2003, 13], [2002, 12], [2001, 2]]}, "publisher": "Springer (Biomed Central Ltd.)", "coverage": {"affiliations-current": 0.0, "similarity-checking-current": 1.0, "funders-backfile": 0.18825560808181763, "licenses-backfile": 0.8398100137710571, "funders-current": 0.46844106912612915, "affiliations-backfile": 0.0, "resource-links-backfile": 0.8398100137710571, "orcids-backfile": 0.12910190224647522, "update-policies-current": 1.0, "open-references-backfile": 1.0, "orcids-current": 0.6456273794174194, "similarity-checking-backfile": 1.0, "references-backfile": 0.9987046718597412, "award-numbers-backfile": 0.13428324460983276, "update-policies-backfile": 0.5457685589790344, "licenses-current": 1.0, "award-numbers-current": 0.3916349709033966, "abstracts-backfile": 0.0004317789280321449, "resource-links-current": 1.0, "abstracts-current": 0.6030418276786804, "open-references-current": 1.0, "references-current": 1.0}, "title": "BMC Pediatrics", "subjects": [{"name": "Pediatrics, Perinatology, and Child Health", "ASJC": 2735}], "coverage-type": {"all": {"last-status-check-time": 1621223351289, "affiliations": 0.0, "abstracts": 0.21867254376411438, "orcids": 0.31616634130477905, "licenses": 0.8978242874145508, "references": 0.9991737604141235, "funders": 0.2897273600101471, "similarity-checking": 1.0, "award-numbers": 0.2274855375289917, "update-policies": 0.7102726697921753, "resource-links": 0.8978242874145508, "open-references": 1.0}, "backfile": {"last-status-check-time": 1621223349129, "affiliations": 0.0, "abstracts": 0.0004317789280321449, "orcids": 0.12910190224647522, "licenses": 0.8398100137710571, "references": 0.9987046718597412, "funders": 0.18825560808181763, "similarity-checking": 1.0, "award-numbers": 0.13428324460983276, "update-policies": 0.5457685589790344, "resource-links": 0.8398100137710571, "open-references": 1.0}, "current": {"last-status-check-time": 1621223346941, "affiliations": 0.0, "abstracts": 0.6030418276786804, "orcids": 0.6456273794174194, "licenses": 1.0, "references": 1.0, "funders": 0.46844106912612915, "similarity-checking": 1.0, "award-numbers": 0.3916349709033966, "update-policies": 1.0, "resource-links": 1.0, "open-references": 1.0}}, "flags": {"deposits-abstracts-current": true, "deposits-orcids-current": true, "deposits": true, "deposits-affiliations-backfile": false, "deposits-update-policies-backfile": true, "deposits-similarity-checking-backfile": true, "deposits-award-numbers-current": true, "deposits-resource-links-current": true, "deposits-articles": true, "deposits-affiliations-current": false, "deposits-funders-current": true, "deposits-references-backfile": true, "deposits-abstracts-backfile": true, "deposits-licenses-backfile": true, "deposits-award-numbers-backfile": true, "deposits-open-references-backfile": true, "deposits-open-references-current": true, "deposits-references-current": true, "deposits-resource-links-backfile": true, "deposits-orcids-backfile": true, "deposits-funders-backfile": true, "deposits-update-policies-current": true, "deposits-similarity-checking-current": true, "deposits-licenses-current": true}, "ISSN": ["1471-2431", "1471-2431"], "issn-type": [{"value": "1471-2431", "type": "electronic"}, {"value": "1471-2431", "type": "print"}]}