{"last-status-check-time": 1621224281320, "counts": {"total-dois": 9623, "current-dois": 2620, "backfile-dois": 7003}, "breakdowns": {"dois-by-issued-year": [[2020, 1143], [2019, 1023], [2018, 1016], [2017, 854], [2014, 839], [2015, 657], [2016, 642], [2013, 560], [2012, 516], [2021, 454], [2011, 396], [2010, 385], [2008, 303], [2009, 267], [2007, 227], [2006, 164], [2005, 78], [2004, 40], [2003, 25], [2002, 22], [2001, 12]]}, "publisher": "Springer (Biomed Central Ltd.)", "coverage": {"affiliations-current": 0.0, "similarity-checking-current": 1.0, "funders-backfile": 0.22304727137088776, "licenses-backfile": 0.797515332698822, "funders-current": 0.6148855090141296, "affiliations-backfile": 0.0, "resource-links-backfile": 0.797515332698822, "orcids-backfile": 0.15978866815567017, "update-policies-current": 0.9996182918548584, "open-references-backfile": 1.0, "orcids-current": 0.7301526665687561, "similarity-checking-backfile": 0.9960017204284668, "references-backfile": 0.9593031406402588, "award-numbers-backfile": 0.15164929628372192, "update-policies-backfile": 0.5460516810417175, "licenses-current": 0.9996182918548584, "award-numbers-current": 0.5026717782020569, "abstracts-backfile": 0.00014279595052357763, "resource-links-current": 0.9996182918548584, "abstracts-current": 0.6049618124961853, "open-references-current": 1.0, "references-current": 0.9996182918548584}, "title": "BMC Health Services Research", "subjects": [{"name": "Health Policy", "ASJC": 2719}], "coverage-type": {"all": {"last-status-check-time": 1621224274211, "affiliations": 0.0, "abstracts": 0.16481347382068634, "orcids": 0.315078467130661, "licenses": 0.8525407910346985, "references": 0.9702795147895813, "funders": 0.3297308385372162, "similarity-checking": 0.9970902800559998, "award-numbers": 0.2472202032804489, "update-policies": 0.6695417165756226, "resource-links": 0.8525407910346985, "open-references": 1.0}, "backfile": {"last-status-check-time": 1621224271878, "affiliations": 0.0, "abstracts": 0.00014279595052357763, "orcids": 0.15978866815567017, "licenses": 0.797515332698822, "references": 0.9593031406402588, "funders": 0.22304727137088776, "similarity-checking": 0.9960017204284668, "award-numbers": 0.15164929628372192, "update-policies": 0.5460516810417175, "resource-links": 0.797515332698822, "open-references": 1.0}, "current": {"last-status-check-time": 1621224269629, "affiliations": 0.0, "abstracts": 0.6049618124961853, "orcids": 0.7301526665687561, "licenses": 0.9996182918548584, "references": 0.9996182918548584, "funders": 0.6148855090141296, "similarity-checking": 1.0, "award-numbers": 0.5026717782020569, "update-policies": 0.9996182918548584, "resource-links": 0.9996182918548584, "open-references": 1.0}}, "flags": {"deposits-abstracts-current": true, "deposits-orcids-current": true, "deposits": true, "deposits-affiliations-backfile": false, "deposits-update-policies-backfile": true, "deposits-similarity-checking-backfile": true, "deposits-award-numbers-current": true, "deposits-resource-links-current": true, "deposits-articles": true, "deposits-affiliations-current": false, "deposits-funders-current": true, "deposits-references-backfile": true, "deposits-abstracts-backfile": true, "deposits-licenses-backfile": true, "deposits-award-numbers-backfile": true, "deposits-open-references-backfile": true, "deposits-open-references-current": true, "deposits-references-current": true, "deposits-resource-links-backfile": true, "deposits-orcids-backfile": true, "deposits-funders-backfile": true, "deposits-update-policies-current": true, "deposits-similarity-checking-current": true, "deposits-licenses-current": true}, "ISSN": ["1472-6963", "1472-6963"], "issn-type": [{"value": "1472-6963", "type": "electronic"}, {"value": "1472-6963", "type": "print"}]}