{"last-status-check-time": 1621224109785, "counts": {"total-dois": 609, "current-dois": 122, "backfile-dois": 487}, "breakdowns": {"dois-by-issued-year": [[2020, 69], [2018, 60], [2016, 56], [2019, 53], [2013, 51], [2017, 46], [2011, 32], [2014, 31], [2012, 28], [2009, 25], [2010, 24], [2015, 23], [2008, 23], [2006, 19], [2004, 17], [2007, 16], [2003, 11], [2002, 11], [2005, 8], [2001, 6]]}, "publisher": "Springer (Biomed Central Ltd.)", "coverage": {"affiliations-current": 0.0, "similarity-checking-current": 1.0, "funders-backfile": 0.2689938545227051, "licenses-backfile": 0.1683778166770935, "funders-current": 0.7786885499954224, "affiliations-backfile": 0.0, "resource-links-backfile": 0.1683778166770935, "orcids-backfile": 0.1622176617383957, "update-policies-current": 1.0, "open-references-backfile": 1.0, "orcids-current": 0.811475396156311, "similarity-checking-backfile": 0.4004106819629669, "references-backfile": 0.6221765875816345, "award-numbers-backfile": 0.2197125256061554, "update-policies-backfile": 0.3942505121231079, "licenses-current": 1.0, "award-numbers-current": 0.631147563457489, "abstracts-backfile": 0.0, "resource-links-current": 1.0, "abstracts-current": 0.5655737519264221, "open-references-current": 1.0, "references-current": 1.0}, "title": "BMC Ecology", "subjects": [{"name": "Ecology, Evolution, Behavior and Systematics", "ASJC": 1105}, {"name": "General Environmental Science", "ASJC": 2300}], "coverage-type": {"all": {"last-status-check-time": 1621224102870, "affiliations": 0.0, "abstracts": 0.11330049484968185, "orcids": 0.29228243231773376, "licenses": 0.33497536182403564, "references": 0.69786536693573, "funders": 0.37110015749931335, "similarity-checking": 0.5205254554748535, "award-numbers": 0.30213463306427, "update-policies": 0.5155993700027466, "resource-links": 0.33497536182403564, "open-references": 1.0}, "backfile": {"last-status-check-time": 1621224100644, "affiliations": 0.0, "abstracts": 0.0, "orcids": 0.1622176617383957, "licenses": 0.1683778166770935, "references": 0.6221765875816345, "funders": 0.2689938545227051, "similarity-checking": 0.4004106819629669, "award-numbers": 0.2197125256061554, "update-policies": 0.3942505121231079, "resource-links": 0.1683778166770935, "open-references": 1.0}, "current": {"last-status-check-time": 1621224098469, "affiliations": 0.0, "abstracts": 0.5655737519264221, "orcids": 0.811475396156311, "licenses": 1.0, "references": 1.0, "funders": 0.7786885499954224, "similarity-checking": 1.0, "award-numbers": 0.631147563457489, "update-policies": 1.0, "resource-links": 1.0, "open-references": 1.0}}, "flags": {"deposits-abstracts-current": true, "deposits-orcids-current": true, "deposits": true, "deposits-affiliations-backfile": false, "deposits-update-policies-backfile": true, "deposits-similarity-checking-backfile": true, "deposits-award-numbers-current": true, "deposits-resource-links-current": true, "deposits-articles": true, "deposits-affiliations-current": false, "deposits-funders-current": true, "deposits-references-backfile": true, "deposits-abstracts-backfile": false, "deposits-licenses-backfile": true, "deposits-award-numbers-backfile": true, "deposits-open-references-backfile": true, "deposits-open-references-current": true, "deposits-references-current": true, "deposits-resource-links-backfile": true, "deposits-orcids-backfile": true, "deposits-funders-backfile": true, "deposits-update-policies-current": true, "deposits-similarity-checking-current": true, "deposits-licenses-current": true}, "ISSN": ["1472-6785", "1472-6785"], "issn-type": [{"value": "1472-6785", "type": "electronic"}, {"value": "1472-6785", "type": "print"}]}