{"last-status-check-time": 1621223403487, "counts": {"total-dois": 6328, "current-dois": 1932, "backfile-dois": 4396}, "breakdowns": {"dois-by-issued-year": [[2020, 843], [2019, 639], [2017, 557], [2016, 504], [2018, 455], [2014, 453], [2021, 450], [2013, 419], [2015, 417], [2011, 292], [2010, 288], [2012, 265], [2008, 172], [2009, 168], [2007, 129], [2006, 103], [2005, 61], [2004, 49], [2003, 28], [2002, 25], [2001, 10], [2000, 1]]}, "publisher": "Springer (Biomed Central Ltd.)", "coverage": {"affiliations-current": 0.0, "similarity-checking-current": 1.0, "funders-backfile": 0.1797088235616684, "licenses-backfile": 0.8077797889709473, "funders-current": 0.477225661277771, "affiliations-backfile": 0.0, "resource-links-backfile": 0.8077797889709473, "orcids-backfile": 0.12056414783000946, "update-policies-current": 1.0, "open-references-backfile": 1.0, "orcids-current": 0.5936853289604187, "similarity-checking-backfile": 0.9995450377464294, "references-backfile": 0.9865787029266357, "award-numbers-backfile": 0.12693357467651367, "update-policies-backfile": 0.5152411460876465, "licenses-current": 1.0, "award-numbers-current": 0.39699792861938477, "abstracts-backfile": 0.0002274795260746032, "resource-links-current": 1.0, "abstracts-current": 0.6402691602706909, "open-references-current": 1.0, "references-current": 1.0}, "title": "BMC Musculoskeletal Disorders", "subjects": [{"name": "Orthopedics and Sports Medicine", "ASJC": 2732}, {"name": "Rheumatology", "ASJC": 2745}], "coverage-type": {"all": {"last-status-check-time": 1621223396374, "affiliations": 0.0, "abstracts": 0.19563843309879303, "orcids": 0.2650126516819, "licenses": 0.8664665222167969, "references": 0.9906763434410095, "funders": 0.2705436050891876, "similarity-checking": 0.9996839165687561, "award-numbers": 0.20938685536384583, "update-policies": 0.663242757320404, "resource-links": 0.8664665222167969, "open-references": 1.0}, "backfile": {"last-status-check-time": 1621223394165, "affiliations": 0.0, "abstracts": 0.0002274795260746032, "orcids": 0.12056414783000946, "licenses": 0.8077797889709473, "references": 0.9865787029266357, "funders": 0.1797088235616684, "similarity-checking": 0.9995450377464294, "award-numbers": 0.12693357467651367, "update-policies": 0.5152411460876465, "resource-links": 0.8077797889709473, "open-references": 1.0}, "current": {"last-status-check-time": 1621223391957, "affiliations": 0.0, "abstracts": 0.6402691602706909, "orcids": 0.5936853289604187, "licenses": 1.0, "references": 1.0, "funders": 0.477225661277771, "similarity-checking": 1.0, "award-numbers": 0.39699792861938477, "update-policies": 1.0, "resource-links": 1.0, "open-references": 1.0}}, "flags": {"deposits-abstracts-current": true, "deposits-orcids-current": true, "deposits": true, "deposits-affiliations-backfile": false, "deposits-update-policies-backfile": true, "deposits-similarity-checking-backfile": true, "deposits-award-numbers-current": true, "deposits-resource-links-current": true, "deposits-articles": true, "deposits-affiliations-current": false, "deposits-funders-current": true, "deposits-references-backfile": true, "deposits-abstracts-backfile": true, "deposits-licenses-backfile": true, "deposits-award-numbers-backfile": true, "deposits-open-references-backfile": true, "deposits-open-references-current": true, "deposits-references-current": true, "deposits-resource-links-backfile": true, "deposits-orcids-backfile": true, "deposits-funders-backfile": true, "deposits-update-policies-current": true, "deposits-similarity-checking-current": true, "deposits-licenses-current": true}, "ISSN": ["1471-2474", "1471-2474"], "issn-type": [{"value": "1471-2474", "type": "electronic"}, {"value": "1471-2474", "type": "print"}]}