{"last-status-check-time": 1621224177815, "counts": {"total-dois": 1009, "current-dois": 375, "backfile-dois": 634}, "breakdowns": {"dois-by-issued-year": [[2020, 188], [2018, 122], [2019, 120], [2016, 100], [2017, 89], [2015, 75], [2021, 67], [2014, 63], [2013, 44], [2012, 26], [2010, 23], [2011, 21], [2009, 20], [2008, 19], [2007, 7], [2006, 7], [2005, 7], [2002, 5], [2004, 4], [2003, 2]]}, "publisher": "Springer (Biomed Central Ltd.)", "coverage": {"affiliations-current": 0.0, "similarity-checking-current": 1.0, "funders-backfile": 0.2933754026889801, "licenses-backfile": 0.727129340171814, "funders-current": 0.6399999856948853, "affiliations-backfile": 0.0, "resource-links-backfile": 0.727129340171814, "orcids-backfile": 0.20347003638744354, "update-policies-current": 1.0, "open-references-backfile": 1.0, "orcids-current": 0.7573333382606506, "similarity-checking-backfile": 1.0, "references-backfile": 0.9952681660652161, "award-numbers-backfile": 0.18296529352664948, "update-policies-backfile": 0.6735015511512756, "licenses-current": 1.0, "award-numbers-current": 0.5413333177566528, "abstracts-backfile": 0.0, "resource-links-current": 1.0, "abstracts-current": 0.6133333444595337, "open-references-current": 1.0, "references-current": 1.0}, "title": "BMC Palliative Care", "subjects": [{"name": "General Medicine", "ASJC": 2700}], "coverage-type": {"all": {"last-status-check-time": 1621224171123, "affiliations": 0.0, "abstracts": 0.22794845700263977, "orcids": 0.40931615233421326, "licenses": 0.8285431265830994, "references": 0.9970267415046692, "funders": 0.42220020294189453, "similarity-checking": 1.0, "award-numbers": 0.3161545991897583, "update-policies": 0.7948463559150696, "resource-links": 0.8285431265830994, "open-references": 1.0}, "backfile": {"last-status-check-time": 1621224168925, "affiliations": 0.0, "abstracts": 0.0, "orcids": 0.20347003638744354, "licenses": 0.727129340171814, "references": 0.9952681660652161, "funders": 0.2933754026889801, "similarity-checking": 1.0, "award-numbers": 0.18296529352664948, "update-policies": 0.6735015511512756, "resource-links": 0.727129340171814, "open-references": 1.0}, "current": {"last-status-check-time": 1621224166746, "affiliations": 0.0, "abstracts": 0.6133333444595337, "orcids": 0.7573333382606506, "licenses": 1.0, "references": 1.0, "funders": 0.6399999856948853, "similarity-checking": 1.0, "award-numbers": 0.5413333177566528, "update-policies": 1.0, "resource-links": 1.0, "open-references": 1.0}}, "flags": {"deposits-abstracts-current": true, "deposits-orcids-current": true, "deposits": true, "deposits-affiliations-backfile": false, "deposits-update-policies-backfile": true, "deposits-similarity-checking-backfile": true, "deposits-award-numbers-current": true, "deposits-resource-links-current": true, "deposits-articles": true, "deposits-affiliations-current": false, "deposits-funders-current": true, "deposits-references-backfile": true, "deposits-abstracts-backfile": false, "deposits-licenses-backfile": true, "deposits-award-numbers-backfile": true, "deposits-open-references-backfile": true, "deposits-open-references-current": true, "deposits-references-current": true, "deposits-resource-links-backfile": true, "deposits-orcids-backfile": true, "deposits-funders-backfile": true, "deposits-update-policies-current": true, "deposits-similarity-checking-current": true, "deposits-licenses-current": true}, "ISSN": ["1472-684X", "1472-684X"], "issn-type": [{"value": "1472-684X", "type": "electronic"}, {"value": "1472-684X", "type": "print"}]}