{"last-status-check-time": 1621222871397, "counts": {"total-dois": 554, "current-dois": 4, "backfile-dois": 550}, "breakdowns": {"dois-by-issued-year": [[2011, 67], [2010, 50], [2007, 43], [2008, 40], [2013, 38], [2009, 36], [2002, 32], [2012, 30], [2005, 30], [2014, 29], [2015, 27], [2006, 24], [2016, 19], [2004, 19], [2003, 18], [2001, 17], [2017, 15], [2018, 13], [2019, 4], [2000, 3]]}, "publisher": "Springer (Biomed Central Ltd.)", "coverage": {"affiliations-current": 0.0, "similarity-checking-current": 1.0, "funders-backfile": 0.08181817829608917, "licenses-backfile": 0.09090909361839294, "funders-current": 0.75, "affiliations-backfile": 0.0, "resource-links-backfile": 0.09090909361839294, "orcids-backfile": 0.030909091234207153, "update-policies-current": 1.0, "open-references-backfile": 1.0, "orcids-current": 0.75, "similarity-checking-backfile": 0.15272727608680725, "references-backfile": 0.38181817531585693, "award-numbers-backfile": 0.06727273017168045, "update-policies-backfile": 0.14363636076450348, "licenses-current": 1.0, "award-numbers-current": 0.75, "abstracts-backfile": 0.0, "resource-links-current": 1.0, "abstracts-current": 0.0, "open-references-current": 1.0, "references-current": 1.0}, "title": "BMC Biochemistry", "subjects": [{"name": "Biochemistry", "ASJC": 1303}, {"name": "Molecular Biology", "ASJC": 1312}], "coverage-type": {"all": {"last-status-check-time": 1621222864725, "affiliations": 0.0, "abstracts": 0.0, "orcids": 0.036101084202528, "licenses": 0.09747292101383209, "references": 0.3862815797328949, "funders": 0.08664260059595108, "similarity-checking": 0.15884476900100708, "award-numbers": 0.072202168405056, "update-policies": 0.1498194932937622, "resource-links": 0.09747292101383209, "open-references": 1.0}, "backfile": {"last-status-check-time": 1621222862518, "affiliations": 0.0, "abstracts": 0.0, "orcids": 0.030909091234207153, "licenses": 0.09090909361839294, "references": 0.38181817531585693, "funders": 0.08181817829608917, "similarity-checking": 0.15272727608680725, "award-numbers": 0.06727273017168045, "update-policies": 0.14363636076450348, "resource-links": 0.09090909361839294, "open-references": 1.0}, "current": {"last-status-check-time": 1621222860269, "affiliations": 0.0, "abstracts": 0.0, "orcids": 0.75, "licenses": 1.0, "references": 1.0, "funders": 0.75, "similarity-checking": 1.0, "award-numbers": 0.75, "update-policies": 1.0, "resource-links": 1.0, "open-references": 1.0}}, "flags": {"deposits-abstracts-current": false, "deposits-orcids-current": true, "deposits": true, "deposits-affiliations-backfile": false, "deposits-update-policies-backfile": true, "deposits-similarity-checking-backfile": true, "deposits-award-numbers-current": true, "deposits-resource-links-current": true, "deposits-articles": true, "deposits-affiliations-current": false, "deposits-funders-current": true, "deposits-references-backfile": true, "deposits-abstracts-backfile": false, "deposits-licenses-backfile": true, "deposits-award-numbers-backfile": true, "deposits-open-references-backfile": true, "deposits-open-references-current": true, "deposits-references-current": true, "deposits-resource-links-backfile": true, "deposits-orcids-backfile": true, "deposits-funders-backfile": true, "deposits-update-policies-current": true, "deposits-similarity-checking-current": true, "deposits-licenses-current": true}, "ISSN": ["1471-2091", "1471-2091"], "issn-type": [{"value": "1471-2091", "type": "electronic"}, {"value": "1471-2091", "type": "print"}]}