{"last-status-check-time": 1621224292628, "counts": {"total-dois": 528, "current-dois": 64, "backfile-dois": 464}, "breakdowns": {"dois-by-issued-year": [[2013, 49], [2011, 49], [2009, 46], [2018, 44], [2010, 43], [2012, 40], [2014, 38], [2016, 34], [2015, 34], [2019, 33], [2020, 31], [2017, 31], [2008, 14], [2006, 12], [2007, 9], [2005, 7], [2002, 6], [2004, 4], [2003, 3], [2001, 1]]}, "publisher": "Springer (Biomed Central Ltd.)", "coverage": {"affiliations-current": 0.0, "similarity-checking-current": 1.0, "funders-backfile": 0.11206896603107452, "licenses-backfile": 0.8469827771186829, "funders-current": 0.609375, "affiliations-backfile": 0.0, "resource-links-backfile": 0.8469827771186829, "orcids-backfile": 0.08836206793785095, "update-policies-current": 1.0, "open-references-backfile": 1.0, "orcids-current": 0.640625, "similarity-checking-backfile": 0.9698275923728943, "references-backfile": 0.9719827771186829, "award-numbers-backfile": 0.0625, "update-policies-backfile": 0.37068966031074524, "licenses-current": 1.0, "award-numbers-current": 0.484375, "abstracts-backfile": 0.0, "resource-links-current": 1.0, "abstracts-current": 0.40625, "open-references-current": 1.0, "references-current": 1.0}, "title": "BMC International Health and Human Rights", "subjects": [{"name": "Public Health, Environmental and Occupational Health", "ASJC": 2739}], "coverage-type": {"all": {"last-status-check-time": 1621224285842, "affiliations": 0.0, "abstracts": 0.049242425709962845, "orcids": 0.15530303120613098, "licenses": 0.8655303120613098, "references": 0.9753788113594055, "funders": 0.1723484843969345, "similarity-checking": 0.9734848737716675, "award-numbers": 0.11363636702299118, "update-policies": 0.4469696879386902, "resource-links": 0.8655303120613098, "open-references": 1.0}, "backfile": {"last-status-check-time": 1621224283572, "affiliations": 0.0, "abstracts": 0.0, "orcids": 0.08836206793785095, "licenses": 0.8469827771186829, "references": 0.9719827771186829, "funders": 0.11206896603107452, "similarity-checking": 0.9698275923728943, "award-numbers": 0.0625, "update-policies": 0.37068966031074524, "resource-links": 0.8469827771186829, "open-references": 1.0}, "current": {"last-status-check-time": 1621224281362, "affiliations": 0.0, "abstracts": 0.40625, "orcids": 0.640625, "licenses": 1.0, "references": 1.0, "funders": 0.609375, "similarity-checking": 1.0, "award-numbers": 0.484375, "update-policies": 1.0, "resource-links": 1.0, "open-references": 1.0}}, "flags": {"deposits-abstracts-current": true, "deposits-orcids-current": true, "deposits": true, "deposits-affiliations-backfile": false, "deposits-update-policies-backfile": true, "deposits-similarity-checking-backfile": true, "deposits-award-numbers-current": true, "deposits-resource-links-current": true, "deposits-articles": true, "deposits-affiliations-current": false, "deposits-funders-current": true, "deposits-references-backfile": true, "deposits-abstracts-backfile": false, "deposits-licenses-backfile": true, "deposits-award-numbers-backfile": true, "deposits-open-references-backfile": true, "deposits-open-references-current": true, "deposits-references-current": true, "deposits-resource-links-backfile": true, "deposits-orcids-backfile": true, "deposits-funders-backfile": true, "deposits-update-policies-current": true, "deposits-similarity-checking-current": true, "deposits-licenses-current": true}, "ISSN": ["1472-698X", "1472-698X"], "issn-type": [{"value": "1472-698X", "type": "electronic"}, {"value": "1472-698X", "type": "print"}]}