{"last-status-check-time": 1621224245960, "counts": {"total-dois": 962, "current-dois": 287, "backfile-dois": 675}, "breakdowns": {"dois-by-issued-year": [[2020, 125], [2019, 103], [2018, 98], [2015, 90], [2014, 90], [2017, 80], [2016, 76], [2013, 63], [2021, 59], [2012, 36], [2011, 24], [2010, 21], [2009, 19], [2008, 19], [2006, 14], [2007, 11], [2005, 11], [2004, 9], [2003, 5], [2002, 4], [2001, 4], [2000, 1]]}, "publisher": "Springer (Biomed Central Ltd.)", "coverage": {"affiliations-current": 0.0, "similarity-checking-current": 1.0, "funders-backfile": 0.23555555939674377, "licenses-backfile": 0.7555555701255798, "funders-current": 0.5714285969734192, "affiliations-backfile": 0.0, "resource-links-backfile": 0.7555555701255798, "orcids-backfile": 0.1688888818025589, "update-policies-current": 1.0, "open-references-backfile": 1.0, "orcids-current": 0.8362369537353516, "similarity-checking-backfile": 0.9851852059364319, "references-backfile": 0.9792592525482178, "award-numbers-backfile": 0.17037037014961243, "update-policies-backfile": 0.6000000238418579, "licenses-current": 1.0, "award-numbers-current": 0.46689894795417786, "abstracts-backfile": 0.0, "resource-links-current": 1.0, "abstracts-current": 0.6411150097846985, "open-references-current": 1.0, "references-current": 1.0}, "title": "BMC Medical Ethics", "subjects": [{"name": "Health Policy", "ASJC": 2719}, {"name": "Issues, ethics and legal aspects", "ASJC": 2910}, {"name": "Health(social science)", "ASJC": 3306}], "coverage-type": {"all": {"last-status-check-time": 1621224239218, "affiliations": 0.0, "abstracts": 0.191268190741539, "orcids": 0.3679833710193634, "licenses": 0.8284823298454285, "references": 0.9854469895362854, "funders": 0.33575883507728577, "similarity-checking": 0.9896050095558167, "award-numbers": 0.2588357627391815, "update-policies": 0.7193347215652466, "resource-links": 0.8284823298454285, "open-references": 1.0}, "backfile": {"last-status-check-time": 1621224237026, "affiliations": 0.0, "abstracts": 0.0, "orcids": 0.1688888818025589, "licenses": 0.7555555701255798, "references": 0.9792592525482178, "funders": 0.23555555939674377, "similarity-checking": 0.9851852059364319, "award-numbers": 0.17037037014961243, "update-policies": 0.6000000238418579, "resource-links": 0.7555555701255798, "open-references": 1.0}, "current": {"last-status-check-time": 1621224234821, "affiliations": 0.0, "abstracts": 0.6411150097846985, "orcids": 0.8362369537353516, "licenses": 1.0, "references": 1.0, "funders": 0.5714285969734192, "similarity-checking": 1.0, "award-numbers": 0.46689894795417786, "update-policies": 1.0, "resource-links": 1.0, "open-references": 1.0}}, "flags": {"deposits-abstracts-current": true, "deposits-orcids-current": true, "deposits": true, "deposits-affiliations-backfile": false, "deposits-update-policies-backfile": true, "deposits-similarity-checking-backfile": true, "deposits-award-numbers-current": true, "deposits-resource-links-current": true, "deposits-articles": true, "deposits-affiliations-current": false, "deposits-funders-current": true, "deposits-references-backfile": true, "deposits-abstracts-backfile": false, "deposits-licenses-backfile": true, "deposits-award-numbers-backfile": true, "deposits-open-references-backfile": true, "deposits-open-references-current": true, "deposits-references-current": true, "deposits-resource-links-backfile": true, "deposits-orcids-backfile": true, "deposits-funders-backfile": true, "deposits-update-policies-current": true, "deposits-similarity-checking-current": true, "deposits-licenses-current": true}, "ISSN": ["1472-6939", "1472-6939"], "issn-type": [{"value": "1472-6939", "type": "electronic"}, {"value": "1472-6939", "type": "print"}]}