{"last-status-check-time": 1621223643658, "counts": {"total-dois": 277, "current-dois": 40, "backfile-dois": 237}, "breakdowns": {"dois-by-issued-year": [[2020, 24], [2012, 21], [2014, 19], [2015, 18], [2004, 18], [2019, 16], [2017, 16], [2013, 16], [2011, 16], [2016, 15], [2002, 15], [2005, 13], [2018, 12], [2009, 12], [2010, 11], [2006, 10], [2001, 9], [2007, 6], [2008, 5], [2003, 5]]}, "publisher": "Springer (Biomed Central Ltd.)", "coverage": {"affiliations-current": 0.0, "similarity-checking-current": 1.0, "funders-backfile": 0.08860759437084198, "licenses-backfile": 0.8860759735107422, "funders-current": 0.5249999761581421, "affiliations-backfile": 0.0, "resource-links-backfile": 0.8860759735107422, "orcids-backfile": 0.05907173082232475, "update-policies-current": 1.0, "open-references-backfile": 1.0, "orcids-current": 0.75, "similarity-checking-backfile": 1.0, "references-backfile": 0.9789029359817505, "award-numbers-backfile": 0.04219409450888634, "update-policies-backfile": 0.3080168664455414, "licenses-current": 1.0, "award-numbers-current": 0.32499998807907104, "abstracts-backfile": 0.0, "resource-links-current": 1.0, "abstracts-current": 0.6000000238418579, "open-references-current": 1.0, "references-current": 1.0}, "title": "BMC Dermatology", "subjects": [{"name": "Dermatology", "ASJC": 2708}], "coverage-type": {"all": {"last-status-check-time": 1621223636917, "affiliations": 0.0, "abstracts": 0.08664260059595108, "orcids": 0.15884476900100708, "licenses": 0.9025270938873291, "references": 0.9819494485855103, "funders": 0.15162454545497894, "similarity-checking": 1.0, "award-numbers": 0.08303248882293701, "update-policies": 0.4079422354698181, "resource-links": 0.9025270938873291, "open-references": 1.0}, "backfile": {"last-status-check-time": 1621223634486, "affiliations": 0.0, "abstracts": 0.0, "orcids": 0.05907173082232475, "licenses": 0.8860759735107422, "references": 0.9789029359817505, "funders": 0.08860759437084198, "similarity-checking": 1.0, "award-numbers": 0.04219409450888634, "update-policies": 0.3080168664455414, "resource-links": 0.8860759735107422, "open-references": 1.0}, "current": {"last-status-check-time": 1621223632164, "affiliations": 0.0, "abstracts": 0.6000000238418579, "orcids": 0.75, "licenses": 1.0, "references": 1.0, "funders": 0.5249999761581421, "similarity-checking": 1.0, "award-numbers": 0.32499998807907104, "update-policies": 1.0, "resource-links": 1.0, "open-references": 1.0}}, "flags": {"deposits-abstracts-current": true, "deposits-orcids-current": true, "deposits": true, "deposits-affiliations-backfile": false, "deposits-update-policies-backfile": true, "deposits-similarity-checking-backfile": true, "deposits-award-numbers-current": true, "deposits-resource-links-current": true, "deposits-articles": true, "deposits-affiliations-current": false, "deposits-funders-current": true, "deposits-references-backfile": true, "deposits-abstracts-backfile": false, "deposits-licenses-backfile": true, "deposits-award-numbers-backfile": true, "deposits-open-references-backfile": true, "deposits-open-references-current": true, "deposits-references-current": true, "deposits-resource-links-backfile": true, "deposits-orcids-backfile": true, "deposits-funders-backfile": true, "deposits-update-policies-current": true, "deposits-similarity-checking-current": true, "deposits-licenses-current": true}, "ISSN": ["1471-5945", "1471-5945"], "issn-type": [{"value": "1471-5945", "type": "electronic"}, {"value": "1471-5945", "type": "print"}]}