{"last-status-check-time": 1621223160667, "counts": {"total-dois": 1737, "current-dois": 691, "backfile-dois": 1046}, "breakdowns": {"dois-by-issued-year": [[2020, 300], [2015, 272], [2019, 245], [2018, 206], [2017, 171], [2014, 155], [2021, 146], [2013, 50], [2016, 39], [2012, 33], [2011, 26], [2010, 23], [2006, 15], [2005, 10], [2007, 9], [2009, 8], [2008, 8], [2004, 8], [2002, 7], [2003, 4], [2001, 2]]}, "publisher": "Springer (Biomed Central Ltd.)", "coverage": {"affiliations-current": 0.0, "similarity-checking-current": 1.0, "funders-backfile": 0.2084130048751831, "licenses-backfile": 0.7122371196746826, "funders-current": 0.3415340185165405, "affiliations-backfile": 0.0, "resource-links-backfile": 0.7122371196746826, "orcids-backfile": 0.32695984840393066, "update-policies-current": 1.0, "open-references-backfile": 1.0, "orcids-current": 0.7293776869773865, "similarity-checking-backfile": 0.9913957715034485, "references-backfile": 0.9674952030181885, "award-numbers-backfile": 0.15869981050491333, "update-policies-backfile": 0.7762906551361084, "licenses-current": 1.0, "award-numbers-current": 0.3068017363548279, "abstracts-backfile": 0.0, "resource-links-current": 1.0, "abstracts-current": 0.5832127332687378, "open-references-current": 1.0, "references-current": 1.0}, "title": "BMC Anesthesiology", "subjects": [{"name": "Anesthesiology and Pain Medicine", "ASJC": 2703}], "coverage-type": {"all": {"last-status-check-time": 1621223153550, "affiliations": 0.0, "abstracts": 0.23200921714305878, "orcids": 0.48704662919044495, "licenses": 0.8267127275466919, "references": 0.980426013469696, "funders": 0.2613701820373535, "similarity-checking": 0.9948186278343201, "award-numbers": 0.21761657297611237, "update-policies": 0.8652849793434143, "resource-links": 0.8267127275466919, "open-references": 1.0}, "backfile": {"last-status-check-time": 1621223151279, "affiliations": 0.0, "abstracts": 0.0, "orcids": 0.32695984840393066, "licenses": 0.7122371196746826, "references": 0.9674952030181885, "funders": 0.2084130048751831, "similarity-checking": 0.9913957715034485, "award-numbers": 0.15869981050491333, "update-policies": 0.7762906551361084, "resource-links": 0.7122371196746826, "open-references": 1.0}, "current": {"last-status-check-time": 1621223149058, "affiliations": 0.0, "abstracts": 0.5832127332687378, "orcids": 0.7293776869773865, "licenses": 1.0, "references": 1.0, "funders": 0.3415340185165405, "similarity-checking": 1.0, "award-numbers": 0.3068017363548279, "update-policies": 1.0, "resource-links": 1.0, "open-references": 1.0}}, "flags": {"deposits-abstracts-current": true, "deposits-orcids-current": true, "deposits": true, "deposits-affiliations-backfile": false, "deposits-update-policies-backfile": true, "deposits-similarity-checking-backfile": true, "deposits-award-numbers-current": true, "deposits-resource-links-current": true, "deposits-articles": true, "deposits-affiliations-current": false, "deposits-funders-current": true, "deposits-references-backfile": true, "deposits-abstracts-backfile": false, "deposits-licenses-backfile": true, "deposits-award-numbers-backfile": true, "deposits-open-references-backfile": true, "deposits-open-references-current": true, "deposits-references-current": true, "deposits-resource-links-backfile": true, "deposits-orcids-backfile": true, "deposits-funders-backfile": true, "deposits-update-policies-current": true, "deposits-similarity-checking-current": true, "deposits-licenses-current": true}, "ISSN": ["1471-2253", "1471-2253"], "issn-type": [{"value": "1471-2253", "type": "electronic"}, {"value": "1471-2253", "type": "print"}]}