{"last-status-check-time": 1621224212087, "counts": {"total-dois": 285, "current-dois": 5, "backfile-dois": 280}, "breakdowns": {"dois-by-issued-year": [[2014, 46], [2013, 33], [2017, 28], [2012, 27], [2015, 22], [2016, 17], [2018, 15], [2011, 14], [2008, 13], [2009, 11], [2005, 11], [2007, 9], [2006, 9], [2010, 6], [2003, 6], [2001, 6], [2019, 5], [2002, 5], [2004, 2]]}, "publisher": "Springer (Biomed Central Ltd.)", "coverage": {"affiliations-current": 0.0, "similarity-checking-current": 1.0, "funders-backfile": 0.05714285746216774, "licenses-backfile": 0.8500000238418579, "funders-current": 0.4000000059604645, "affiliations-backfile": 0.0, "resource-links-backfile": 0.8500000238418579, "orcids-backfile": 0.08571428805589676, "update-policies-current": 1.0, "open-references-backfile": 1.0, "orcids-current": 0.800000011920929, "similarity-checking-backfile": 1.0, "references-backfile": 0.9928571581840515, "award-numbers-backfile": 0.02857142873108387, "update-policies-backfile": 0.4000000059604645, "licenses-current": 1.0, "award-numbers-current": 0.20000000298023224, "abstracts-backfile": 0.0035714285913854837, "resource-links-current": 1.0, "abstracts-current": 0.0, "open-references-current": 1.0, "references-current": 1.0}, "title": "BMC Clinical Pathology", "subjects": [{"name": "Histology", "ASJC": 2722}, {"name": "Pathology and Forensic Medicine", "ASJC": 2734}], "coverage-type": {"all": {"last-status-check-time": 1621224205572, "affiliations": 0.0, "abstracts": 0.003508772002533078, "orcids": 0.09824561327695847, "licenses": 0.8526315689086914, "references": 0.9929824471473694, "funders": 0.06315789371728897, "similarity-checking": 1.0, "award-numbers": 0.031578946858644485, "update-policies": 0.410526305437088, "resource-links": 0.8526315689086914, "open-references": 1.0}, "backfile": {"last-status-check-time": 1621224203324, "affiliations": 0.0, "abstracts": 0.0035714285913854837, "orcids": 0.08571428805589676, "licenses": 0.8500000238418579, "references": 0.9928571581840515, "funders": 0.05714285746216774, "similarity-checking": 1.0, "award-numbers": 0.02857142873108387, "update-policies": 0.4000000059604645, "resource-links": 0.8500000238418579, "open-references": 1.0}, "current": {"last-status-check-time": 1621224201196, "affiliations": 0.0, "abstracts": 0.0, "orcids": 0.800000011920929, "licenses": 1.0, "references": 1.0, "funders": 0.4000000059604645, "similarity-checking": 1.0, "award-numbers": 0.20000000298023224, "update-policies": 1.0, "resource-links": 1.0, "open-references": 1.0}}, "flags": {"deposits-abstracts-current": false, "deposits-orcids-current": true, "deposits": true, "deposits-affiliations-backfile": false, "deposits-update-policies-backfile": true, "deposits-similarity-checking-backfile": true, "deposits-award-numbers-current": true, "deposits-resource-links-current": true, "deposits-articles": true, "deposits-affiliations-current": false, "deposits-funders-current": true, "deposits-references-backfile": true, "deposits-abstracts-backfile": true, "deposits-licenses-backfile": true, "deposits-award-numbers-backfile": true, "deposits-open-references-backfile": true, "deposits-open-references-current": true, "deposits-references-current": true, "deposits-resource-links-backfile": true, "deposits-orcids-backfile": true, "deposits-funders-backfile": true, "deposits-update-policies-current": true, "deposits-similarity-checking-current": true, "deposits-licenses-current": true}, "ISSN": ["1472-6890", "1472-6890"], "issn-type": [{"value": "1472-6890", "type": "electronic"}, {"value": "1472-6890", "type": "print"}]}