{"last-status-check-time": 1621222906246, "counts": {"total-dois": 998, "current-dois": 60, "backfile-dois": 938}, "breakdowns": {"dois-by-issued-year": [[2007, 142], [2010, 122], [2008, 120], [2011, 76], [2009, 74], [2006, 63], [2015, 51], [2014, 49], [2016, 42], [2013, 42], [2012, 40], [2005, 28], [2020, 26], [2019, 25], [2018, 21], [2017, 17], [2004, 16], [2001, 15], [2003, 11], [2021, 9], [2002, 9]]}, "publisher": "Springer (Biomed Central Ltd.)", "coverage": {"affiliations-current": 0.0, "similarity-checking-current": 1.0, "funders-backfile": 0.09275053441524506, "licenses-backfile": 0.1492537260055542, "funders-current": 0.9333333373069763, "affiliations-backfile": 0.0, "resource-links-backfile": 0.1492537260055542, "orcids-backfile": 0.03837953135371208, "update-policies-current": 1.0, "open-references-backfile": 1.0, "orcids-current": 0.7166666388511658, "similarity-checking-backfile": 0.21321961283683777, "references-backfile": 0.38486140966415405, "award-numbers-backfile": 0.08635394275188446, "update-policies-backfile": 0.15458422899246216, "licenses-current": 1.0, "award-numbers-current": 0.8666666746139526, "abstracts-backfile": 0.0, "resource-links-current": 1.0, "abstracts-current": 0.5666666626930237, "open-references-current": 1.0, "references-current": 1.0}, "title": "BMC Developmental Biology", "subjects": [{"name": "Developmental Biology", "ASJC": 1309}], "coverage-type": {"all": {"last-status-check-time": 1621222899469, "affiliations": 0.0, "abstracts": 0.034068137407302856, "orcids": 0.07915831357240677, "licenses": 0.20040079951286316, "references": 0.42184367775917053, "funders": 0.1432865709066391, "similarity-checking": 0.2605210542678833, "award-numbers": 0.13326653838157654, "update-policies": 0.20541082322597504, "resource-links": 0.20040079951286316, "open-references": 1.0}, "backfile": {"last-status-check-time": 1621222897258, "affiliations": 0.0, "abstracts": 0.0, "orcids": 0.03837953135371208, "licenses": 0.1492537260055542, "references": 0.38486140966415405, "funders": 0.09275053441524506, "similarity-checking": 0.21321961283683777, "award-numbers": 0.08635394275188446, "update-policies": 0.15458422899246216, "resource-links": 0.1492537260055542, "open-references": 1.0}, "current": {"last-status-check-time": 1621222895037, "affiliations": 0.0, "abstracts": 0.5666666626930237, "orcids": 0.7166666388511658, "licenses": 1.0, "references": 1.0, "funders": 0.9333333373069763, "similarity-checking": 1.0, "award-numbers": 0.8666666746139526, "update-policies": 1.0, "resource-links": 1.0, "open-references": 1.0}}, "flags": {"deposits-abstracts-current": true, "deposits-orcids-current": true, "deposits": true, "deposits-affiliations-backfile": false, "deposits-update-policies-backfile": true, "deposits-similarity-checking-backfile": true, "deposits-award-numbers-current": true, "deposits-resource-links-current": true, "deposits-articles": true, "deposits-affiliations-current": false, "deposits-funders-current": true, "deposits-references-backfile": true, "deposits-abstracts-backfile": false, "deposits-licenses-backfile": true, "deposits-award-numbers-backfile": true, "deposits-open-references-backfile": true, "deposits-open-references-current": true, "deposits-references-current": true, "deposits-resource-links-backfile": true, "deposits-orcids-backfile": true, "deposits-funders-backfile": true, "deposits-update-policies-current": true, "deposits-similarity-checking-current": true, "deposits-licenses-current": true}, "ISSN": ["1471-213X", "1471-213X"], "issn-type": [{"value": "1471-213X", "type": "electronic"}, {"value": "1471-213X", "type": "print"}]}