{"last-status-check-time": 1621223289256, "counts": {"total-dois": 3294, "current-dois": 1194, "backfile-dois": 2100}, "breakdowns": {"dois-by-issued-year": [[2020, 531], [2019, 483], [2018, 383], [2017, 381], [2013, 281], [2015, 218], [2014, 207], [2016, 199], [2021, 180], [2012, 174], [2011, 70], [2009, 42], [2010, 36], [2008, 18], [2006, 18], [2004, 18], [2005, 17], [2007, 15], [2003, 10], [2002, 10], [2001, 2], [2000, 1]]}, "publisher": "Springer (Biomed Central Ltd.)", "coverage": {"affiliations-current": 0.0, "similarity-checking-current": 1.0, "funders-backfile": 0.24571429193019867, "licenses-backfile": 0.773809552192688, "funders-current": 0.49329984188079834, "affiliations-backfile": 0.0, "resource-links-backfile": 0.773809552192688, "orcids-backfile": 0.17380952835083008, "update-policies-current": 1.0, "open-references-backfile": 1.0, "orcids-current": 0.6105527877807617, "similarity-checking-backfile": 1.0, "references-backfile": 0.9985714554786682, "award-numbers-backfile": 0.18285714089870453, "update-policies-backfile": 0.633809506893158, "licenses-current": 1.0, "award-numbers-current": 0.4246231019496918, "abstracts-backfile": 0.0009523809421807528, "resource-links-current": 1.0, "abstracts-current": 0.5335008502006531, "open-references-current": 1.0, "references-current": 0.9983249306678772}, "title": "BMC Nephrology", "subjects": [{"name": "Nephrology", "ASJC": 2727}], "coverage-type": {"all": {"last-status-check-time": 1621223282285, "affiliations": 0.0, "abstracts": 0.19398906826972961, "orcids": 0.33211901783943176, "licenses": 0.8557984232902527, "references": 0.9984821081161499, "funders": 0.3354583978652954, "similarity-checking": 1.0, "award-numbers": 0.2704918086528778, "update-policies": 0.7665452361106873, "resource-links": 0.8557984232902527, "open-references": 1.0}, "backfile": {"last-status-check-time": 1621223279926, "affiliations": 0.0, "abstracts": 0.0009523809421807528, "orcids": 0.17380952835083008, "licenses": 0.773809552192688, "references": 0.9985714554786682, "funders": 0.24571429193019867, "similarity-checking": 1.0, "award-numbers": 0.18285714089870453, "update-policies": 0.633809506893158, "resource-links": 0.773809552192688, "open-references": 1.0}, "current": {"last-status-check-time": 1621223277649, "affiliations": 0.0, "abstracts": 0.5335008502006531, "orcids": 0.6105527877807617, "licenses": 1.0, "references": 0.9983249306678772, "funders": 0.49329984188079834, "similarity-checking": 1.0, "award-numbers": 0.4246231019496918, "update-policies": 1.0, "resource-links": 1.0, "open-references": 1.0}}, "flags": {"deposits-abstracts-current": true, "deposits-orcids-current": true, "deposits": true, "deposits-affiliations-backfile": false, "deposits-update-policies-backfile": true, "deposits-similarity-checking-backfile": true, "deposits-award-numbers-current": true, "deposits-resource-links-current": true, "deposits-articles": true, "deposits-affiliations-current": false, "deposits-funders-current": true, "deposits-references-backfile": true, "deposits-abstracts-backfile": true, "deposits-licenses-backfile": true, "deposits-award-numbers-backfile": true, "deposits-open-references-backfile": true, "deposits-open-references-current": true, "deposits-references-current": true, "deposits-resource-links-backfile": true, "deposits-orcids-backfile": true, "deposits-funders-backfile": true, "deposits-update-policies-current": true, "deposits-similarity-checking-current": true, "deposits-licenses-current": true}, "ISSN": ["1471-2369", "1471-2369"], "issn-type": [{"value": "1471-2369", "type": "electronic"}, {"value": "1471-2369", "type": "print"}]}