{"last-status-check-time": 1621223219187, "counts": {"total-dois": 2822, "current-dois": 869, "backfile-dois": 1953}, "breakdowns": {"dois-by-issued-year": [[2020, 414], [2019, 235], [2014, 225], [2021, 220], [2018, 189], [2015, 183], [2012, 183], [2013, 176], [2017, 171], [2011, 146], [2010, 146], [2016, 143], [2009, 99], [2008, 59], [2007, 46], [2006, 43], [2005, 39], [2003, 35], [2004, 33], [2002, 23], [2001, 14]]}, "publisher": "Springer (Biomed Central Ltd.)", "coverage": {"affiliations-current": 0.0, "similarity-checking-current": 1.0, "funders-backfile": 0.12544803321361542, "licenses-backfile": 0.8387096524238586, "funders-current": 0.45339471101760864, "affiliations-backfile": 0.0, "resource-links-backfile": 0.8387096524238586, "orcids-backfile": 0.08602150529623032, "update-policies-current": 1.0, "open-references-backfile": 1.0, "orcids-current": 0.5868814587593079, "similarity-checking-backfile": 1.0, "references-backfile": 0.997951865196228, "award-numbers-backfile": 0.095238097012043, "update-policies-backfile": 0.4301075339317322, "licenses-current": 1.0, "award-numbers-current": 0.4039125442504883, "abstracts-backfile": 0.0, "resource-links-current": 1.0, "abstracts-current": 0.6662830710411072, "open-references-current": 1.0, "references-current": 1.0}, "title": "BMC Gastroenterology", "subjects": [{"name": "General Medicine", "ASJC": 2700}, {"name": "Gastroenterology", "ASJC": 2715}], "coverage-type": {"all": {"last-status-check-time": 1621223212294, "affiliations": 0.0, "abstracts": 0.20517364144325256, "orcids": 0.24025513231754303, "licenses": 0.8883770108222961, "references": 0.9985825419425964, "funders": 0.22643515467643738, "similarity-checking": 1.0, "award-numbers": 0.19029057025909424, "update-policies": 0.6055988669395447, "resource-links": 0.8883770108222961, "open-references": 1.0}, "backfile": {"last-status-check-time": 1621223210047, "affiliations": 0.0, "abstracts": 0.0, "orcids": 0.08602150529623032, "licenses": 0.8387096524238586, "references": 0.997951865196228, "funders": 0.12544803321361542, "similarity-checking": 1.0, "award-numbers": 0.095238097012043, "update-policies": 0.4301075339317322, "resource-links": 0.8387096524238586, "open-references": 1.0}, "current": {"last-status-check-time": 1621223207823, "affiliations": 0.0, "abstracts": 0.6662830710411072, "orcids": 0.5868814587593079, "licenses": 1.0, "references": 1.0, "funders": 0.45339471101760864, "similarity-checking": 1.0, "award-numbers": 0.4039125442504883, "update-policies": 1.0, "resource-links": 1.0, "open-references": 1.0}}, "flags": {"deposits-abstracts-current": true, "deposits-orcids-current": true, "deposits": true, "deposits-affiliations-backfile": false, "deposits-update-policies-backfile": true, "deposits-similarity-checking-backfile": true, "deposits-award-numbers-current": true, "deposits-resource-links-current": true, "deposits-articles": true, "deposits-affiliations-current": false, "deposits-funders-current": true, "deposits-references-backfile": true, "deposits-abstracts-backfile": false, "deposits-licenses-backfile": true, "deposits-award-numbers-backfile": true, "deposits-open-references-backfile": true, "deposits-open-references-current": true, "deposits-references-current": true, "deposits-resource-links-backfile": true, "deposits-orcids-backfile": true, "deposits-funders-backfile": true, "deposits-update-policies-current": true, "deposits-similarity-checking-current": true, "deposits-licenses-current": true}, "ISSN": ["1471-230X", "1471-230X"], "issn-type": [{"value": "1471-230X", "type": "electronic"}, {"value": "1471-230X", "type": "print"}]}