{"last-status-check-time": 1621223346878, "counts": {"total-dois": 2527, "current-dois": 964, "backfile-dois": 1563}, "breakdowns": {"dois-by-issued-year": [[2020, 478], [2018, 341], [2019, 270], [2017, 270], [2016, 217], [2021, 216], [2015, 188], [2014, 166], [2013, 84], [2012, 65], [2011, 41], [2006, 38], [2010, 31], [2005, 29], [2008, 25], [2007, 20], [2004, 16], [2009, 15], [2003, 10], [2002, 4], [2001, 3]]}, "publisher": "Springer (Biomed Central Ltd.)", "coverage": {"affiliations-current": 0.0, "similarity-checking-current": 1.0, "funders-backfile": 0.2418426126241684, "licenses-backfile": 0.7108125686645508, "funders-current": 0.48858919739723206, "affiliations-backfile": 0.0, "resource-links-backfile": 0.7108125686645508, "orcids-backfile": 0.15419065952301025, "update-policies-current": 1.0, "open-references-backfile": 1.0, "orcids-current": 0.5580912828445435, "similarity-checking-backfile": 1.0, "references-backfile": 0.9968010187149048, "award-numbers-backfile": 0.19129878282546997, "update-policies-backfile": 0.726167619228363, "licenses-current": 1.0, "award-numbers-current": 0.4367219805717468, "abstracts-backfile": 0.0, "resource-links-current": 1.0, "abstracts-current": 0.6224066615104675, "open-references-current": 1.0, "references-current": 1.0}, "title": "BMC Ophthalmology", "subjects": [{"name": "General Medicine", "ASJC": 2700}, {"name": "Ophthalmology", "ASJC": 2731}], "coverage-type": {"all": {"last-status-check-time": 1621223339884, "affiliations": 0.0, "abstracts": 0.2374356985092163, "orcids": 0.308270663022995, "licenses": 0.8211317658424377, "references": 0.9980213642120361, "funders": 0.33597150444984436, "similarity-checking": 1.0, "award-numbers": 0.28492283821105957, "update-policies": 0.8306292295455933, "resource-links": 0.8211317658424377, "open-references": 1.0}, "backfile": {"last-status-check-time": 1621223337554, "affiliations": 0.0, "abstracts": 0.0, "orcids": 0.15419065952301025, "licenses": 0.7108125686645508, "references": 0.9968010187149048, "funders": 0.2418426126241684, "similarity-checking": 1.0, "award-numbers": 0.19129878282546997, "update-policies": 0.726167619228363, "resource-links": 0.7108125686645508, "open-references": 1.0}, "current": {"last-status-check-time": 1621223335374, "affiliations": 0.0, "abstracts": 0.6224066615104675, "orcids": 0.5580912828445435, "licenses": 1.0, "references": 1.0, "funders": 0.48858919739723206, "similarity-checking": 1.0, "award-numbers": 0.4367219805717468, "update-policies": 1.0, "resource-links": 1.0, "open-references": 1.0}}, "flags": {"deposits-abstracts-current": true, "deposits-orcids-current": true, "deposits": true, "deposits-affiliations-backfile": false, "deposits-update-policies-backfile": true, "deposits-similarity-checking-backfile": true, "deposits-award-numbers-current": true, "deposits-resource-links-current": true, "deposits-articles": true, "deposits-affiliations-current": false, "deposits-funders-current": true, "deposits-references-backfile": true, "deposits-abstracts-backfile": false, "deposits-licenses-backfile": true, "deposits-award-numbers-backfile": true, "deposits-open-references-backfile": true, "deposits-open-references-current": true, "deposits-references-current": true, "deposits-resource-links-backfile": true, "deposits-orcids-backfile": true, "deposits-funders-backfile": true, "deposits-update-policies-current": true, "deposits-similarity-checking-current": true, "deposits-licenses-current": true}, "ISSN": ["1471-2415", "1471-2415"], "issn-type": [{"value": "1471-2415", "type": "electronic"}, {"value": "1471-2415", "type": "print"}]}