{"last-status-check-time": 1621223230805, "counts": {"total-dois": 3338, "current-dois": 1232, "backfile-dois": 2106}, "breakdowns": {"dois-by-issued-year": [[2020, 540], [2019, 382], [2018, 323], [2021, 310], [2017, 298], [2010, 287], [2016, 216], [2015, 176], [2009, 159], [2011, 157], [2014, 145], [2013, 137], [2012, 78], [2008, 36], [2007, 30], [2006, 18], [2005, 18], [2004, 11], [2003, 7], [2002, 5], [2001, 5]]}, "publisher": "Springer (Biomed Central Ltd.)", "coverage": {"affiliations-current": 0.0, "similarity-checking-current": 1.0, "funders-backfile": 0.2787274420261383, "licenses-backfile": 0.7155745625495911, "funders-current": 0.6680194735527039, "affiliations-backfile": 0.0, "resource-links-backfile": 0.7155745625495911, "orcids-backfile": 0.1657170057296753, "update-policies-current": 1.0, "open-references-backfile": 1.0, "orcids-current": 0.7045454382896423, "similarity-checking-backfile": 0.9449192881584167, "references-backfile": 0.9031339287757874, "award-numbers-backfile": 0.20655269920825958, "update-policies-backfile": 0.527540385723114, "licenses-current": 1.0, "award-numbers-current": 0.5819805264472961, "abstracts-backfile": 0.0, "resource-links-current": 1.0, "abstracts-current": 0.6899350881576538, "open-references-current": 1.0, "references-current": 1.0}, "title": "BMC Geriatrics", "subjects": [{"name": "Geriatrics and Gerontology", "ASJC": 2717}], "coverage-type": {"all": {"last-status-check-time": 1621223223805, "affiliations": 0.0, "abstracts": 0.2546434998512268, "orcids": 0.3645895719528198, "licenses": 0.8205512166023254, "references": 0.9388855695724487, "funders": 0.4224086403846741, "similarity-checking": 0.9652486443519592, "award-numbers": 0.34511682391166687, "update-policies": 0.701917290687561, "resource-links": 0.8205512166023254, "open-references": 1.0}, "backfile": {"last-status-check-time": 1621223221623, "affiliations": 0.0, "abstracts": 0.0, "orcids": 0.1657170057296753, "licenses": 0.7155745625495911, "references": 0.9031339287757874, "funders": 0.2787274420261383, "similarity-checking": 0.9449192881584167, "award-numbers": 0.20655269920825958, "update-policies": 0.527540385723114, "resource-links": 0.7155745625495911, "open-references": 1.0}, "current": {"last-status-check-time": 1621223219297, "affiliations": 0.0, "abstracts": 0.6899350881576538, "orcids": 0.7045454382896423, "licenses": 1.0, "references": 1.0, "funders": 0.6680194735527039, "similarity-checking": 1.0, "award-numbers": 0.5819805264472961, "update-policies": 1.0, "resource-links": 1.0, "open-references": 1.0}}, "flags": {"deposits-abstracts-current": true, "deposits-orcids-current": true, "deposits": true, "deposits-affiliations-backfile": false, "deposits-update-policies-backfile": true, "deposits-similarity-checking-backfile": true, "deposits-award-numbers-current": true, "deposits-resource-links-current": true, "deposits-articles": true, "deposits-affiliations-current": false, "deposits-funders-current": true, "deposits-references-backfile": true, "deposits-abstracts-backfile": false, "deposits-licenses-backfile": true, "deposits-award-numbers-backfile": true, "deposits-open-references-backfile": true, "deposits-open-references-current": true, "deposits-references-current": true, "deposits-resource-links-backfile": true, "deposits-orcids-backfile": true, "deposits-funders-backfile": true, "deposits-update-policies-current": true, "deposits-similarity-checking-current": true, "deposits-licenses-current": true}, "ISSN": ["1471-2318", "1471-2318"], "issn-type": [{"value": "1471-2318", "type": "electronic"}, {"value": "1471-2318", "type": "print"}]}