{"last-status-check-time": 1621223125440, "counts": {"total-dois": 4667, "current-dois": 155, "backfile-dois": 4512}, "breakdowns": {"dois-by-issued-year": [[2013, 622], [2009, 555], [2011, 538], [2015, 422], [2007, 385], [2014, 379], [2010, 376], [2012, 369], [2008, 321], [2006, 93], [2016, 83], [2018, 82], [2017, 82], [2005, 71], [2019, 66], [2004, 58], [2020, 54], [2021, 35], [2003, 33], [2002, 21], [2001, 21], [2000, 1]]}, "publisher": "Springer (Biomed Central Ltd.)", "coverage": {"affiliations-current": 0.0, "similarity-checking-current": 1.0, "funders-backfile": 0.043218083679676056, "licenses-backfile": 0.6028369069099426, "funders-current": 0.7483870983123779, "affiliations-backfile": 0.0, "resource-links-backfile": 0.6028369069099426, "orcids-backfile": 0.02504432573914528, "update-policies-current": 0.9935483932495117, "open-references-backfile": 1.0, "orcids-current": 0.896774172782898, "similarity-checking-backfile": 0.7522163391113281, "references-backfile": 0.7389184236526489, "award-numbers-backfile": 0.03723404183983803, "update-policies-backfile": 0.2016844004392624, "licenses-current": 1.0, "award-numbers-current": 0.6645161509513855, "abstracts-backfile": 0.00044326239731162786, "resource-links-current": 1.0, "abstracts-current": 0.5935483574867249, "open-references-current": 1.0, "references-current": 0.9870967864990234}, "title": "BMC Neuroscience", "subjects": [{"name": "General Neuroscience", "ASJC": 2800}, {"name": "Cellular and Molecular Neuroscience", "ASJC": 2804}], "coverage-type": {"all": {"last-status-check-time": 1621223118248, "affiliations": 0.0, "abstracts": 0.020141419023275375, "orcids": 0.053996141999959946, "licenses": 0.6160274147987366, "references": 0.7471609115600586, "funders": 0.06663809716701508, "similarity-checking": 0.7604456543922424, "award-numbers": 0.05806728079915047, "update-policies": 0.22798371315002441, "resource-links": 0.6160274147987366, "open-references": 1.0}, "backfile": {"last-status-check-time": 1621223115738, "affiliations": 0.0, "abstracts": 0.00044326239731162786, "orcids": 0.02504432573914528, "licenses": 0.6028369069099426, "references": 0.7389184236526489, "funders": 0.043218083679676056, "similarity-checking": 0.7522163391113281, "award-numbers": 0.03723404183983803, "update-policies": 0.2016844004392624, "resource-links": 0.6028369069099426, "open-references": 1.0}, "current": {"last-status-check-time": 1621223113376, "affiliations": 0.0, "abstracts": 0.5935483574867249, "orcids": 0.896774172782898, "licenses": 1.0, "references": 0.9870967864990234, "funders": 0.7483870983123779, "similarity-checking": 1.0, "award-numbers": 0.6645161509513855, "update-policies": 0.9935483932495117, "resource-links": 1.0, "open-references": 1.0}}, "flags": {"deposits-abstracts-current": true, "deposits-orcids-current": true, "deposits": true, "deposits-affiliations-backfile": false, "deposits-update-policies-backfile": true, "deposits-similarity-checking-backfile": true, "deposits-award-numbers-current": true, "deposits-resource-links-current": true, "deposits-articles": true, "deposits-affiliations-current": false, "deposits-funders-current": true, "deposits-references-backfile": true, "deposits-abstracts-backfile": true, "deposits-licenses-backfile": true, "deposits-award-numbers-backfile": true, "deposits-open-references-backfile": true, "deposits-open-references-current": true, "deposits-references-current": true, "deposits-resource-links-backfile": true, "deposits-orcids-backfile": true, "deposits-funders-backfile": true, "deposits-update-policies-current": true, "deposits-similarity-checking-current": true, "deposits-licenses-current": true}, "ISSN": ["1471-2202", "1471-2202"], "issn-type": [{"value": "1471-2202", "type": "electronic"}, {"value": "1471-2202", "type": "print"}]}