{"last-status-check-time": 1621224234770, "counts": {"total-dois": 3560, "current-dois": 1269, "backfile-dois": 2291}, "breakdowns": {"dois-by-issued-year": [[2020, 514], [2019, 479], [2018, 325], [2016, 316], [2014, 297], [2021, 276], [2017, 267], [2015, 237], [2013, 175], [2012, 127], [2011, 104], [2010, 94], [2009, 78], [2008, 61], [2006, 59], [2007, 52], [2005, 40], [2004, 32], [2003, 12], [2002, 8], [2001, 7]]}, "publisher": "Springer (Biomed Central Ltd.)", "coverage": {"affiliations-current": 0.0, "similarity-checking-current": 1.0, "funders-backfile": 0.16673941910266876, "licenses-backfile": 0.797468364238739, "funders-current": 0.37903860211372375, "affiliations-backfile": 0.0, "resource-links-backfile": 0.797468364238739, "orcids-backfile": 0.1737232655286789, "update-policies-current": 1.0, "open-references-backfile": 1.0, "orcids-current": 0.6863672137260437, "similarity-checking-backfile": 0.9991270303726196, "references-backfile": 0.9982540607452393, "award-numbers-backfile": 0.10126582533121109, "update-policies-backfile": 0.594936728477478, "licenses-current": 1.0, "award-numbers-current": 0.3065405786037445, "abstracts-backfile": 0.00043649060535244644, "resource-links-current": 1.0, "abstracts-current": 0.6201733350753784, "open-references-current": 1.0, "references-current": 1.0}, "title": "BMC Medical Education", "subjects": [{"name": "General Medicine", "ASJC": 2700}, {"name": "Education", "ASJC": 3304}], "coverage-type": {"all": {"last-status-check-time": 1621224227880, "affiliations": 0.0, "abstracts": 0.22134831547737122, "orcids": 0.35646066069602966, "licenses": 0.8696629405021667, "references": 0.9988763928413391, "funders": 0.24241572618484497, "similarity-checking": 0.9994382262229919, "award-numbers": 0.1744382083415985, "update-policies": 0.7393258213996887, "resource-links": 0.8696629405021667, "open-references": 1.0}, "backfile": {"last-status-check-time": 1621224225644, "affiliations": 0.0, "abstracts": 0.00043649060535244644, "orcids": 0.1737232655286789, "licenses": 0.797468364238739, "references": 0.9982540607452393, "funders": 0.16673941910266876, "similarity-checking": 0.9991270303726196, "award-numbers": 0.10126582533121109, "update-policies": 0.594936728477478, "resource-links": 0.797468364238739, "open-references": 1.0}, "current": {"last-status-check-time": 1621224223345, "affiliations": 0.0, "abstracts": 0.6201733350753784, "orcids": 0.6863672137260437, "licenses": 1.0, "references": 1.0, "funders": 0.37903860211372375, "similarity-checking": 1.0, "award-numbers": 0.3065405786037445, "update-policies": 1.0, "resource-links": 1.0, "open-references": 1.0}}, "flags": {"deposits-abstracts-current": true, "deposits-orcids-current": true, "deposits": true, "deposits-affiliations-backfile": false, "deposits-update-policies-backfile": true, "deposits-similarity-checking-backfile": true, "deposits-award-numbers-current": true, "deposits-resource-links-current": true, "deposits-articles": true, "deposits-affiliations-current": false, "deposits-funders-current": true, "deposits-references-backfile": true, "deposits-abstracts-backfile": true, "deposits-licenses-backfile": true, "deposits-award-numbers-backfile": true, "deposits-open-references-backfile": true, "deposits-open-references-current": true, "deposits-references-current": true, "deposits-resource-links-backfile": true, "deposits-orcids-backfile": true, "deposits-funders-backfile": true, "deposits-update-policies-current": true, "deposits-similarity-checking-current": true, "deposits-licenses-current": true}, "ISSN": ["1472-6920", "1472-6920"], "issn-type": [{"value": "1472-6920", "type": "electronic"}, {"value": "1472-6920", "type": "print"}]}