{"last-status-check-time": 1621224257618, "counts": {"total-dois": 2302, "current-dois": 772, "backfile-dois": 1530}, "breakdowns": {"dois-by-issued-year": [[2020, 344], [2019, 290], [2017, 182], [2013, 167], [2015, 164], [2012, 159], [2018, 139], [2021, 138], [2016, 138], [2014, 125], [2011, 78], [2010, 76], [2008, 70], [2009, 60], [2006, 42], [2007, 41], [2005, 38], [2004, 23], [2003, 13], [2002, 9], [2001, 6]]}, "publisher": "Springer (Biomed Central Ltd.)", "coverage": {"affiliations-current": 0.0, "similarity-checking-current": 1.0, "funders-backfile": 0.17124183475971222, "licenses-backfile": 0.8300653696060181, "funders-current": 0.522020697593689, "affiliations-backfile": 0.0, "resource-links-backfile": 0.8300653696060181, "orcids-backfile": 0.14575164020061493, "update-policies-current": 1.0, "open-references-backfile": 1.0, "orcids-current": 0.7746114134788513, "similarity-checking-backfile": 0.9947712421417236, "references-backfile": 0.9967319965362549, "award-numbers-backfile": 0.1267973929643631, "update-policies-backfile": 0.4673202633857727, "licenses-current": 1.0, "award-numbers-current": 0.45207253098487854, "abstracts-backfile": 0.0, "resource-links-current": 1.0, "abstracts-current": 0.6101036071777344, "open-references-current": 1.0, "references-current": 1.0}, "title": "BMC Medical Informatics and Decision Making", "subjects": [{"name": "Health Informatics", "ASJC": 2718}, {"name": "Health Policy", "ASJC": 2719}], "coverage-type": {"all": {"last-status-check-time": 1621224250678, "affiliations": 0.0, "abstracts": 0.20460468530654907, "orcids": 0.3566463887691498, "licenses": 0.8870547413825989, "references": 0.99782794713974, "funders": 0.28887924551963806, "similarity-checking": 0.9965247511863708, "award-numbers": 0.23588183522224426, "update-policies": 0.6459600329399109, "resource-links": 0.8870547413825989, "open-references": 1.0}, "backfile": {"last-status-check-time": 1621224248398, "affiliations": 0.0, "abstracts": 0.0, "orcids": 0.14575164020061493, "licenses": 0.8300653696060181, "references": 0.9967319965362549, "funders": 0.17124183475971222, "similarity-checking": 0.9947712421417236, "award-numbers": 0.1267973929643631, "update-policies": 0.4673202633857727, "resource-links": 0.8300653696060181, "open-references": 1.0}, "current": {"last-status-check-time": 1621224246025, "affiliations": 0.0, "abstracts": 0.6101036071777344, "orcids": 0.7746114134788513, "licenses": 1.0, "references": 1.0, "funders": 0.522020697593689, "similarity-checking": 1.0, "award-numbers": 0.45207253098487854, "update-policies": 1.0, "resource-links": 1.0, "open-references": 1.0}}, "flags": {"deposits-abstracts-current": true, "deposits-orcids-current": true, "deposits": true, "deposits-affiliations-backfile": false, "deposits-update-policies-backfile": true, "deposits-similarity-checking-backfile": true, "deposits-award-numbers-current": true, "deposits-resource-links-current": true, "deposits-articles": true, "deposits-affiliations-current": false, "deposits-funders-current": true, "deposits-references-backfile": true, "deposits-abstracts-backfile": false, "deposits-licenses-backfile": true, "deposits-award-numbers-backfile": true, "deposits-open-references-backfile": true, "deposits-open-references-current": true, "deposits-references-current": true, "deposits-resource-links-backfile": true, "deposits-orcids-backfile": true, "deposits-funders-backfile": true, "deposits-update-policies-current": true, "deposits-similarity-checking-current": true, "deposits-licenses-current": true}, "ISSN": ["1472-6947", "1472-6947"], "issn-type": [{"value": "1472-6947", "type": "electronic"}, {"value": "1472-6947", "type": "print"}]}