{"last-status-check-time": 1621224201164, "counts": {"total-dois": 4401, "current-dois": 374, "backfile-dois": 4027}, "breakdowns": {"dois-by-issued-year": [[2012, 764], [2017, 556], [2014, 516], [2015, 507], [2016, 466], [2013, 375], [2019, 374], [2018, 345], [2011, 138], [2010, 82], [2008, 66], [2009, 53], [2007, 44], [2006, 41], [2005, 22], [2004, 19], [2002, 13], [2001, 12], [2003, 8]]}, "publisher": "Springer (Biomed Central Ltd.)", "coverage": {"affiliations-current": 0.0, "similarity-checking-current": 1.0, "funders-backfile": 0.22100819647312164, "licenses-backfile": 0.7628507614135742, "funders-current": 0.6978609561920166, "affiliations-backfile": 0.0, "resource-links-backfile": 0.7628507614135742, "orcids-backfile": 0.08939657360315323, "update-policies-current": 1.0, "open-references-backfile": 1.0, "orcids-current": 0.6417112350463867, "similarity-checking-backfile": 0.988577127456665, "references-backfile": 0.8750931024551392, "award-numbers-backfile": 0.18698783218860626, "update-policies-backfile": 0.5612118244171143, "licenses-current": 1.0, "award-numbers-current": 0.6470588445663452, "abstracts-backfile": 0.0002483238058630377, "resource-links-current": 1.0, "abstracts-current": 0.3342246115207672, "open-references-current": 1.0, "references-current": 1.0}, "title": "BMC Complementary and Alternative Medicine", "subjects": [{"name": "General Medicine", "ASJC": 2700}, {"name": "Complementary and alternative medicine", "ASJC": 2707}], "coverage-type": {"all": {"last-status-check-time": 1621224194072, "affiliations": 0.0, "abstracts": 0.028629856184124947, "orcids": 0.1363326460123062, "licenses": 0.7830038666725159, "references": 0.8857077956199646, "funders": 0.2615314722061157, "similarity-checking": 0.989547848701477, "award-numbers": 0.22608497738838196, "update-policies": 0.5985003113746643, "resource-links": 0.7830038666725159, "open-references": 1.0}, "backfile": {"last-status-check-time": 1621224191852, "affiliations": 0.0, "abstracts": 0.0002483238058630377, "orcids": 0.08939657360315323, "licenses": 0.7628507614135742, "references": 0.8750931024551392, "funders": 0.22100819647312164, "similarity-checking": 0.988577127456665, "award-numbers": 0.18698783218860626, "update-policies": 0.5612118244171143, "resource-links": 0.7628507614135742, "open-references": 1.0}, "current": {"last-status-check-time": 1621224189667, "affiliations": 0.0, "abstracts": 0.3342246115207672, "orcids": 0.6417112350463867, "licenses": 1.0, "references": 1.0, "funders": 0.6978609561920166, "similarity-checking": 1.0, "award-numbers": 0.6470588445663452, "update-policies": 1.0, "resource-links": 1.0, "open-references": 1.0}}, "flags": {"deposits-abstracts-current": true, "deposits-orcids-current": true, "deposits": true, "deposits-affiliations-backfile": false, "deposits-update-policies-backfile": true, "deposits-similarity-checking-backfile": true, "deposits-award-numbers-current": true, "deposits-resource-links-current": true, "deposits-articles": true, "deposits-affiliations-current": false, "deposits-funders-current": true, "deposits-references-backfile": true, "deposits-abstracts-backfile": true, "deposits-licenses-backfile": true, "deposits-award-numbers-backfile": true, "deposits-open-references-backfile": true, "deposits-open-references-current": true, "deposits-references-current": true, "deposits-resource-links-backfile": true, "deposits-orcids-backfile": true, "deposits-funders-backfile": true, "deposits-update-policies-current": true, "deposits-similarity-checking-current": true, "deposits-licenses-current": true}, "ISSN": ["1472-6882", "1472-6882"], "issn-type": [{"value": "1472-6882", "type": "electronic"}, {"value": "1472-6882", "type": "print"}]}