{"last-status-check-time": 1621224154919, "counts": {"total-dois": 1071, "current-dois": 429, "backfile-dois": 642}, "breakdowns": {"dois-by-issued-year": [[2020, 186], [2019, 145], [2021, 98], [2018, 98], [2014, 98], [2015, 84], [2017, 77], [2016, 70], [2013, 61], [2012, 33], [2009, 22], [2010, 21], [2008, 20], [2011, 19], [2007, 10], [2005, 10], [2006, 6], [2003, 5], [2004, 4], [2002, 3], [2001, 1]]}, "publisher": "Springer (Biomed Central Ltd.)", "coverage": {"affiliations-current": 0.0, "similarity-checking-current": 1.0, "funders-backfile": 0.22274143993854523, "licenses-backfile": 0.7943925261497498, "funders-current": 0.5081585049629211, "affiliations-backfile": 0.0, "resource-links-backfile": 0.7943925261497498, "orcids-backfile": 0.12772585451602936, "update-policies-current": 1.0, "open-references-backfile": 1.0, "orcids-current": 0.6550116539001465, "similarity-checking-backfile": 1.0, "references-backfile": 0.9968847632408142, "award-numbers-backfile": 0.15887850522994995, "update-policies-backfile": 0.6090342402458191, "licenses-current": 1.0, "award-numbers-current": 0.4545454680919647, "abstracts-backfile": 0.0015576323494315147, "resource-links-current": 1.0, "abstracts-current": 0.6130536198616028, "open-references-current": 1.0, "references-current": 1.0}, "title": "BMC Endocrine Disorders", "subjects": [{"name": "General Medicine", "ASJC": 2700}, {"name": "Endocrinology, Diabetes and Metabolism", "ASJC": 2712}], "coverage-type": {"all": {"last-status-check-time": 1621224147881, "affiliations": 0.0, "abstracts": 0.24649859964847565, "orcids": 0.33893558382987976, "licenses": 0.8767507076263428, "references": 0.998132586479187, "funders": 0.3370681703090668, "similarity-checking": 1.0, "award-numbers": 0.27731093764305115, "update-policies": 0.76563960313797, "resource-links": 0.8767507076263428, "open-references": 1.0}, "backfile": {"last-status-check-time": 1621224145555, "affiliations": 0.0, "abstracts": 0.0015576323494315147, "orcids": 0.12772585451602936, "licenses": 0.7943925261497498, "references": 0.9968847632408142, "funders": 0.22274143993854523, "similarity-checking": 1.0, "award-numbers": 0.15887850522994995, "update-policies": 0.6090342402458191, "resource-links": 0.7943925261497498, "open-references": 1.0}, "current": {"last-status-check-time": 1621224143361, "affiliations": 0.0, "abstracts": 0.6130536198616028, "orcids": 0.6550116539001465, "licenses": 1.0, "references": 1.0, "funders": 0.5081585049629211, "similarity-checking": 1.0, "award-numbers": 0.4545454680919647, "update-policies": 1.0, "resource-links": 1.0, "open-references": 1.0}}, "flags": {"deposits-abstracts-current": true, "deposits-orcids-current": true, "deposits": true, "deposits-affiliations-backfile": false, "deposits-update-policies-backfile": true, "deposits-similarity-checking-backfile": true, "deposits-award-numbers-current": true, "deposits-resource-links-current": true, "deposits-articles": true, "deposits-affiliations-current": false, "deposits-funders-current": true, "deposits-references-backfile": true, "deposits-abstracts-backfile": true, "deposits-licenses-backfile": true, "deposits-award-numbers-backfile": true, "deposits-open-references-backfile": true, "deposits-open-references-current": true, "deposits-references-current": true, "deposits-resource-links-backfile": true, "deposits-orcids-backfile": true, "deposits-funders-backfile": true, "deposits-update-policies-current": true, "deposits-similarity-checking-current": true, "deposits-licenses-current": true}, "ISSN": ["1472-6823", "1472-6823"], "issn-type": [{"value": "1472-6823", "type": "electronic"}, {"value": "1472-6823", "type": "print"}]}