{"last-status-check-time": 1617044583381, "counts": {"total-dois": 187, "current-dois": 13, "backfile-dois": 174}, "breakdowns": {"dois-by-issued-year": [[2018, 38], [2016, 30], [2017, 22], [2015, 19], [2014, 18], [2019, 13], [2010, 9], [2009, 7], [2006, 7], [2004, 6], [2005, 5], [2002, 5], [2003, 3], [2008, 2], [2001, 2], [2007, 1]]}, "publisher": "Springer (Biomed Central Ltd.)", "coverage": {"affiliations-current": 0.0, "similarity-checking-current": 1.0, "funders-backfile": 0.18390804529190063, "licenses-backfile": 0.7816091775894165, "funders-current": 0.23076923191547394, "affiliations-backfile": 0.0, "resource-links-backfile": 0.7816091775894165, "orcids-backfile": 0.18390804529190063, "update-policies-current": 1.0, "open-references-backfile": 1.0, "orcids-current": 0.4615384638309479, "similarity-checking-backfile": 1.0, "references-backfile": 0.982758641242981, "award-numbers-backfile": 0.08045977354049683, "update-policies-backfile": 0.6839080452919006, "licenses-current": 1.0, "award-numbers-current": 0.1538461595773697, "abstracts-backfile": 0.005747126415371895, "resource-links-current": 1.0, "abstracts-current": 0.07692307978868484, "open-references-current": 1.0, "references-current": 1.0}, "title": "BMC Hematology", "subjects": [], "coverage-type": {"all": {"last-status-check-time": 1617044574020, "affiliations": 0.0, "abstracts": 0.010695187374949455, "orcids": 0.2032085508108139, "licenses": 0.7967914342880249, "references": 0.9839572310447693, "funders": 0.1871657818555832, "similarity-checking": 1.0, "award-numbers": 0.08556149899959564, "update-policies": 0.7058823704719543, "resource-links": 0.7967914342880249, "open-references": 1.0}, "backfile": {"last-status-check-time": 1617044570983, "affiliations": 0.0, "abstracts": 0.005747126415371895, "orcids": 0.18390804529190063, "licenses": 0.7816091775894165, "references": 0.982758641242981, "funders": 0.18390804529190063, "similarity-checking": 1.0, "award-numbers": 0.08045977354049683, "update-policies": 0.6839080452919006, "resource-links": 0.7816091775894165, "open-references": 1.0}, "current": {"last-status-check-time": 1617044568512, "affiliations": 0.0, "abstracts": 0.07692307978868484, "orcids": 0.4615384638309479, "licenses": 1.0, "references": 1.0, "funders": 0.23076923191547394, "similarity-checking": 1.0, "award-numbers": 0.1538461595773697, "update-policies": 1.0, "resource-links": 1.0, "open-references": 1.0}}, "flags": {"deposits-abstracts-current": true, "deposits-orcids-current": true, "deposits": true, "deposits-affiliations-backfile": false, "deposits-update-policies-backfile": true, "deposits-similarity-checking-backfile": true, "deposits-award-numbers-current": true, "deposits-resource-links-current": true, "deposits-articles": true, "deposits-affiliations-current": false, "deposits-funders-current": true, "deposits-references-backfile": true, "deposits-abstracts-backfile": true, "deposits-licenses-backfile": true, "deposits-award-numbers-backfile": true, "deposits-open-references-backfile": true, "deposits-open-references-current": true, "deposits-references-current": true, "deposits-resource-links-backfile": true, "deposits-orcids-backfile": true, "deposits-funders-backfile": true, "deposits-update-policies-current": true, "deposits-similarity-checking-current": true, "deposits-licenses-current": true}, "ISSN": ["2052-1839", "2052-1839"], "issn-type": [{"value": "2052-1839", "type": "electronic"}, {"value": "2052-1839", "type": "print"}]}