{"last-status-check-time": 1621223207722, "counts": {"total-dois": 2434, "current-dois": 551, "backfile-dois": 1883}, "breakdowns": {"dois-by-issued-year": [[2020, 276], [2014, 212], [2018, 202], [2013, 202], [2015, 183], [2019, 180], [2016, 174], [2011, 144], [2012, 129], [2017, 115], [2010, 100], [2021, 95], [2009, 82], [2006, 75], [2008, 69], [2007, 65], [2005, 52], [2004, 31], [2003, 20], [2002, 20], [2001, 6], [2000, 2]]}, "publisher": "Springer (Biomed Central Ltd.)", "coverage": {"affiliations-current": 0.0, "similarity-checking-current": 1.0, "funders-backfile": 0.18003186583518982, "licenses-backfile": 0.867233157157898, "funders-current": 0.6642467975616455, "affiliations-backfile": 0.0, "resource-links-backfile": 0.867233157157898, "orcids-backfile": 0.12480085343122482, "update-policies-current": 1.0, "open-references-backfile": 1.0, "orcids-current": 0.7876588106155396, "similarity-checking-backfile": 1.0, "references-backfile": 0.9984068274497986, "award-numbers-backfile": 0.11152416467666626, "update-policies-backfile": 0.4344131648540497, "licenses-current": 1.0, "award-numbers-current": 0.5372051000595093, "abstracts-backfile": 0.0, "resource-links-current": 1.0, "abstracts-current": 0.6007259488105774, "open-references-current": 1.0, "references-current": 1.0}, "title": "BMC Family Practice", "subjects": [{"name": "Family Practice", "ASJC": 2714}], "coverage-type": {"all": {"last-status-check-time": 1621223200708, "affiliations": 0.0, "abstracts": 0.13599014282226562, "orcids": 0.27485620975494385, "licenses": 0.89728844165802, "references": 0.9987674355506897, "funders": 0.2896466851234436, "similarity-checking": 1.0, "award-numbers": 0.20788824558258057, "update-policies": 0.5624486207962036, "resource-links": 0.89728844165802, "open-references": 1.0}, "backfile": {"last-status-check-time": 1621223198183, "affiliations": 0.0, "abstracts": 0.0, "orcids": 0.12480085343122482, "licenses": 0.867233157157898, "references": 0.9984068274497986, "funders": 0.18003186583518982, "similarity-checking": 1.0, "award-numbers": 0.11152416467666626, "update-policies": 0.4344131648540497, "resource-links": 0.867233157157898, "open-references": 1.0}, "current": {"last-status-check-time": 1621223195826, "affiliations": 0.0, "abstracts": 0.6007259488105774, "orcids": 0.7876588106155396, "licenses": 1.0, "references": 1.0, "funders": 0.6642467975616455, "similarity-checking": 1.0, "award-numbers": 0.5372051000595093, "update-policies": 1.0, "resource-links": 1.0, "open-references": 1.0}}, "flags": {"deposits-abstracts-current": true, "deposits-orcids-current": true, "deposits": true, "deposits-affiliations-backfile": false, "deposits-update-policies-backfile": true, "deposits-similarity-checking-backfile": true, "deposits-award-numbers-current": true, "deposits-resource-links-current": true, "deposits-articles": true, "deposits-affiliations-current": false, "deposits-funders-current": true, "deposits-references-backfile": true, "deposits-abstracts-backfile": false, "deposits-licenses-backfile": true, "deposits-award-numbers-backfile": true, "deposits-open-references-backfile": true, "deposits-open-references-current": true, "deposits-references-current": true, "deposits-resource-links-backfile": true, "deposits-orcids-backfile": true, "deposits-funders-backfile": true, "deposits-update-policies-current": true, "deposits-similarity-checking-current": true, "deposits-licenses-current": true}, "ISSN": ["1471-2296", "1471-2296"], "issn-type": [{"value": "1471-2296", "type": "electronic"}, {"value": "1471-2296", "type": "print"}]}