{"last-status-check-time": 1621224143260, "counts": {"total-dois": 171, "current-dois": 1, "backfile-dois": 170}, "breakdowns": {"dois-by-issued-year": [[2018, 17], [2006, 16], [2017, 15], [2012, 15], [2016, 13], [2014, 13], [2013, 13], [2009, 13], [2005, 12], [2011, 9], [2008, 8], [2015, 7], [2010, 6], [2007, 5], [2004, 3], [2002, 3], [2019, 1], [2003, 1], [2001, 1]]}, "publisher": "Springer (Biomed Central Ltd.)", "coverage": {"affiliations-current": 0.0, "similarity-checking-current": 1.0, "funders-backfile": 0.07058823853731155, "licenses-backfile": 0.8882352709770203, "funders-current": 1.0, "affiliations-backfile": 0.0, "resource-links-backfile": 0.8882352709770203, "orcids-backfile": 0.12941177189350128, "update-policies-current": 1.0, "open-references-backfile": 1.0, "orcids-current": 0.0, "similarity-checking-backfile": 1.0, "references-backfile": 0.9764705896377563, "award-numbers-backfile": 0.03529411926865578, "update-policies-backfile": 0.3705882430076599, "licenses-current": 1.0, "award-numbers-current": 1.0, "abstracts-backfile": 0.0, "resource-links-current": 1.0, "abstracts-current": 0.0, "open-references-current": 1.0, "references-current": 1.0}, "title": "BMC Ear Nose and Throat Disorders", "subjects": [{"name": "Otorhinolaryngology", "ASJC": 2733}], "coverage-type": {"all": {"last-status-check-time": 1621224136332, "affiliations": 0.0, "abstracts": 0.0, "orcids": 0.12865497171878815, "licenses": 0.8888888955116272, "references": 0.9766082167625427, "funders": 0.0760233923792839, "similarity-checking": 1.0, "award-numbers": 0.04093567281961441, "update-policies": 0.3742690086364746, "resource-links": 0.8888888955116272, "open-references": 1.0}, "backfile": {"last-status-check-time": 1621224134221, "affiliations": 0.0, "abstracts": 0.0, "orcids": 0.12941177189350128, "licenses": 0.8882352709770203, "references": 0.9764705896377563, "funders": 0.07058823853731155, "similarity-checking": 1.0, "award-numbers": 0.03529411926865578, "update-policies": 0.3705882430076599, "resource-links": 0.8882352709770203, "open-references": 1.0}, "current": {"last-status-check-time": 1621224132151, "affiliations": 0.0, "abstracts": 0.0, "orcids": 0.0, "licenses": 1.0, "references": 1.0, "funders": 1.0, "similarity-checking": 1.0, "award-numbers": 1.0, "update-policies": 1.0, "resource-links": 1.0, "open-references": 1.0}}, "flags": {"deposits-abstracts-current": false, "deposits-orcids-current": false, "deposits": true, "deposits-affiliations-backfile": false, "deposits-update-policies-backfile": true, "deposits-similarity-checking-backfile": true, "deposits-award-numbers-current": true, "deposits-resource-links-current": true, "deposits-articles": true, "deposits-affiliations-current": false, "deposits-funders-current": true, "deposits-references-backfile": true, "deposits-abstracts-backfile": false, "deposits-licenses-backfile": true, "deposits-award-numbers-backfile": true, "deposits-open-references-backfile": true, "deposits-open-references-current": true, "deposits-references-current": true, "deposits-resource-links-backfile": true, "deposits-orcids-backfile": true, "deposits-funders-backfile": true, "deposits-update-policies-current": true, "deposits-similarity-checking-current": true, "deposits-licenses-current": true}, "ISSN": ["1472-6815", "1472-6815"], "issn-type": [{"value": "1472-6815", "type": "electronic"}, {"value": "1472-6815", "type": "print"}]}