{"last-status-check-time": 1621224166668, "counts": {"total-dois": 2133, "current-dois": 923, "backfile-dois": 1210}, "breakdowns": {"dois-by-issued-year": [[2020, 362], [2019, 298], [2021, 263], [2018, 228], [2015, 183], [2016, 167], [2014, 161], [2017, 134], [2013, 74], [2012, 60], [2011, 35], [2009, 35], [2008, 34], [2006, 33], [2010, 24], [2007, 18], [2005, 9], [2003, 5], [2004, 4], [2002, 4], [2001, 2]]}, "publisher": "Springer (Biomed Central Ltd.)", "coverage": {"affiliations-current": 0.0, "similarity-checking-current": 1.0, "funders-backfile": 0.2132231444120407, "licenses-backfile": 0.7851239442825317, "funders-current": 0.4279523193836212, "affiliations-backfile": 0.0, "resource-links-backfile": 0.7851239442825317, "orcids-backfile": 0.16694214940071106, "update-policies-current": 0.9989165663719177, "open-references-backfile": 1.0, "orcids-current": 0.6684723496437073, "similarity-checking-backfile": 0.9983471035957336, "references-backfile": 0.9942148923873901, "award-numbers-backfile": 0.15041323006153107, "update-policies-backfile": 0.6909090876579285, "licenses-current": 1.0, "award-numbers-current": 0.3531961143016815, "abstracts-backfile": 0.0, "resource-links-current": 1.0, "abstracts-current": 0.654387891292572, "open-references-current": 1.0, "references-current": 0.9989165663719177}, "title": "BMC Oral Health", "subjects": [{"name": "General Dentistry", "ASJC": 3500}], "coverage-type": {"all": {"last-status-check-time": 1621224159610, "affiliations": 0.0, "abstracts": 0.2831692397594452, "orcids": 0.38396623730659485, "licenses": 0.8781059384346008, "references": 0.9962494373321533, "funders": 0.30614158511161804, "similarity-checking": 0.9990623593330383, "award-numbers": 0.23816221952438354, "update-policies": 0.8241912722587585, "resource-links": 0.8781059384346008, "open-references": 1.0}, "backfile": {"last-status-check-time": 1621224157331, "affiliations": 0.0, "abstracts": 0.0, "orcids": 0.16694214940071106, "licenses": 0.7851239442825317, "references": 0.9942148923873901, "funders": 0.2132231444120407, "similarity-checking": 0.9983471035957336, "award-numbers": 0.15041323006153107, "update-policies": 0.6909090876579285, "resource-links": 0.7851239442825317, "open-references": 1.0}, "current": {"last-status-check-time": 1621224155008, "affiliations": 0.0, "abstracts": 0.654387891292572, "orcids": 0.6684723496437073, "licenses": 1.0, "references": 0.9989165663719177, "funders": 0.4279523193836212, "similarity-checking": 1.0, "award-numbers": 0.3531961143016815, "update-policies": 0.9989165663719177, "resource-links": 1.0, "open-references": 1.0}}, "flags": {"deposits-abstracts-current": true, "deposits-orcids-current": true, "deposits": true, "deposits-affiliations-backfile": false, "deposits-update-policies-backfile": true, "deposits-similarity-checking-backfile": true, "deposits-award-numbers-current": true, "deposits-resource-links-current": true, "deposits-articles": true, "deposits-affiliations-current": false, "deposits-funders-current": true, "deposits-references-backfile": true, "deposits-abstracts-backfile": false, "deposits-licenses-backfile": true, "deposits-award-numbers-backfile": true, "deposits-open-references-backfile": true, "deposits-open-references-current": true, "deposits-references-current": true, "deposits-resource-links-backfile": true, "deposits-orcids-backfile": true, "deposits-funders-backfile": true, "deposits-update-policies-current": true, "deposits-similarity-checking-current": true, "deposits-licenses-current": true}, "ISSN": ["1472-6831", "1472-6831"], "issn-type": [{"value": "1472-6831", "type": "electronic"}, {"value": "1472-6831", "type": "print"}]}