{"last-status-check-time": 1621224086632, "counts": {"total-dois": 1587, "current-dois": 200, "backfile-dois": 1387}, "breakdowns": {"dois-by-issued-year": [[2011, 128], [2015, 114], [2014, 114], [2013, 112], [2019, 102], [2009, 102], [2012, 97], [2008, 97], [2007, 94], [2010, 92], [2017, 90], [2016, 89], [2018, 83], [2020, 64], [2006, 52], [2021, 34], [2005, 33], [2004, 33], [2003, 23], [2002, 21], [2001, 13]]}, "publisher": "Springer (Biomed Central Ltd.)", "coverage": {"affiliations-current": 0.0, "similarity-checking-current": 1.0, "funders-backfile": 0.17880317568778992, "licenses-backfile": 0.2177361249923706, "funders-current": 0.6600000262260437, "affiliations-backfile": 0.0, "resource-links-backfile": 0.2177361249923706, "orcids-backfile": 0.056957460939884186, "update-policies-current": 0.9950000047683716, "open-references-backfile": 1.0, "orcids-current": 0.5199999809265137, "similarity-checking-backfile": 0.3922134041786194, "references-backfile": 0.5702955722808838, "award-numbers-backfile": 0.15284787118434906, "update-policies-backfile": 0.304974764585495, "licenses-current": 1.0, "award-numbers-current": 0.6050000190734863, "abstracts-backfile": 0.0, "resource-links-current": 1.0, "abstracts-current": 0.574999988079071, "open-references-current": 1.0, "references-current": 0.9950000047683716}, "title": "BMC Biotechnology", "subjects": [{"name": "Biotechnology", "ASJC": 1305}], "coverage-type": {"all": {"last-status-check-time": 1621224079491, "affiliations": 0.0, "abstracts": 0.07246376574039459, "orcids": 0.11531190574169159, "licenses": 0.3163200914859772, "references": 0.6238185167312622, "funders": 0.2394454926252365, "similarity-checking": 0.4688090682029724, "award-numbers": 0.20982986688613892, "update-policies": 0.39193445444107056, "resource-links": 0.3163200914859772, "open-references": 1.0}, "backfile": {"last-status-check-time": 1621224077255, "affiliations": 0.0, "abstracts": 0.0, "orcids": 0.056957460939884186, "licenses": 0.2177361249923706, "references": 0.5702955722808838, "funders": 0.17880317568778992, "similarity-checking": 0.3922134041786194, "award-numbers": 0.15284787118434906, "update-policies": 0.304974764585495, "resource-links": 0.2177361249923706, "open-references": 1.0}, "current": {"last-status-check-time": 1621224074893, "affiliations": 0.0, "abstracts": 0.574999988079071, "orcids": 0.5199999809265137, "licenses": 1.0, "references": 0.9950000047683716, "funders": 0.6600000262260437, "similarity-checking": 1.0, "award-numbers": 0.6050000190734863, "update-policies": 0.9950000047683716, "resource-links": 1.0, "open-references": 1.0}}, "flags": {"deposits-abstracts-current": true, "deposits-orcids-current": true, "deposits": true, "deposits-affiliations-backfile": false, "deposits-update-policies-backfile": true, "deposits-similarity-checking-backfile": true, "deposits-award-numbers-current": true, "deposits-resource-links-current": true, "deposits-articles": true, "deposits-affiliations-current": false, "deposits-funders-current": true, "deposits-references-backfile": true, "deposits-abstracts-backfile": false, "deposits-licenses-backfile": true, "deposits-award-numbers-backfile": true, "deposits-open-references-backfile": true, "deposits-open-references-current": true, "deposits-references-current": true, "deposits-resource-links-backfile": true, "deposits-orcids-backfile": true, "deposits-funders-backfile": true, "deposits-update-policies-current": true, "deposits-similarity-checking-current": true, "deposits-licenses-current": true}, "ISSN": ["1472-6750", "1472-6750"], "issn-type": [{"value": "1472-6750", "type": "electronic"}, {"value": "1472-6750", "type": "print"}]}