{"last-status-check-time": 1621223266022, "counts": {"total-dois": 816, "current-dois": 311, "backfile-dois": 505}, "breakdowns": {"dois-by-issued-year": [[2020, 125], [2019, 104], [2021, 82], [2017, 69], [2016, 68], [2015, 61], [2018, 56], [2013, 44], [2014, 41], [2012, 37], [2010, 28], [2011, 23], [2009, 20], [2008, 18], [2006, 15], [2007, 8], [2005, 7], [2004, 4], [2002, 3], [2003, 2], [2001, 1]]}, "publisher": "Springer (Biomed Central Ltd.)", "coverage": {"affiliations-current": 0.0, "similarity-checking-current": 1.0, "funders-backfile": 0.2059405893087387, "licenses-backfile": 0.7980198264122009, "funders-current": 0.5787781476974487, "affiliations-backfile": 0.0, "resource-links-backfile": 0.7980198264122009, "orcids-backfile": 0.12871287763118744, "update-policies-current": 1.0, "open-references-backfile": 1.0, "orcids-current": 0.6077170372009277, "similarity-checking-backfile": 1.0, "references-backfile": 0.9900990128517151, "award-numbers-backfile": 0.1683168262243271, "update-policies-backfile": 0.5564356446266174, "licenses-current": 1.0, "award-numbers-current": 0.49196141958236694, "abstracts-backfile": 0.0, "resource-links-current": 1.0, "abstracts-current": 0.581993579864502, "open-references-current": 1.0, "references-current": 1.0}, "title": "BMC Medical Imaging", "subjects": [{"name": "Radiology Nuclear Medicine and imaging", "ASJC": 2741}], "coverage-type": {"all": {"last-status-check-time": 1621223258860, "affiliations": 0.0, "abstracts": 0.22181372344493866, "orcids": 0.3112744987010956, "licenses": 0.875, "references": 0.9938725233078003, "funders": 0.3480392098426819, "similarity-checking": 1.0, "award-numbers": 0.2916666567325592, "update-policies": 0.7254902124404907, "resource-links": 0.875, "open-references": 1.0}, "backfile": {"last-status-check-time": 1621223256602, "affiliations": 0.0, "abstracts": 0.0, "orcids": 0.12871287763118744, "licenses": 0.7980198264122009, "references": 0.9900990128517151, "funders": 0.2059405893087387, "similarity-checking": 1.0, "award-numbers": 0.1683168262243271, "update-policies": 0.5564356446266174, "resource-links": 0.7980198264122009, "open-references": 1.0}, "current": {"last-status-check-time": 1621223254446, "affiliations": 0.0, "abstracts": 0.581993579864502, "orcids": 0.6077170372009277, "licenses": 1.0, "references": 1.0, "funders": 0.5787781476974487, "similarity-checking": 1.0, "award-numbers": 0.49196141958236694, "update-policies": 1.0, "resource-links": 1.0, "open-references": 1.0}}, "flags": {"deposits-abstracts-current": true, "deposits-orcids-current": true, "deposits": true, "deposits-affiliations-backfile": false, "deposits-update-policies-backfile": true, "deposits-similarity-checking-backfile": true, "deposits-award-numbers-current": true, "deposits-resource-links-current": true, "deposits-articles": true, "deposits-affiliations-current": false, "deposits-funders-current": true, "deposits-references-backfile": true, "deposits-abstracts-backfile": false, "deposits-licenses-backfile": true, "deposits-award-numbers-backfile": true, "deposits-open-references-backfile": true, "deposits-open-references-current": true, "deposits-references-current": true, "deposits-resource-links-backfile": true, "deposits-orcids-backfile": true, "deposits-funders-backfile": true, "deposits-update-policies-current": true, "deposits-similarity-checking-current": true, "deposits-licenses-current": true}, "ISSN": ["1471-2342", "1471-2342"], "issn-type": [{"value": "1471-2342", "type": "electronic"}, {"value": "1471-2342", "type": "print"}]}