{"last-status-check-time": 1621223277584, "counts": {"total-dois": 2335, "current-dois": 446, "backfile-dois": 1889}, "breakdowns": {"dois-by-issued-year": [[2020, 242], [2018, 219], [2019, 204], [2011, 174], [2010, 172], [2017, 151], [2009, 149], [2014, 142], [2013, 129], [2012, 124], [2008, 120], [2015, 117], [2007, 100], [2016, 98], [2006, 86], [2005, 43], [2004, 30], [2002, 13], [2001, 12], [2003, 9], [2000, 1]]}, "publisher": "Springer (Biomed Central Ltd.)", "coverage": {"affiliations-current": 0.0, "similarity-checking-current": 1.0, "funders-backfile": 0.1842244565486908, "licenses-backfile": 0.8613022565841675, "funders-current": 0.6031390428543091, "affiliations-backfile": 0.0, "resource-links-backfile": 0.8613022565841675, "orcids-backfile": 0.16146108508110046, "update-policies-current": 1.0, "open-references-backfile": 1.0, "orcids-current": 0.878923773765564, "similarity-checking-backfile": 0.9931180477142334, "references-backfile": 0.9915298819541931, "award-numbers-backfile": 0.15722604095935822, "update-policies-backfile": 0.36262571811676025, "licenses-current": 1.0, "award-numbers-current": 0.573991060256958, "abstracts-backfile": 0.0, "resource-links-current": 1.0, "abstracts-current": 0.5134528875350952, "open-references-current": 1.0, "references-current": 1.0}, "title": "BMC Medical Genetics", "subjects": [{"name": "Genetics", "ASJC": 1311}, {"name": "Genetics(clinical)", "ASJC": 2716}], "coverage-type": {"all": {"last-status-check-time": 1621223270725, "affiliations": 0.0, "abstracts": 0.09807280451059341, "orcids": 0.29850107431411743, "licenses": 0.8877944350242615, "references": 0.9931477308273315, "funders": 0.2642398178577423, "similarity-checking": 0.9944325685501099, "award-numbers": 0.23683083057403564, "update-policies": 0.48436829447746277, "resource-links": 0.8877944350242615, "open-references": 1.0}, "backfile": {"last-status-check-time": 1621223268361, "affiliations": 0.0, "abstracts": 0.0, "orcids": 0.16146108508110046, "licenses": 0.8613022565841675, "references": 0.9915298819541931, "funders": 0.1842244565486908, "similarity-checking": 0.9931180477142334, "award-numbers": 0.15722604095935822, "update-policies": 0.36262571811676025, "resource-links": 0.8613022565841675, "open-references": 1.0}, "current": {"last-status-check-time": 1621223266181, "affiliations": 0.0, "abstracts": 0.5134528875350952, "orcids": 0.878923773765564, "licenses": 1.0, "references": 1.0, "funders": 0.6031390428543091, "similarity-checking": 1.0, "award-numbers": 0.573991060256958, "update-policies": 1.0, "resource-links": 1.0, "open-references": 1.0}}, "flags": {"deposits-abstracts-current": true, "deposits-orcids-current": true, "deposits": true, "deposits-affiliations-backfile": false, "deposits-update-policies-backfile": true, "deposits-similarity-checking-backfile": true, "deposits-award-numbers-current": true, "deposits-resource-links-current": true, "deposits-articles": true, "deposits-affiliations-current": false, "deposits-funders-current": true, "deposits-references-backfile": true, "deposits-abstracts-backfile": false, "deposits-licenses-backfile": true, "deposits-award-numbers-backfile": true, "deposits-open-references-backfile": true, "deposits-open-references-current": true, "deposits-references-current": true, "deposits-resource-links-backfile": true, "deposits-orcids-backfile": true, "deposits-funders-backfile": true, "deposits-update-policies-current": true, "deposits-similarity-checking-current": true, "deposits-licenses-current": true}, "ISSN": ["1471-2350", "1471-2350"], "issn-type": [{"value": "1471-2350", "type": "electronic"}, {"value": "1471-2350", "type": "print"}]}