{"last-status-check-time": 1621223335316, "counts": {"total-dois": 12498, "current-dois": 3045, "backfile-dois": 9453}, "breakdowns": {"dois-by-issued-year": [[2018, 1299], [2019, 1273], [2020, 1219], [2015, 1029], [2014, 997], [2016, 951], [2017, 906], [2010, 697], [2012, 627], [2013, 619], [2021, 553], [2011, 529], [2009, 465], [2008, 396], [2006, 298], [2007, 288], [2005, 164], [2004, 98], [2002, 37], [2003, 33], [2001, 20]]}, "publisher": "Springer (Biomed Central Ltd.)", "coverage": {"affiliations-current": 0.0, "similarity-checking-current": 1.0, "funders-backfile": 0.2229979932308197, "licenses-backfile": 0.8319051861763, "funders-current": 0.6328406929969788, "affiliations-backfile": 0.0, "resource-links-backfile": 0.8319051861763, "orcids-backfile": 0.11192213743925095, "update-policies-current": 1.0, "open-references-backfile": 1.0, "orcids-current": 0.6200328469276428, "similarity-checking-backfile": 0.9976726770401001, "references-backfile": 0.994181752204895, "award-numbers-backfile": 0.1787792295217514, "update-policies-backfile": 0.52290278673172, "licenses-current": 1.0, "award-numbers-current": 0.555336594581604, "abstracts-backfile": 0.0008462921832688153, "resource-links-current": 1.0, "abstracts-current": 0.5681445002555847, "open-references-current": 1.0, "references-current": 1.0}, "title": "BMC Cancer", "subjects": [{"name": "Cancer Research", "ASJC": 1306}, {"name": "Genetics", "ASJC": 1311}, {"name": "Oncology", "ASJC": 2730}], "coverage-type": {"all": {"last-status-check-time": 1621223328288, "affiliations": 0.0, "abstracts": 0.13906225562095642, "orcids": 0.23571771383285522, "licenses": 0.8728596568107605, "references": 0.9955992698669434, "funders": 0.32285165786743164, "similarity-checking": 0.9982396960258484, "award-numbers": 0.2705232799053192, "update-policies": 0.6391422748565674, "resource-links": 0.8728596568107605, "open-references": 1.0}, "backfile": {"last-status-check-time": 1621223325871, "affiliations": 0.0, "abstracts": 0.0008462921832688153, "orcids": 0.11192213743925095, "licenses": 0.8319051861763, "references": 0.994181752204895, "funders": 0.2229979932308197, "similarity-checking": 0.9976726770401001, "award-numbers": 0.1787792295217514, "update-policies": 0.52290278673172, "resource-links": 0.8319051861763, "open-references": 1.0}, "current": {"last-status-check-time": 1621223323697, "affiliations": 0.0, "abstracts": 0.5681445002555847, "orcids": 0.6200328469276428, "licenses": 1.0, "references": 1.0, "funders": 0.6328406929969788, "similarity-checking": 1.0, "award-numbers": 0.555336594581604, "update-policies": 1.0, "resource-links": 1.0, "open-references": 1.0}}, "flags": {"deposits-abstracts-current": true, "deposits-orcids-current": true, "deposits": true, "deposits-affiliations-backfile": false, "deposits-update-policies-backfile": true, "deposits-similarity-checking-backfile": true, "deposits-award-numbers-current": true, "deposits-resource-links-current": true, "deposits-articles": true, "deposits-affiliations-current": false, "deposits-funders-current": true, "deposits-references-backfile": true, "deposits-abstracts-backfile": true, "deposits-licenses-backfile": true, "deposits-award-numbers-backfile": true, "deposits-open-references-backfile": true, "deposits-open-references-current": true, "deposits-references-current": true, "deposits-resource-links-backfile": true, "deposits-orcids-backfile": true, "deposits-funders-backfile": true, "deposits-update-policies-current": true, "deposits-similarity-checking-current": true, "deposits-licenses-current": true}, "ISSN": ["1471-2407", "1471-2407"], "issn-type": [{"value": "1471-2407", "type": "electronic"}, {"value": "1471-2407", "type": "print"}]}