{"last-status-check-time": 1620485672657, "counts": {"total-dois": 281, "current-dois": 123, "backfile-dois": 158}, "breakdowns": {"dois-by-issued-year": [[2017, 64], [2019, 56], [2016, 48], [2020, 47], [2018, 46], [2021, 20]]}, "publisher": "Informa UK (Taylor & Francis)", "coverage": {"affiliations-current": 0.9512194991111755, "similarity-checking-current": 1.0, "funders-backfile": 0.42405062913894653, "licenses-backfile": 0.018987340852618217, "funders-current": 0.39024388790130615, "affiliations-backfile": 0.7341772317886353, "resource-links-backfile": 0.018987340852618217, "orcids-backfile": 0.19620253145694733, "update-policies-current": 1.0, "open-references-backfile": 1.0, "orcids-current": 0.6829268336296082, "similarity-checking-backfile": 1.0, "references-backfile": 0.9177215099334717, "award-numbers-backfile": 0.37974682450294495, "update-policies-backfile": 1.0, "licenses-current": 0.03252032399177551, "award-numbers-current": 0.22764228284358978, "abstracts-backfile": 0.0, "resource-links-current": 0.0, "abstracts-current": 0.0, "open-references-current": 1.0, "references-current": 0.9512194991111755}, "title": "Botany Letters", "subjects": [{"name": "Plant Science", "ASJC": 1110}], "coverage-type": {"all": {"last-status-check-time": 1620485666439, "affiliations": 0.8291814923286438, "abstracts": 0.0, "orcids": 0.40925267338752747, "licenses": 0.024911031126976013, "references": 0.9323843121528625, "funders": 0.40925267338752747, "similarity-checking": 1.0, "award-numbers": 0.3131672739982605, "update-policies": 1.0, "resource-links": 0.010676156729459763, "open-references": 1.0}, "backfile": {"last-status-check-time": 1620485664485, "affiliations": 0.7341772317886353, "abstracts": 0.0, "orcids": 0.19620253145694733, "licenses": 0.018987340852618217, "references": 0.9177215099334717, "funders": 0.42405062913894653, "similarity-checking": 1.0, "award-numbers": 0.37974682450294495, "update-policies": 1.0, "resource-links": 0.018987340852618217, "open-references": 1.0}, "current": {"last-status-check-time": 1620485662597, "affiliations": 0.9512194991111755, "abstracts": 0.0, "orcids": 0.6829268336296082, "licenses": 0.03252032399177551, "references": 0.9512194991111755, "funders": 0.39024388790130615, "similarity-checking": 1.0, "award-numbers": 0.22764228284358978, "update-policies": 1.0, "resource-links": 0.0, "open-references": 1.0}}, "flags": {"deposits-abstracts-current": false, "deposits-orcids-current": true, "deposits": true, "deposits-affiliations-backfile": true, "deposits-update-policies-backfile": true, "deposits-similarity-checking-backfile": true, "deposits-award-numbers-current": true, "deposits-resource-links-current": false, "deposits-articles": true, "deposits-affiliations-current": true, "deposits-funders-current": true, "deposits-references-backfile": true, "deposits-abstracts-backfile": false, "deposits-licenses-backfile": true, "deposits-award-numbers-backfile": true, "deposits-open-references-backfile": true, "deposits-open-references-current": true, "deposits-references-current": true, "deposits-resource-links-backfile": true, "deposits-orcids-backfile": true, "deposits-funders-backfile": true, "deposits-update-policies-current": true, "deposits-similarity-checking-current": true, "deposits-licenses-current": true}, "ISSN": ["2381-8115", "2381-8107"], "issn-type": [{"value": "2381-8115", "type": "electronic"}, {"value": "2381-8107", "type": "print"}]}