{"last-status-check-time": 1620693611275, "counts": {"total-dois": 2824, "current-dois": 272, "backfile-dois": 2552}, "breakdowns": {"dois-by-issued-year": [[2006, 524], [2010, 163], [1997, 139], [2014, 134], [2019, 129], [2017, 123], [2009, 119], [2016, 116], [2018, 103], [2008, 103], [2012, 102], [2015, 101], [2020, 99], [2011, 97], [2013, 96], [1994, 95], [2007, 94], [1996, 76], [1995, 63], [1993, 61], [2021, 44], [1992, 44], [2004, 42], [1991, 38], [1999, 33], [1998, 23], [2000, 19], [2001, 17], [1990, 14], [2003, 5], [2005, 4], [2002, 4]]}, "publisher": "Wiley (Blackwell Publishing)", "coverage": {"affiliations-current": 0.8088235259056091, "similarity-checking-current": 0.9485294222831726, "funders-backfile": 0.07641065865755081, "licenses-backfile": 0.9843260049819946, "funders-current": 0.4632352888584137, "affiliations-backfile": 0.22923196852207184, "resource-links-backfile": 0.9823668003082275, "orcids-backfile": 0.03996865078806877, "update-policies-current": 0.8345588445663452, "open-references-backfile": 1.0, "orcids-current": 0.6360294222831726, "similarity-checking-backfile": 0.5854231715202332, "references-backfile": 0.7307993769645691, "award-numbers-backfile": 0.06112852692604065, "update-policies-backfile": 0.011755486018955708, "licenses-current": 0.9485294222831726, "award-numbers-current": 0.4154411852359772, "abstracts-backfile": 0.0, "resource-links-current": 0.9485294222831726, "abstracts-current": 0.0, "open-references-current": 1.0, "references-current": 0.8125}, "title": "Brain Pathology", "subjects": [{"name": "Clinical Neurology", "ASJC": 2728}, {"name": "Pathology and Forensic Medicine", "ASJC": 2734}, {"name": "General Neuroscience", "ASJC": 2800}], "coverage-type": {"all": {"last-status-check-time": 1620693605191, "affiliations": 0.2849557399749756, "abstracts": 0.0, "orcids": 0.09734513610601425, "licenses": 0.9805309772491455, "references": 0.7384070754051208, "funders": 0.1136283203959465, "similarity-checking": 0.6201769709587097, "award-numbers": 0.09522123634815216, "update-policies": 0.09097345173358917, "resource-links": 0.9787610769271851, "open-references": 1.0}, "backfile": {"last-status-check-time": 1620693603186, "affiliations": 0.22923196852207184, "abstracts": 0.0, "orcids": 0.03996865078806877, "licenses": 0.9843260049819946, "references": 0.7307993769645691, "funders": 0.07641065865755081, "similarity-checking": 0.5854231715202332, "award-numbers": 0.06112852692604065, "update-policies": 0.011755486018955708, "resource-links": 0.9823668003082275, "open-references": 1.0}, "current": {"last-status-check-time": 1620693601129, "affiliations": 0.8088235259056091, "abstracts": 0.0, "orcids": 0.6360294222831726, "licenses": 0.9485294222831726, "references": 0.8125, "funders": 0.4632352888584137, "similarity-checking": 0.9485294222831726, "award-numbers": 0.4154411852359772, "update-policies": 0.8345588445663452, "resource-links": 0.9485294222831726, "open-references": 1.0}}, "flags": {"deposits-abstracts-current": false, "deposits-orcids-current": true, "deposits": true, "deposits-affiliations-backfile": true, "deposits-update-policies-backfile": true, "deposits-similarity-checking-backfile": true, "deposits-award-numbers-current": true, "deposits-resource-links-current": true, "deposits-articles": true, "deposits-affiliations-current": true, "deposits-funders-current": true, "deposits-references-backfile": true, "deposits-abstracts-backfile": false, "deposits-licenses-backfile": true, "deposits-award-numbers-backfile": true, "deposits-open-references-backfile": true, "deposits-open-references-current": true, "deposits-references-current": true, "deposits-resource-links-backfile": true, "deposits-orcids-backfile": true, "deposits-funders-backfile": true, "deposits-update-policies-current": true, "deposits-similarity-checking-current": true, "deposits-licenses-current": true}, "ISSN": ["1750-3639", "1015-6305"], "issn-type": [{"value": "1750-3639", "type": "electronic"}, {"value": "1015-6305", "type": "print"}]}