{"last-status-check-time": 1621160849399, "counts": {"total-dois": 24190, "current-dois": 930, "backfile-dois": 23260}, "breakdowns": {"dois-by-issued-year": [[2006, 632], [2008, 547], [2003, 533], [2005, 532], [2010, 526], [2002, 490], [2009, 484], [2004, 484], [2001, 472], [2007, 471], [2014, 452], [2000, 443], [2020, 441], [1999, 433], [2013, 427], [1998, 425], [2015, 406], [2012, 379], [2011, 356], [2018, 352], [1995, 336], [2019, 335], [1997, 335], [2017, 332], [1996, 319], [1994, 300], [2016, 298], [1991, 291], [1989, 286], [1990, 285], [1993, 275], [1992, 269], [1981, 255], [1983, 253], [1976, 253], [1987, 248], [1986, 245], [1985, 243], [1979, 240], [1988, 239], [1984, 237], [1980, 233], [1972, 228], [1970, 222], [1973, 220], [1977, 218], [1978, 211], [1971, 209], [1969, 208], [1968, 207], [1974, 203], [1982, 184], [1975, 179], [1967, 179], [1953, 164], [1955, 155], [1948, 155], [1946, 155], [2021, 154], [1956, 154], [1954, 150], [1964, 148], [1959, 147], [1963, 146], [1952, 146], [1944, 136], [1950, 133], [1919, 133], [1951, 132], [1918, 132], [1958, 130], [1945, 130], [1966, 128], [1927, 128], [1920, 127], [1961, 126], [1921, 126], [1947, 124], [1962, 123], [1965, 121], [1960, 121], [1935, 121], [1922, 120], [1928, 118], [1923, 118], [1933, 117], [1917, 117], [1949, 115], [1943, 115], [1932, 114], [1930, 114], [1924, 113], [1957, 111], [1938, 111], [1934, 109], [1937, 106], [1936, 106], [1926, 104], [1931, 101], [1925, 101], [1939, 100], [1942, 99], [1929, 95], [1941, 94], [1940, 87]]}, "publisher": "BMJ", "coverage": {"affiliations-current": 0.0, "similarity-checking-current": 1.0, "funders-backfile": 0.011349957436323166, "licenses-backfile": 0.0, "funders-current": 0.4741935431957245, "affiliations-backfile": 0.0, "resource-links-backfile": 0.0, "orcids-backfile": 0.0169819425791502, "update-policies-current": 1.0, "open-references-backfile": 1.0, "orcids-current": 0.9688172340393066, "similarity-checking-backfile": 0.8239896893501282, "references-backfile": 0.4411005973815918, "award-numbers-backfile": 0.004729148931801319, "update-policies-backfile": 0.08684436976909637, "licenses-current": 0.15913978219032288, "award-numbers-current": 0.4010752737522125, "abstracts-backfile": 0.022441960871219635, "resource-links-current": 0.0, "abstracts-current": 0.9387096762657166, "open-references-current": 1.0, "references-current": 0.8688172101974487}, "title": "British Journal of Ophthalmology", "subjects": [{"name": "Ophthalmology", "ASJC": 2731}, {"name": "Cellular and Molecular Neuroscience", "ASJC": 2804}, {"name": "Sensory Systems", "ASJC": 2809}], "coverage-type": {"all": {"last-status-check-time": 1621160842441, "affiliations": 0.0, "abstracts": 0.05766845867037773, "orcids": 0.05357585847377777, "licenses": 0.0061182305216789246, "references": 0.4575444459915161, "funders": 0.029144274070858955, "similarity-checking": 0.8307564854621887, "award-numbers": 0.01996692828834057, "update-policies": 0.12195122241973877, "resource-links": 0.0, "open-references": 1.0}, "backfile": {"last-status-check-time": 1621160840049, "affiliations": 0.0, "abstracts": 0.022441960871219635, "orcids": 0.0169819425791502, "licenses": 0.0, "references": 0.4411005973815918, "funders": 0.011349957436323166, "similarity-checking": 0.8239896893501282, "award-numbers": 0.004729148931801319, "update-policies": 0.08684436976909637, "resource-links": 0.0, "open-references": 1.0}, "current": {"last-status-check-time": 1621160837866, "affiliations": 0.0, "abstracts": 0.9387096762657166, "orcids": 0.9688172340393066, "licenses": 0.15913978219032288, "references": 0.8688172101974487, "funders": 0.4741935431957245, "similarity-checking": 1.0, "award-numbers": 0.4010752737522125, "update-policies": 1.0, "resource-links": 0.0, "open-references": 1.0}}, "flags": {"deposits-abstracts-current": true, "deposits-orcids-current": true, "deposits": true, "deposits-affiliations-backfile": false, "deposits-update-policies-backfile": true, "deposits-similarity-checking-backfile": true, "deposits-award-numbers-current": true, "deposits-resource-links-current": false, "deposits-articles": true, "deposits-affiliations-current": false, "deposits-funders-current": true, "deposits-references-backfile": true, "deposits-abstracts-backfile": true, "deposits-licenses-backfile": false, "deposits-award-numbers-backfile": true, "deposits-open-references-backfile": true, "deposits-open-references-current": true, "deposits-references-current": true, "deposits-resource-links-backfile": false, "deposits-orcids-backfile": true, "deposits-funders-backfile": true, "deposits-update-policies-current": true, "deposits-similarity-checking-current": true, "deposits-licenses-current": true}, "ISSN": ["1468-2079", "0007-1161"], "issn-type": [{"value": "1468-2079", "type": "electronic"}, {"value": "0007-1161", "type": "print"}]}