{"last-status-check-time": 1621160696901, "counts": {"total-dois": 26794, "current-dois": 1433, "backfile-dois": 25361}, "breakdowns": {"dois-by-issued-year": [[1996, 857], [2014, 652], [2015, 641], [2013, 639], [2012, 630], [1993, 609], [2020, 594], [2018, 594], [2016, 572], [1994, 563], [2011, 520], [2009, 507], [2019, 503], [2017, 502], [1992, 502], [2008, 499], [1998, 494], [1995, 479], [2002, 470], [2010, 459], [1988, 457], [1991, 446], [2003, 445], [1999, 444], [2007, 433], [2004, 428], [2005, 424], [2000, 418], [1990, 414], [1989, 412], [2006, 404], [1997, 386], [1972, 381], [1986, 378], [2001, 346], [2021, 336], [1987, 334], [1978, 334], [1981, 331], [1980, 326], [1985, 324], [1977, 319], [1973, 319], [1979, 317], [1984, 301], [1971, 300], [1976, 293], [1975, 288], [1982, 282], [1969, 278], [1970, 274], [1974, 267], [1983, 266], [1968, 235], [1962, 233], [1967, 227], [1964, 219], [1965, 215], [1963, 214], [1966, 197], [1955, 177], [1956, 163], [1960, 159], [1957, 157], [1961, 150], [1958, 138], [1959, 135], [1954, 122], [1953, 67], [1952, 55], [1951, 55], [1927, 53], [1950, 52], [1928, 49], [1937, 45], [1939, 44], [1938, 43], [1930, 43], [1925, 41], [1932, 40], [1935, 39], [1924, 37], [1933, 36], [1936, 35], [1934, 34], [1931, 32], [1926, 31], [1948, 26], [1949, 25], [1947, 24], [1923, 22], [1946, 21], [1929, 21], [1942, 19], [1945, 18], [1943, 17], [1941, 16], [1944, 14], [1940, 8]]}, "publisher": "Elsevier ", "coverage": {"affiliations-current": 0.0, "similarity-checking-current": 0.0, "funders-backfile": 0.018256377428770065, "licenses-backfile": 0.9637238383293152, "funders-current": 0.3565945625305176, "affiliations-backfile": 0.0, "resource-links-backfile": 0.9637238383293152, "orcids-backfile": 0.0, "update-policies-current": 0.0, "open-references-backfile": 1.0, "orcids-current": 0.004187020007520914, "similarity-checking-backfile": 0.9505540132522583, "references-backfile": 0.286897212266922, "award-numbers-backfile": 0.007964985445141792, "update-policies-backfile": 0.0, "licenses-current": 1.0, "award-numbers-current": 0.13398464024066925, "abstracts-backfile": 0.0, "resource-links-current": 1.0, "abstracts-current": 0.0, "open-references-current": 1.0, "references-current": 0.8066992163658142}, "title": "British Journal of Anaesthesia", "subjects": [{"name": "Anesthesiology and Pain Medicine", "ASJC": 2703}], "coverage-type": {"all": {"last-status-check-time": 1621160689875, "affiliations": 0.0, "abstracts": 0.0, "orcids": 0.00022393073595594615, "licenses": 0.9656639695167542, "references": 0.3146973252296448, "funders": 0.03635142371058464, "similarity-checking": 0.8997163772583008, "award-numbers": 0.014704784378409386, "update-policies": 0.0, "resource-links": 0.9656639695167542, "open-references": 1.0}, "backfile": {"last-status-check-time": 1621160687664, "affiliations": 0.0, "abstracts": 0.0, "orcids": 0.0, "licenses": 0.9637238383293152, "references": 0.286897212266922, "funders": 0.018256377428770065, "similarity-checking": 0.9505540132522583, "award-numbers": 0.007964985445141792, "update-policies": 0.0, "resource-links": 0.9637238383293152, "open-references": 1.0}, "current": {"last-status-check-time": 1621160685438, "affiliations": 0.0, "abstracts": 0.0, "orcids": 0.004187020007520914, "licenses": 1.0, "references": 0.8066992163658142, "funders": 0.3565945625305176, "similarity-checking": 0.0, "award-numbers": 0.13398464024066925, "update-policies": 0.0, "resource-links": 1.0, "open-references": 1.0}}, "flags": {"deposits-abstracts-current": false, "deposits-orcids-current": true, "deposits": true, "deposits-affiliations-backfile": false, "deposits-update-policies-backfile": false, "deposits-similarity-checking-backfile": true, "deposits-award-numbers-current": true, "deposits-resource-links-current": true, "deposits-articles": true, "deposits-affiliations-current": false, "deposits-funders-current": true, "deposits-references-backfile": true, "deposits-abstracts-backfile": false, "deposits-licenses-backfile": true, "deposits-award-numbers-backfile": true, "deposits-open-references-backfile": true, "deposits-open-references-current": true, "deposits-references-current": true, "deposits-resource-links-backfile": true, "deposits-orcids-backfile": false, "deposits-funders-backfile": true, "deposits-update-policies-current": false, "deposits-similarity-checking-current": false, "deposits-licenses-current": true}, "ISSN": ["1471-6771", "0007-0912"], "issn-type": [{"value": "1471-6771", "type": "electronic"}, {"value": "0007-0912", "type": "print"}]}