{"last-status-check-time": 1621160731583, "counts": {"total-dois": 35342, "current-dois": 2741, "backfile-dois": 32601}, "breakdowns": {"dois-by-issued-year": [[2019, 1395], [2006, 1292], [2018, 1274], [1996, 997], [2017, 969], [2020, 948], [1997, 852], [2007, 851], [2015, 830], [2014, 792], [2005, 779], [2009, 764], [2016, 761], [2000, 705], [2003, 659], [1998, 637], [1999, 627], [2001, 623], [2012, 615], [2002, 599], [2011, 596], [2004, 592], [2013, 548], [2008, 539], [2010, 522], [1988, 471], [1990, 452], [1987, 432], [1991, 412], [1984, 410], [1983, 410], [1985, 404], [1992, 403], [1986, 399], [2021, 398], [1993, 394], [1989, 387], [1994, 375], [1978, 363], [1977, 330], [1981, 322], [1982, 314], [1970, 308], [1972, 298], [1976, 292], [1995, 291], [1974, 290], [1969, 270], [1975, 268], [1980, 264], [1979, 252], [1971, 231], [1968, 214], [1973, 203], [1967, 174], [1966, 158], [1964, 140], [1965, 137], [1935, 135], [1963, 128], [1938, 125], [1962, 123], [1933, 122], [1937, 116], [1934, 116], [1936, 114], [1955, 112], [1948, 112], [1939, 111], [1932, 110], [1960, 108], [1954, 107], [1931, 107], [1950, 105], [1957, 102], [1958, 101], [1930, 100], [1961, 99], [1956, 99], [1929, 98], [1927, 97], [1924, 96], [1928, 94], [1952, 93], [1949, 92], [1959, 91], [1925, 90], [1953, 88], [1947, 87], [1943, 83], [1941, 83], [1922, 83], [1923, 82], [1921, 82], [1951, 80], [1920, 79], [1940, 78], [1926, 78], [1895, 78], [1910, 76], [1901, 76], [1942, 75], [1896, 75], [1902, 72], [1912, 70], [1908, 70], [1903, 68], [1946, 56], [1945, 56], [1898, 50], [1944, 47], [1917, 47], [1911, 47], [1918, 38], [1916, 38], [1919, 37], [1892, 28]]}, "publisher": "Wiley (Blackwell Publishing)", "coverage": {"affiliations-current": 0.6687340140342712, "similarity-checking-current": 0.9890550971031189, "funders-backfile": 0.039661359041929245, "licenses-backfile": 0.997607409954071, "funders-current": 0.15541772544384003, "affiliations-backfile": 0.14036379754543304, "resource-links-backfile": 0.9873930215835571, "orcids-backfile": 0.03828103467822075, "update-policies-current": 0.973002552986145, "open-references-backfile": 1.0, "orcids-current": 0.6096315383911133, "similarity-checking-backfile": 0.955216109752655, "references-backfile": 0.7398852705955505, "award-numbers-backfile": 0.019324559718370438, "update-policies-backfile": 0.00641084648668766, "licenses-current": 0.9890550971031189, "award-numbers-current": 0.10032834857702255, "abstracts-backfile": 0.0, "resource-links-current": 0.9890550971031189, "abstracts-current": 0.0, "open-references-current": 1.0, "references-current": 0.625319242477417}, "title": "British Journal of Dermatology", "subjects": [{"name": "Dermatology", "ASJC": 2708}], "coverage-type": {"all": {"last-status-check-time": 1621160724650, "affiliations": 0.1813371777534485, "abstracts": 0.0, "orcids": 0.08259060978889465, "licenses": 0.9969159364700317, "references": 0.7309792637825012, "funders": 0.04863763600587845, "similarity-checking": 0.9578134417533875, "award-numbers": 0.025606201961636543, "update-policies": 0.08137396723031998, "resource-links": 0.9874939918518066, "open-references": 1.0}, "backfile": {"last-status-check-time": 1621160722531, "affiliations": 0.14036379754543304, "abstracts": 0.0, "orcids": 0.03828103467822075, "licenses": 0.997607409954071, "references": 0.7398852705955505, "funders": 0.039661359041929245, "similarity-checking": 0.955216109752655, "award-numbers": 0.019324559718370438, "update-policies": 0.00641084648668766, "resource-links": 0.9873930215835571, "open-references": 1.0}, "current": {"last-status-check-time": 1621160720262, "affiliations": 0.6687340140342712, "abstracts": 0.0, "orcids": 0.6096315383911133, "licenses": 0.9890550971031189, "references": 0.625319242477417, "funders": 0.15541772544384003, "similarity-checking": 0.9890550971031189, "award-numbers": 0.10032834857702255, "update-policies": 0.973002552986145, "resource-links": 0.9890550971031189, "open-references": 1.0}}, "flags": {"deposits-abstracts-current": false, "deposits-orcids-current": true, "deposits": true, "deposits-affiliations-backfile": true, "deposits-update-policies-backfile": true, "deposits-similarity-checking-backfile": true, "deposits-award-numbers-current": true, "deposits-resource-links-current": true, "deposits-articles": true, "deposits-affiliations-current": true, "deposits-funders-current": true, "deposits-references-backfile": true, "deposits-abstracts-backfile": false, "deposits-licenses-backfile": true, "deposits-award-numbers-backfile": true, "deposits-open-references-backfile": true, "deposits-open-references-current": true, "deposits-references-current": true, "deposits-resource-links-backfile": true, "deposits-orcids-backfile": true, "deposits-funders-backfile": true, "deposits-update-policies-current": true, "deposits-similarity-checking-current": true, "deposits-licenses-current": true}, "ISSN": ["1365-2133", "0007-0963"], "issn-type": [{"value": "1365-2133", "type": "electronic"}, {"value": "0007-0963", "type": "print"}]}