{"last-status-check-time": 1621161676583, "counts": {"total-dois": 4546, "current-dois": 144, "backfile-dois": 4402}, "breakdowns": {"dois-by-issued-year": [[1968, 109], [1974, 107], [1967, 105], [1964, 105], [1969, 103], [1981, 98], [1963, 96], [1973, 94], [1972, 93], [1971, 89], [1966, 86], [1975, 85], [1962, 85], [1982, 84], [1986, 83], [1970, 82], [1965, 82], [1989, 81], [1977, 81], [1983, 80], [1976, 77], [1961, 77], [1984, 74], [2020, 71], [1978, 71], [1954, 71], [1980, 69], [2018, 64], [2001, 62], [1988, 62], [1953, 62], [2017, 61], [1952, 61], [2002, 60], [2016, 59], [1987, 59], [1985, 59], [1956, 59], [1979, 58], [2015, 56], [2003, 56], [1957, 56], [2005, 55], [1955, 55], [1958, 54], [2009, 53], [2004, 53], [1959, 52], [2019, 51], [2007, 50], [2006, 50], [2013, 49], [2012, 49], [2011, 49], [1951, 49], [1990, 48], [1960, 48], [2014, 47], [1991, 47], [2008, 44], [1993, 44], [2010, 41], [1998, 40], [1999, 39], [2000, 38], [1995, 37], [1997, 36], [1996, 35], [1992, 35], [1994, 34], [2021, 22], [1950, 10]]}, "publisher": "Wiley (American Cancer Society) ", "coverage": {"affiliations-current": 0.4305555522441864, "similarity-checking-current": 0.9027777910232544, "funders-backfile": 0.007723761722445488, "licenses-backfile": 0.9900045394897461, "funders-current": 0.1180555522441864, "affiliations-backfile": 0.035211268812417984, "resource-links-backfile": 0.9895502328872681, "orcids-backfile": 0.007042253389954567, "update-policies-current": 0.8472222089767456, "open-references-backfile": 1.0, "orcids-current": 0.3888888955116272, "similarity-checking-backfile": 0.9100409150123596, "references-backfile": 0.05156746879220009, "award-numbers-backfile": 0.005679236724972725, "update-policies-backfile": 0.0011358472984284163, "licenses-current": 0.9027777910232544, "award-numbers-current": 0.0763888880610466, "abstracts-backfile": 0.0, "resource-links-current": 0.9027777910232544, "abstracts-current": 0.0, "open-references-current": 1.0, "references-current": 0.4305555522441864}, "title": "CA A Cancer Journal for Clinicians", "subjects": [{"name": "Hematology", "ASJC": 2720}, {"name": "Oncology", "ASJC": 2730}], "coverage-type": {"all": {"last-status-check-time": 1621161669752, "affiliations": 0.047713279724121094, "abstracts": 0.0, "orcids": 0.01912928745150566, "licenses": 0.9868074059486389, "references": 0.06354441493749619, "funders": 0.01121372077614069, "similarity-checking": 0.9094107151031494, "award-numbers": 0.007915567606687546, "update-policies": 0.02792436257004738, "resource-links": 0.9863676428794861, "open-references": 1.0}, "backfile": {"last-status-check-time": 1621161667563, "affiliations": 0.035211268812417984, "abstracts": 0.0, "orcids": 0.007042253389954567, "licenses": 0.9900045394897461, "references": 0.05156746879220009, "funders": 0.007723761722445488, "similarity-checking": 0.9100409150123596, "award-numbers": 0.005679236724972725, "update-policies": 0.0011358472984284163, "resource-links": 0.9895502328872681, "open-references": 1.0}, "current": {"last-status-check-time": 1621161665063, "affiliations": 0.4305555522441864, "abstracts": 0.0, "orcids": 0.3888888955116272, "licenses": 0.9027777910232544, "references": 0.4305555522441864, "funders": 0.1180555522441864, "similarity-checking": 0.9027777910232544, "award-numbers": 0.0763888880610466, "update-policies": 0.8472222089767456, "resource-links": 0.9027777910232544, "open-references": 1.0}}, "flags": {"deposits-abstracts-current": false, "deposits-orcids-current": true, "deposits": true, "deposits-affiliations-backfile": true, "deposits-update-policies-backfile": true, "deposits-similarity-checking-backfile": true, "deposits-award-numbers-current": true, "deposits-resource-links-current": true, "deposits-articles": true, "deposits-affiliations-current": true, "deposits-funders-current": true, "deposits-references-backfile": true, "deposits-abstracts-backfile": false, "deposits-licenses-backfile": true, "deposits-award-numbers-backfile": true, "deposits-open-references-backfile": true, "deposits-open-references-current": true, "deposits-references-current": true, "deposits-resource-links-backfile": true, "deposits-orcids-backfile": true, "deposits-funders-backfile": true, "deposits-update-policies-current": true, "deposits-similarity-checking-current": true, "deposits-licenses-current": true}, "ISSN": ["1542-4863", "0007-9235"], "issn-type": [{"value": "1542-4863", "type": "electronic"}, {"value": "0007-9235", "type": "print"}]}