{"last-status-check-time": 1620993455270, "counts": {"total-dois": 556, "current-dois": 29, "backfile-dois": 527}, "breakdowns": {"dois-by-issued-year": [[2015, 35], [1998, 32], [2019, 29], [2016, 28], [2009, 28], [2018, 27], [2012, 27], [2010, 27], [2017, 26], [2003, 26], [2014, 24], [2013, 24], [2011, 24], [2005, 24], [2000, 24], [2008, 23], [2006, 21], [2004, 21], [2001, 21], [2007, 19], [2002, 19], [1999, 14], [1997, 13]]}, "publisher": "SciELO", "coverage": {"affiliations-current": 0.9655172228813171, "similarity-checking-current": 1.0, "funders-backfile": 0.0, "licenses-backfile": 0.0, "funders-current": 0.0, "affiliations-backfile": 0.8519924283027649, "resource-links-backfile": 0.0, "orcids-backfile": 0.01138519961386919, "update-policies-current": 0.0, "open-references-backfile": 1.0, "orcids-current": 0.9655172228813171, "similarity-checking-backfile": 0.9127134680747986, "references-backfile": 0.8671726584434509, "award-numbers-backfile": 0.0, "update-policies-backfile": 0.0, "licenses-current": 1.0, "award-numbers-current": 0.0, "abstracts-backfile": 0.8159393072128296, "resource-links-current": 0.0, "abstracts-current": 0.8620689511299133, "open-references-current": 1.0, "references-current": 0.9655172228813171}, "title": "Cadernos CEDES", "subjects": [{"name": "Education", "ASJC": 3304}], "coverage-type": {"all": {"last-status-check-time": 1620993447336, "affiliations": 0.8579136729240417, "abstracts": 0.818345308303833, "orcids": 0.06115107983350754, "licenses": 0.05215827375650406, "references": 0.8723021745681763, "funders": 0.0, "similarity-checking": 0.9172661900520325, "award-numbers": 0.0, "update-policies": 0.0, "resource-links": 0.0, "open-references": 1.0}, "backfile": {"last-status-check-time": 1620993444837, "affiliations": 0.8519924283027649, "abstracts": 0.8159393072128296, "orcids": 0.01138519961386919, "licenses": 0.0, "references": 0.8671726584434509, "funders": 0.0, "similarity-checking": 0.9127134680747986, "award-numbers": 0.0, "update-policies": 0.0, "resource-links": 0.0, "open-references": 1.0}, "current": {"last-status-check-time": 1620993442282, "affiliations": 0.9655172228813171, "abstracts": 0.8620689511299133, "orcids": 0.9655172228813171, "licenses": 1.0, "references": 0.9655172228813171, "funders": 0.0, "similarity-checking": 1.0, "award-numbers": 0.0, "update-policies": 0.0, "resource-links": 0.0, "open-references": 1.0}}, "flags": {"deposits-abstracts-current": true, "deposits-orcids-current": true, "deposits": true, "deposits-affiliations-backfile": true, "deposits-update-policies-backfile": false, "deposits-similarity-checking-backfile": true, "deposits-award-numbers-current": false, "deposits-resource-links-current": false, "deposits-articles": true, "deposits-affiliations-current": true, "deposits-funders-current": false, "deposits-references-backfile": true, "deposits-abstracts-backfile": true, "deposits-licenses-backfile": false, "deposits-award-numbers-backfile": false, "deposits-open-references-backfile": true, "deposits-open-references-current": true, "deposits-references-current": true, "deposits-resource-links-backfile": false, "deposits-orcids-backfile": true, "deposits-funders-backfile": false, "deposits-update-policies-current": false, "deposits-similarity-checking-current": true, "deposits-licenses-current": true}, "ISSN": ["0101-3262", "0101-3262"], "issn-type": [{"value": "0101-3262", "type": "electronic"}, {"value": "0101-3262", "type": "print"}]}