{"last-status-check-time": 1620998299365, "counts": {"total-dois": 760, "current-dois": 112, "backfile-dois": 648}, "breakdowns": {"dois-by-issued-year": [[2020, 57], [2018, 57], [2019, 55], [2016, 51], [2008, 50], [2015, 42], [2006, 41], [2017, 40], [2007, 40], [2013, 39], [2011, 37], [2012, 34], [2009, 34], [2010, 33], [2002, 32], [2005, 31], [2004, 30], [2003, 24], [2014, 18], [2001, 15]]}, "publisher": "SciELO", "coverage": {"affiliations-current": 0.9910714030265808, "similarity-checking-current": 1.0, "funders-backfile": 0.0, "licenses-backfile": 0.0, "funders-current": 0.0, "affiliations-backfile": 0.8672839403152466, "resource-links-backfile": 0.0, "orcids-backfile": 0.029320986941456795, "update-policies-current": 0.0, "open-references-backfile": 1.0, "orcids-current": 0.9910714030265808, "similarity-checking-backfile": 1.0, "references-backfile": 0.8425925970077515, "award-numbers-backfile": 0.0, "update-policies-backfile": 0.0, "licenses-current": 1.0, "award-numbers-current": 0.0, "abstracts-backfile": 0.6913580298423767, "resource-links-current": 0.0, "abstracts-current": 0.8660714030265808, "open-references-current": 1.0, "references-current": 0.9732142686843872}, "title": "Cadernos Pagu", "subjects": [{"name": "Gender Studies", "ASJC": 3318}], "coverage-type": {"all": {"last-status-check-time": 1620998291415, "affiliations": 0.8855262994766235, "abstracts": 0.7171052694320679, "orcids": 0.17105263471603394, "licenses": 0.1473684161901474, "references": 0.8618420958518982, "funders": 0.0, "similarity-checking": 1.0, "award-numbers": 0.0, "update-policies": 0.0, "resource-links": 0.0, "open-references": 1.0}, "backfile": {"last-status-check-time": 1620998288489, "affiliations": 0.8672839403152466, "abstracts": 0.6913580298423767, "orcids": 0.029320986941456795, "licenses": 0.0, "references": 0.8425925970077515, "funders": 0.0, "similarity-checking": 1.0, "award-numbers": 0.0, "update-policies": 0.0, "resource-links": 0.0, "open-references": 1.0}, "current": {"last-status-check-time": 1620998285755, "affiliations": 0.9910714030265808, "abstracts": 0.8660714030265808, "orcids": 0.9910714030265808, "licenses": 1.0, "references": 0.9732142686843872, "funders": 0.0, "similarity-checking": 1.0, "award-numbers": 0.0, "update-policies": 0.0, "resource-links": 0.0, "open-references": 1.0}}, "flags": {"deposits-abstracts-current": true, "deposits-orcids-current": true, "deposits": true, "deposits-affiliations-backfile": true, "deposits-update-policies-backfile": false, "deposits-similarity-checking-backfile": true, "deposits-award-numbers-current": false, "deposits-resource-links-current": false, "deposits-articles": true, "deposits-affiliations-current": true, "deposits-funders-current": false, "deposits-references-backfile": true, "deposits-abstracts-backfile": true, "deposits-licenses-backfile": false, "deposits-award-numbers-backfile": false, "deposits-open-references-backfile": true, "deposits-open-references-current": true, "deposits-references-current": true, "deposits-resource-links-backfile": false, "deposits-orcids-backfile": true, "deposits-funders-backfile": false, "deposits-update-policies-current": false, "deposits-similarity-checking-current": true, "deposits-licenses-current": true}, "ISSN": ["0104-8333", "0104-8333"], "issn-type": [{"value": "0104-8333", "type": "electronic"}, {"value": "0104-8333", "type": "print"}]}