{"last-status-check-time": 1620733229340, "counts": {"total-dois": 917, "current-dois": 91, "backfile-dois": 826}, "breakdowns": {"dois-by-issued-year": [[2008, 90], [2010, 86], [2009, 83], [2013, 79], [2011, 77], [2007, 62], [2017, 61], [2012, 61], [2015, 59], [2014, 55], [2016, 52], [2018, 48], [2020, 40], [2019, 30], [2021, 21], [2006, 13]]}, "publisher": "EDP Sciences", "coverage": {"affiliations-current": 0.0, "similarity-checking-current": 1.0, "funders-backfile": 0.016949152573943138, "licenses-backfile": 0.06174334138631821, "funders-current": 0.18681319057941437, "affiliations-backfile": 0.0, "resource-links-backfile": 0.0, "orcids-backfile": 0.025423727929592133, "update-policies-current": 0.0, "open-references-backfile": 1.0, "orcids-current": 0.5274725556373596, "similarity-checking-backfile": 0.19491524994373322, "references-backfile": 0.17796610295772552, "award-numbers-backfile": 0.006053268909454346, "update-policies-backfile": 0.0, "licenses-current": 1.0, "award-numbers-current": 0.08791209012269974, "abstracts-backfile": 0.05811138078570366, "resource-links-current": 0.0, "abstracts-current": 0.9230769276618958, "open-references-current": 1.0, "references-current": 0.9230769276618958}, "title": "Cahiers Agricultures", "subjects": [{"name": "Agronomy and Crop Science", "ASJC": 1102}, {"name": "Animal Science and Zoology", "ASJC": 1103}, {"name": "Management, Monitoring, Policy and Law", "ASJC": 2308}], "coverage-type": {"all": {"last-status-check-time": 1620733222571, "affiliations": 0.0, "abstracts": 0.14394766092300415, "orcids": 0.07524536550045013, "licenses": 0.15485277771949768, "references": 0.25190839171409607, "funders": 0.03380588814616203, "similarity-checking": 0.2748091518878937, "award-numbers": 0.014176663011312485, "update-policies": 0.0, "resource-links": 0.0, "open-references": 1.0}, "backfile": {"last-status-check-time": 1620733220040, "affiliations": 0.0, "abstracts": 0.05811138078570366, "orcids": 0.025423727929592133, "licenses": 0.06174334138631821, "references": 0.17796610295772552, "funders": 0.016949152573943138, "similarity-checking": 0.19491524994373322, "award-numbers": 0.006053268909454346, "update-policies": 0.0, "resource-links": 0.0, "open-references": 1.0}, "current": {"last-status-check-time": 1620733217743, "affiliations": 0.0, "abstracts": 0.9230769276618958, "orcids": 0.5274725556373596, "licenses": 1.0, "references": 0.9230769276618958, "funders": 0.18681319057941437, "similarity-checking": 1.0, "award-numbers": 0.08791209012269974, "update-policies": 0.0, "resource-links": 0.0, "open-references": 1.0}}, "flags": {"deposits-abstracts-current": true, "deposits-orcids-current": true, "deposits": true, "deposits-affiliations-backfile": false, "deposits-update-policies-backfile": false, "deposits-similarity-checking-backfile": true, "deposits-award-numbers-current": true, "deposits-resource-links-current": false, "deposits-articles": true, "deposits-affiliations-current": false, "deposits-funders-current": true, "deposits-references-backfile": true, "deposits-abstracts-backfile": true, "deposits-licenses-backfile": true, "deposits-award-numbers-backfile": true, "deposits-open-references-backfile": true, "deposits-open-references-current": true, "deposits-references-current": true, "deposits-resource-links-backfile": false, "deposits-orcids-backfile": true, "deposits-funders-backfile": true, "deposits-update-policies-current": false, "deposits-similarity-checking-current": true, "deposits-licenses-current": true}, "ISSN": ["1777-5949", "1166-7699"], "issn-type": [{"value": "1777-5949", "type": "electronic"}, {"value": "1166-7699", "type": "print"}]}