{"last-status-check-time": 1617050101471, "counts": {"total-dois": 453, "current-dois": 200, "backfile-dois": 253}, "breakdowns": {"dois-by-issued-year": [[2020, 107], [2019, 71], [2018, 66], [2015, 54], [2016, 52], [2017, 47], [2014, 34], [2021, 22]]}, "publisher": "SAGE Publications", "coverage": {"affiliations-current": 0.9750000238418579, "similarity-checking-current": 1.0, "funders-backfile": 0.197628453373909, "licenses-backfile": 1.0, "funders-current": 0.42500001192092896, "affiliations-backfile": 0.9802371263504028, "resource-links-backfile": 1.0, "orcids-backfile": 0.08695652335882187, "update-policies-current": 1.0, "open-references-backfile": 1.0, "orcids-current": 0.8949999809265137, "similarity-checking-backfile": 1.0, "references-backfile": 0.9683794379234314, "award-numbers-backfile": 0.10276679694652557, "update-policies-backfile": 1.0, "licenses-current": 1.0, "award-numbers-current": 0.19499999284744263, "abstracts-backfile": 0.20158103108406067, "resource-links-current": 1.0, "abstracts-current": 0.8500000238418579, "open-references-current": 1.0, "references-current": 0.9750000238418579}, "title": "Canadian Journal of Kidney Health and Disease", "subjects": [], "coverage-type": {"all": {"last-status-check-time": 1617050087859, "affiliations": 0.9779249429702759, "abstracts": 0.48785871267318726, "orcids": 0.443708598613739, "licenses": 1.0, "references": 0.9713024497032166, "funders": 0.29801324009895325, "similarity-checking": 1.0, "award-numbers": 0.1434878557920456, "update-policies": 1.0, "resource-links": 1.0, "open-references": 1.0}, "backfile": {"last-status-check-time": 1617050083520, "affiliations": 0.9802371263504028, "abstracts": 0.20158103108406067, "orcids": 0.08695652335882187, "licenses": 1.0, "references": 0.9683794379234314, "funders": 0.197628453373909, "similarity-checking": 1.0, "award-numbers": 0.10276679694652557, "update-policies": 1.0, "resource-links": 1.0, "open-references": 1.0}, "current": {"last-status-check-time": 1617050080086, "affiliations": 0.9750000238418579, "abstracts": 0.8500000238418579, "orcids": 0.8949999809265137, "licenses": 1.0, "references": 0.9750000238418579, "funders": 0.42500001192092896, "similarity-checking": 1.0, "award-numbers": 0.19499999284744263, "update-policies": 1.0, "resource-links": 1.0, "open-references": 1.0}}, "flags": {"deposits-abstracts-current": true, "deposits-orcids-current": true, "deposits": true, "deposits-affiliations-backfile": true, "deposits-update-policies-backfile": true, "deposits-similarity-checking-backfile": true, "deposits-award-numbers-current": true, "deposits-resource-links-current": true, "deposits-articles": true, "deposits-affiliations-current": true, "deposits-funders-current": true, "deposits-references-backfile": true, "deposits-abstracts-backfile": true, "deposits-licenses-backfile": true, "deposits-award-numbers-backfile": true, "deposits-open-references-backfile": true, "deposits-open-references-current": true, "deposits-references-current": true, "deposits-resource-links-backfile": true, "deposits-orcids-backfile": true, "deposits-funders-backfile": true, "deposits-update-policies-current": true, "deposits-similarity-checking-current": true, "deposits-licenses-current": true}, "ISSN": ["2054-3581", "2054-3581"], "issn-type": [{"value": "2054-3581", "type": "electronic"}, {"value": "2054-3581", "type": "print"}]}