{"last-status-check-time": 1621141654906, "counts": {"total-dois": 685, "current-dois": 184, "backfile-dois": 501}, "breakdowns": {"dois-by-issued-year": [[2014, 122], [2018, 120], [2016, 111], [2015, 88], [2019, 79], [2017, 60], [2020, 58], [2021, 47]]}, "publisher": "Hindawi Limited", "coverage": {"affiliations-current": 1.0, "similarity-checking-current": 1.0, "funders-backfile": 0.227544903755188, "licenses-backfile": 1.0, "funders-current": 0.52173912525177, "affiliations-backfile": 0.9540917873382568, "resource-links-backfile": 1.0, "orcids-backfile": 0.4830339252948761, "update-policies-current": 0.0, "open-references-backfile": 1.0, "orcids-current": 1.0, "similarity-checking-backfile": 1.0, "references-backfile": 0.57485032081604, "award-numbers-backfile": 0.13772454857826233, "update-policies-backfile": 0.0, "licenses-current": 1.0, "award-numbers-current": 0.40760868787765503, "abstracts-backfile": 0.7644710540771484, "resource-links-current": 1.0, "abstracts-current": 0.967391312122345, "open-references-current": 1.0, "references-current": 0.9836956262588501}, "title": "Canadian Journal of Gastroenterology and Hepatology", "subjects": [{"name": "General Medicine", "ASJC": 2700}, {"name": "Gastroenterology", "ASJC": 2715}, {"name": "Hepatology", "ASJC": 2721}], "coverage-type": {"all": {"last-status-check-time": 1621141648201, "affiliations": 0.9650145769119263, "abstracts": 0.8177842497825623, "orcids": 0.6209912300109863, "licenses": 0.9985422492027283, "references": 0.6836734414100647, "funders": 0.30612245202064514, "similarity-checking": 0.9985422492027283, "award-numbers": 0.20991253852844238, "update-policies": 0.0, "resource-links": 0.9985422492027283, "open-references": 1.0}, "backfile": {"last-status-check-time": 1621141646186, "affiliations": 0.9540917873382568, "abstracts": 0.7644710540771484, "orcids": 0.4830339252948761, "licenses": 1.0, "references": 0.57485032081604, "funders": 0.227544903755188, "similarity-checking": 1.0, "award-numbers": 0.13772454857826233, "update-policies": 0.0, "resource-links": 1.0, "open-references": 1.0}, "current": {"last-status-check-time": 1621141644112, "affiliations": 1.0, "abstracts": 0.967391312122345, "orcids": 1.0, "licenses": 1.0, "references": 0.9836956262588501, "funders": 0.52173912525177, "similarity-checking": 1.0, "award-numbers": 0.40760868787765503, "update-policies": 0.0, "resource-links": 1.0, "open-references": 1.0}}, "flags": {"deposits-abstracts-current": true, "deposits-orcids-current": true, "deposits": true, "deposits-affiliations-backfile": true, "deposits-update-policies-backfile": false, "deposits-similarity-checking-backfile": true, "deposits-award-numbers-current": true, "deposits-resource-links-current": true, "deposits-articles": true, "deposits-affiliations-current": true, "deposits-funders-current": true, "deposits-references-backfile": true, "deposits-abstracts-backfile": true, "deposits-licenses-backfile": true, "deposits-award-numbers-backfile": true, "deposits-open-references-backfile": true, "deposits-open-references-current": true, "deposits-references-current": true, "deposits-resource-links-backfile": true, "deposits-orcids-backfile": true, "deposits-funders-backfile": true, "deposits-update-policies-current": false, "deposits-similarity-checking-current": true, "deposits-licenses-current": true}, "ISSN": ["2291-2797", "2291-2789"], "issn-type": [{"value": "2291-2797", "type": "electronic"}, {"value": "2291-2789", "type": "print"}]}