{"last-status-check-time": 1618750458356, "counts": {"total-dois": 796, "current-dois": 41, "backfile-dois": 755}, "breakdowns": {"dois-by-issued-year": [[2017, 56], [2015, 48], [2018, 47], [2014, 45], [2013, 44], [2010, 34], [2012, 31], [2009, 26], [2020, 23], [2001, 22], [2008, 20], [2016, 19], [2011, 19], [2003, 19], [2000, 18], [2019, 16], [1987, 16], [2002, 14], [2005, 13], [1978, 13], [2006, 12], [2004, 12], [1992, 12], [1988, 12], [2007, 11], [1994, 11], [1986, 11], [1979, 11], [1995, 10], [1993, 10], [1989, 10], [1985, 10], [1974, 10], [1999, 9], [1998, 9], [1997, 9], [1991, 9], [1984, 9], [1980, 9], [1996, 8], [1983, 8], [1982, 8], [1976, 8], [1981, 7], [1975, 7], [1990, 5], [1977, 4], [2021, 2]]}, "publisher": "Springer-Verlag", "coverage": {"affiliations-current": 0.0, "similarity-checking-current": 1.0, "funders-backfile": 0.0, "licenses-backfile": 0.0013245033333078027, "funders-current": 0.24390244483947754, "affiliations-backfile": 0.0, "resource-links-backfile": 0.050331126898527145, "orcids-backfile": 0.0026490066666156054, "update-policies-current": 0.9756097793579102, "open-references-backfile": 1.0, "orcids-current": 0.3414634168148041, "similarity-checking-backfile": 0.050331126898527145, "references-backfile": 0.0, "award-numbers-backfile": 0.0, "update-policies-backfile": 0.0, "licenses-current": 1.0, "award-numbers-current": 0.24390244483947754, "abstracts-backfile": 0.4119205176830292, "resource-links-current": 1.0, "abstracts-current": 0.0, "open-references-current": 1.0, "references-current": 0.7804877758026123}, "title": "Canadian Studies in Population", "subjects": [{"name": "History", "ASJC": 1202}, {"name": "Demography", "ASJC": 3317}], "coverage-type": {"all": {"last-status-check-time": 1618750450388, "affiliations": 0.0, "abstracts": 0.3907035291194916, "orcids": 0.02010050229728222, "licenses": 0.05276381969451904, "references": 0.04020100459456444, "funders": 0.01256281416863203, "similarity-checking": 0.09924623370170593, "award-numbers": 0.01256281416863203, "update-policies": 0.05025125667452812, "resource-links": 0.09924623370170593, "open-references": 1.0}, "backfile": {"last-status-check-time": 1618750447854, "affiliations": 0.0, "abstracts": 0.4119205176830292, "orcids": 0.0026490066666156054, "licenses": 0.0013245033333078027, "references": 0.0, "funders": 0.0, "similarity-checking": 0.050331126898527145, "award-numbers": 0.0, "update-policies": 0.0, "resource-links": 0.050331126898527145, "open-references": 1.0}, "current": {"last-status-check-time": 1618750445101, "affiliations": 0.0, "abstracts": 0.0, "orcids": 0.3414634168148041, "licenses": 1.0, "references": 0.7804877758026123, "funders": 0.24390244483947754, "similarity-checking": 1.0, "award-numbers": 0.24390244483947754, "update-policies": 0.9756097793579102, "resource-links": 1.0, "open-references": 1.0}}, "flags": {"deposits-abstracts-current": false, "deposits-orcids-current": true, "deposits": true, "deposits-affiliations-backfile": false, "deposits-update-policies-backfile": false, "deposits-similarity-checking-backfile": true, "deposits-award-numbers-current": true, "deposits-resource-links-current": true, "deposits-articles": true, "deposits-affiliations-current": false, "deposits-funders-current": true, "deposits-references-backfile": false, "deposits-abstracts-backfile": true, "deposits-licenses-backfile": true, "deposits-award-numbers-backfile": false, "deposits-open-references-backfile": true, "deposits-open-references-current": true, "deposits-references-current": true, "deposits-resource-links-backfile": true, "deposits-orcids-backfile": true, "deposits-funders-backfile": false, "deposits-update-policies-current": true, "deposits-similarity-checking-current": true, "deposits-licenses-current": true}, "ISSN": ["1927-629X", "0380-1489"], "issn-type": [{"value": "1927-629X", "type": "electronic"}, {"value": "0380-1489", "type": "print"}]}