{"last-status-check-time": 1621232465186, "counts": {"total-dois": 911, "current-dois": 31, "backfile-dois": 880}, "breakdowns": {"dois-by-issued-year": [[2009, 165], [1985, 43], [1984, 41], [2015, 34], [1983, 33], [1982, 32], [2010, 31], [2012, 26], [2002, 26], [2013, 25], [2008, 25], [2005, 25], [2004, 25], [2006, 23], [2020, 22], [2016, 22], [2018, 21], [2017, 21], [2014, 21], [2003, 21], [1992, 19], [1991, 19], [2011, 18], [1994, 18], [1988, 17], [2007, 16], [1993, 16], [1997, 14], [1996, 14], [1995, 14], [1990, 13], [1989, 12], [1986, 10], [2019, 9], [1981, 7], [1987, 6], [1998, 4], [1999, 3]]}, "publisher": "University of Alberta - Canadian Journal of Learning and Technology", "coverage": {"affiliations-current": 0.0, "similarity-checking-current": 1.0, "funders-backfile": 0.0, "licenses-backfile": 1.0, "funders-current": 0.0, "affiliations-backfile": 0.0, "resource-links-backfile": 0.2034090906381607, "orcids-backfile": 0.003409090917557478, "update-policies-current": 0.0, "open-references-backfile": 1.0, "orcids-current": 0.12903225421905518, "similarity-checking-backfile": 0.2034090906381607, "references-backfile": 0.0, "award-numbers-backfile": 0.0, "update-policies-backfile": 0.0, "licenses-current": 1.0, "award-numbers-current": 0.0, "abstracts-backfile": 0.4749999940395355, "resource-links-current": 1.0, "abstracts-current": 0.9032257795333862, "open-references-current": 1.0, "references-current": 0.0}, "title": "Canadian Journal of Learning and Technology", "subjects": [], "coverage-type": {"all": {"last-status-check-time": 1621232457401, "affiliations": 0.0, "abstracts": 0.4895718991756439, "orcids": 0.007683863863348961, "licenses": 1.0, "references": 0.0, "funders": 0.0, "similarity-checking": 0.23051591217517853, "award-numbers": 0.0, "update-policies": 0.0, "resource-links": 0.23051591217517853, "open-references": 1.0}, "backfile": {"last-status-check-time": 1621232454687, "affiliations": 0.0, "abstracts": 0.4749999940395355, "orcids": 0.003409090917557478, "licenses": 1.0, "references": 0.0, "funders": 0.0, "similarity-checking": 0.2034090906381607, "award-numbers": 0.0, "update-policies": 0.0, "resource-links": 0.2034090906381607, "open-references": 1.0}, "current": {"last-status-check-time": 1621232452300, "affiliations": 0.0, "abstracts": 0.9032257795333862, "orcids": 0.12903225421905518, "licenses": 1.0, "references": 0.0, "funders": 0.0, "similarity-checking": 1.0, "award-numbers": 0.0, "update-policies": 0.0, "resource-links": 1.0, "open-references": 1.0}}, "flags": {"deposits-abstracts-current": true, "deposits-orcids-current": true, "deposits": true, "deposits-affiliations-backfile": false, "deposits-update-policies-backfile": false, "deposits-similarity-checking-backfile": true, "deposits-award-numbers-current": false, "deposits-resource-links-current": true, "deposits-articles": true, "deposits-affiliations-current": false, "deposits-funders-current": false, "deposits-references-backfile": false, "deposits-abstracts-backfile": true, "deposits-licenses-backfile": true, "deposits-award-numbers-backfile": false, "deposits-open-references-backfile": true, "deposits-open-references-current": true, "deposits-references-current": false, "deposits-resource-links-backfile": true, "deposits-orcids-backfile": true, "deposits-funders-backfile": false, "deposits-update-policies-current": false, "deposits-similarity-checking-current": true, "deposits-licenses-current": true}, "ISSN": ["1499-6685", "1499-6677"], "issn-type": [{"value": "1499-6685", "type": "electronic"}, {"value": "1499-6677", "type": "print"}]}