{"last-status-check-time": 1620915950045, "counts": {"total-dois": 1073, "current-dois": 166, "backfile-dois": 907}, "breakdowns": {"dois-by-issued-year": [[2015, 86], [2014, 83], [2013, 79], [2020, 77], [2009, 72], [2018, 69], [2007, 68], [2016, 67], [2012, 63], [2006, 61], [2019, 58], [2008, 57], [2005, 54], [2010, 49], [2017, 37], [2011, 33], [2021, 31], [2004, 29]]}, "publisher": "Hindawi Limited", "coverage": {"affiliations-current": 1.0, "similarity-checking-current": 1.0, "funders-backfile": 0.17640572786331177, "licenses-backfile": 1.0, "funders-current": 0.5843373537063599, "affiliations-backfile": 0.8930540084838867, "resource-links-backfile": 1.0, "orcids-backfile": 0.15656009316444397, "update-policies-current": 0.0, "open-references-backfile": 1.0, "orcids-current": 1.0, "similarity-checking-backfile": 1.0, "references-backfile": 0.18963615596294403, "award-numbers-backfile": 0.06063947081565857, "update-policies-backfile": 0.0, "licenses-current": 1.0, "award-numbers-current": 0.4337349534034729, "abstracts-backfile": 0.7541345357894897, "resource-links-current": 1.0, "abstracts-current": 0.9578313231468201, "open-references-current": 1.0, "references-current": 1.0}, "title": "Canadian Journal of Infectious Diseases and Medical Microbiology", "subjects": [{"name": "Infectious Diseases", "ASJC": 2725}, {"name": "Microbiology (medical)", "ASJC": 2726}], "coverage-type": {"all": {"last-status-check-time": 1620915941672, "affiliations": 0.9087523221969604, "abstracts": 0.7849162220954895, "orcids": 0.28677839040756226, "licenses": 0.9990689158439636, "references": 0.3147113621234894, "funders": 0.23929236829280853, "similarity-checking": 0.9990689158439636, "award-numbers": 0.11824953556060791, "update-policies": 0.0, "resource-links": 0.9990689158439636, "open-references": 1.0}, "backfile": {"last-status-check-time": 1620915939002, "affiliations": 0.8930540084838867, "abstracts": 0.7541345357894897, "orcids": 0.15656009316444397, "licenses": 1.0, "references": 0.18963615596294403, "funders": 0.17640572786331177, "similarity-checking": 1.0, "award-numbers": 0.06063947081565857, "update-policies": 0.0, "resource-links": 1.0, "open-references": 1.0}, "current": {"last-status-check-time": 1620915936402, "affiliations": 1.0, "abstracts": 0.9578313231468201, "orcids": 1.0, "licenses": 1.0, "references": 1.0, "funders": 0.5843373537063599, "similarity-checking": 1.0, "award-numbers": 0.4337349534034729, "update-policies": 0.0, "resource-links": 1.0, "open-references": 1.0}}, "flags": {"deposits-abstracts-current": true, "deposits-orcids-current": true, "deposits": true, "deposits-affiliations-backfile": true, "deposits-update-policies-backfile": false, "deposits-similarity-checking-backfile": true, "deposits-award-numbers-current": true, "deposits-resource-links-current": true, "deposits-articles": true, "deposits-affiliations-current": true, "deposits-funders-current": true, "deposits-references-backfile": true, "deposits-abstracts-backfile": true, "deposits-licenses-backfile": true, "deposits-award-numbers-backfile": true, "deposits-open-references-backfile": true, "deposits-open-references-current": true, "deposits-references-current": true, "deposits-resource-links-backfile": true, "deposits-orcids-backfile": true, "deposits-funders-backfile": true, "deposits-update-policies-current": false, "deposits-similarity-checking-current": true, "deposits-licenses-current": true}, "ISSN": ["1918-1493", "1712-9532"], "issn-type": [{"value": "1918-1493", "type": "electronic"}, {"value": "1712-9532", "type": "print"}]}