{"last-status-check-time": 1621072091936, "counts": {"total-dois": 2942, "current-dois": 53, "backfile-dois": 2889}, "breakdowns": {"dois-by-issued-year": [[2008, 128], [2009, 127], [2010, 113], [1989, 96], [2015, 90], [1981, 89], [1985, 87], [1986, 84], [1994, 83], [1996, 77], [1991, 75], [1990, 75], [1984, 75], [1997, 73], [1982, 70], [1980, 69], [1992, 66], [2013, 62], [2002, 62], [1995, 62], [1979, 61], [2003, 59], [1993, 58], [1987, 57], [2016, 56], [2004, 56], [2001, 56], [1999, 56], [2014, 55], [2007, 54], [1983, 54], [1978, 54], [2006, 53], [2000, 51], [1977, 51], [1975, 51], [2011, 50], [2017, 49], [2005, 48], [2012, 47], [2018, 42], [1988, 42], [1998, 39], [2019, 33], [2020, 20], [1976, 16], [1969, 11]]}, "publisher": "JSTOR", "coverage": {"affiliations-current": 0.0, "similarity-checking-current": 1.0, "funders-backfile": 0.0, "licenses-backfile": 0.0, "funders-current": 0.0, "affiliations-backfile": 0.0, "resource-links-backfile": 0.2758740186691284, "orcids-backfile": 0.002076843287795782, "update-policies-current": 0.0, "open-references-backfile": 1.0, "orcids-current": 0.09433962404727936, "similarity-checking-backfile": 0.2758740186691284, "references-backfile": 0.0, "award-numbers-backfile": 0.0, "update-policies-backfile": 0.0, "licenses-current": 0.698113203048706, "award-numbers-current": 0.0, "abstracts-backfile": 0.06888196617364883, "resource-links-current": 1.0, "abstracts-current": 0.7169811129570007, "open-references-current": 1.0, "references-current": 0.0}, "title": "Canadian Journal of Sociology / Cahiers canadiens de sociologie", "subjects": [{"name": "Sociology and Political Science", "ASJC": 3312}], "coverage-type": {"all": {"last-status-check-time": 1621072084018, "affiliations": 0.0, "abstracts": 0.0805574432015419, "orcids": 0.003738953033462167, "licenses": 0.012576478533446789, "references": 0.0, "funders": 0.0, "similarity-checking": 0.2889190912246704, "award-numbers": 0.0, "update-policies": 0.0, "resource-links": 0.2889190912246704, "open-references": 1.0}, "backfile": {"last-status-check-time": 1621072081451, "affiliations": 0.0, "abstracts": 0.06888196617364883, "orcids": 0.002076843287795782, "licenses": 0.0, "references": 0.0, "funders": 0.0, "similarity-checking": 0.2758740186691284, "award-numbers": 0.0, "update-policies": 0.0, "resource-links": 0.2758740186691284, "open-references": 1.0}, "current": {"last-status-check-time": 1621072078993, "affiliations": 0.0, "abstracts": 0.7169811129570007, "orcids": 0.09433962404727936, "licenses": 0.698113203048706, "references": 0.0, "funders": 0.0, "similarity-checking": 1.0, "award-numbers": 0.0, "update-policies": 0.0, "resource-links": 1.0, "open-references": 1.0}}, "flags": {"deposits-abstracts-current": true, "deposits-orcids-current": true, "deposits": true, "deposits-affiliations-backfile": false, "deposits-update-policies-backfile": false, "deposits-similarity-checking-backfile": true, "deposits-award-numbers-current": false, "deposits-resource-links-current": true, "deposits-articles": true, "deposits-affiliations-current": false, "deposits-funders-current": false, "deposits-references-backfile": false, "deposits-abstracts-backfile": true, "deposits-licenses-backfile": false, "deposits-award-numbers-backfile": false, "deposits-open-references-backfile": true, "deposits-open-references-current": true, "deposits-references-current": false, "deposits-resource-links-backfile": true, "deposits-orcids-backfile": true, "deposits-funders-backfile": false, "deposits-update-policies-current": false, "deposits-similarity-checking-current": true, "deposits-licenses-current": true}, "ISSN": ["0318-6431", "0318-6431"], "issn-type": [{"value": "0318-6431", "type": "electronic"}, {"value": "0318-6431", "type": "print"}]}