{"last-status-check-time": 1620673254710, "counts": {"total-dois": 4218, "current-dois": 314, "backfile-dois": 3904}, "breakdowns": {"dois-by-issued-year": [[2012, 239], [2010, 220], [2013, 204], [2009, 200], [2015, 192], [2008, 184], [2014, 182], [2011, 172], [2007, 161], [2017, 156], [2006, 149], [2005, 143], [2019, 135], [2004, 132], [2016, 131], [2018, 124], [2000, 123], [2003, 121], [2002, 121], [2001, 116], [2020, 111], [1996, 106], [1997, 105], [1992, 100], [1998, 89], [1995, 84], [1994, 84], [1999, 83], [1991, 73], [1993, 69], [2021, 68], [1990, 41]]}, "publisher": "Springer-Verlag", "coverage": {"affiliations-current": 0.0, "similarity-checking-current": 1.0, "funders-backfile": 0.09451844543218613, "licenses-backfile": 0.7589651346206665, "funders-current": 0.7420381903648376, "affiliations-backfile": 0.0, "resource-links-backfile": 0.7589651346206665, "orcids-backfile": 0.04610655829310417, "update-policies-current": 1.0, "open-references-backfile": 1.0, "orcids-current": 0.7834395170211792, "similarity-checking-backfile": 0.7792007923126221, "references-backfile": 0.7412909865379333, "award-numbers-backfile": 0.08222336322069168, "update-policies-backfile": 0.1905737668275833, "licenses-current": 1.0, "award-numbers-current": 0.6337579488754272, "abstracts-backfile": 0.0, "resource-links-current": 1.0, "abstracts-current": 0.07961783558130264, "open-references-current": 1.0, "references-current": 0.9904458522796631}, "title": "Cancer Causes & Control", "subjects": [{"name": "Cancer Research", "ASJC": 1306}, {"name": "Oncology", "ASJC": 2730}], "coverage-type": {"all": {"last-status-check-time": 1620673248314, "affiliations": 0.0, "abstracts": 0.00592557480558753, "orcids": 0.10097179561853409, "licenses": 0.7767243385314941, "references": 0.759658694267273, "funders": 0.1426878422498703, "similarity-checking": 0.7954491376876831, "award-numbers": 0.12325195223093033, "update-policies": 0.25077033042907715, "resource-links": 0.7767243385314941, "open-references": 1.0}, "backfile": {"last-status-check-time": 1620673246276, "affiliations": 0.0, "abstracts": 0.0, "orcids": 0.04610655829310417, "licenses": 0.7589651346206665, "references": 0.7412909865379333, "funders": 0.09451844543218613, "similarity-checking": 0.7792007923126221, "award-numbers": 0.08222336322069168, "update-policies": 0.1905737668275833, "resource-links": 0.7589651346206665, "open-references": 1.0}, "current": {"last-status-check-time": 1620673243975, "affiliations": 0.0, "abstracts": 0.07961783558130264, "orcids": 0.7834395170211792, "licenses": 1.0, "references": 0.9904458522796631, "funders": 0.7420381903648376, "similarity-checking": 1.0, "award-numbers": 0.6337579488754272, "update-policies": 1.0, "resource-links": 1.0, "open-references": 1.0}}, "flags": {"deposits-abstracts-current": true, "deposits-orcids-current": true, "deposits": true, "deposits-affiliations-backfile": false, "deposits-update-policies-backfile": true, "deposits-similarity-checking-backfile": true, "deposits-award-numbers-current": true, "deposits-resource-links-current": true, "deposits-articles": true, "deposits-affiliations-current": false, "deposits-funders-current": true, "deposits-references-backfile": true, "deposits-abstracts-backfile": false, "deposits-licenses-backfile": true, "deposits-award-numbers-backfile": true, "deposits-open-references-backfile": true, "deposits-open-references-current": true, "deposits-references-current": true, "deposits-resource-links-backfile": true, "deposits-orcids-backfile": true, "deposits-funders-backfile": true, "deposits-update-policies-current": true, "deposits-similarity-checking-current": true, "deposits-licenses-current": true}, "ISSN": ["1573-7225", "0957-5243"], "issn-type": [{"value": "1573-7225", "type": "electronic"}, {"value": "0957-5243", "type": "print"}]}