{"last-status-check-time": 1621227655265, "counts": {"total-dois": 2419, "current-dois": 1222, "backfile-dois": 1197}, "breakdowns": {"dois-by-issued-year": [[2020, 600], [2019, 360], [2021, 262], [2018, 219], [2014, 142], [2017, 124], [2015, 123], [2013, 123], [2016, 89], [2004, 66], [2012, 54], [2010, 48], [2011, 44], [2005, 34], [2009, 30], [2006, 28], [2008, 19], [2007, 18], [2003, 17], [2002, 16], [2001, 3]]}, "publisher": "Springer (Biomed Central Ltd.)", "coverage": {"affiliations-current": 0.0, "similarity-checking-current": 1.0, "funders-backfile": 0.26566416025161743, "licenses-backfile": 0.29072681069374084, "funders-current": 0.6505728363990784, "affiliations-backfile": 0.0, "resource-links-backfile": 0.29072681069374084, "orcids-backfile": 0.12614870071411133, "update-policies-current": 1.0, "open-references-backfile": 1.0, "orcids-current": 0.8126022815704346, "similarity-checking-backfile": 0.5329991579055786, "references-backfile": 0.7468671798706055, "award-numbers-backfile": 0.2506265640258789, "update-policies-backfile": 0.5271512269973755, "licenses-current": 1.0, "award-numbers-current": 0.6301145553588867, "abstracts-backfile": 0.0041771093383431435, "resource-links-current": 1.0, "abstracts-current": 0.6603928208351135, "open-references-current": 1.0, "references-current": 0.9991816878318787}, "title": "Cancer Cell International", "subjects": [{"name": "Cancer Research", "ASJC": 1306}, {"name": "Genetics", "ASJC": 1311}, {"name": "Oncology", "ASJC": 2730}], "coverage-type": {"all": {"last-status-check-time": 1621227648311, "affiliations": 0.0, "abstracts": 0.3356758952140808, "orcids": 0.472922682762146, "licenses": 0.6490285396575928, "references": 0.8743282556533813, "funders": 0.4601074755191803, "similarity-checking": 0.7689127922058105, "award-numbers": 0.44233155250549316, "update-policies": 0.7660189867019653, "resource-links": 0.6490285396575928, "open-references": 1.0}, "backfile": {"last-status-check-time": 1621227646125, "affiliations": 0.0, "abstracts": 0.0041771093383431435, "orcids": 0.12614870071411133, "licenses": 0.29072681069374084, "references": 0.7468671798706055, "funders": 0.26566416025161743, "similarity-checking": 0.5329991579055786, "award-numbers": 0.2506265640258789, "update-policies": 0.5271512269973755, "resource-links": 0.29072681069374084, "open-references": 1.0}, "current": {"last-status-check-time": 1621227643772, "affiliations": 0.0, "abstracts": 0.6603928208351135, "orcids": 0.8126022815704346, "licenses": 1.0, "references": 0.9991816878318787, "funders": 0.6505728363990784, "similarity-checking": 1.0, "award-numbers": 0.6301145553588867, "update-policies": 1.0, "resource-links": 1.0, "open-references": 1.0}}, "flags": {"deposits-abstracts-current": true, "deposits-orcids-current": true, "deposits": true, "deposits-affiliations-backfile": false, "deposits-update-policies-backfile": true, "deposits-similarity-checking-backfile": true, "deposits-award-numbers-current": true, "deposits-resource-links-current": true, "deposits-articles": true, "deposits-affiliations-current": false, "deposits-funders-current": true, "deposits-references-backfile": true, "deposits-abstracts-backfile": true, "deposits-licenses-backfile": true, "deposits-award-numbers-backfile": true, "deposits-open-references-backfile": true, "deposits-open-references-current": true, "deposits-references-current": true, "deposits-resource-links-backfile": true, "deposits-orcids-backfile": true, "deposits-funders-backfile": true, "deposits-update-policies-current": true, "deposits-similarity-checking-current": true, "deposits-licenses-current": true}, "ISSN": ["1475-2867", "1475-2867"], "issn-type": [{"value": "1475-2867", "type": "electronic"}, {"value": "1475-2867", "type": "print"}]}