{"last-status-check-time": 1620998431005, "counts": {"total-dois": 126, "current-dois": 38, "backfile-dois": 88}, "breakdowns": {"dois-by-issued-year": [[2020, 15], [2013, 15], [2021, 12], [2011, 12], [2019, 11], [2018, 11], [2016, 11], [2017, 10], [2010, 10], [2014, 8], [2012, 7], [2015, 4]]}, "publisher": "Springer-Verlag", "coverage": {"affiliations-current": 0.0, "similarity-checking-current": 1.0, "funders-backfile": 0.1931818127632141, "licenses-backfile": 1.0, "funders-current": 0.6315789222717285, "affiliations-backfile": 0.0, "resource-links-backfile": 1.0, "orcids-backfile": 0.09090909361839294, "update-policies-current": 1.0, "open-references-backfile": 1.0, "orcids-current": 0.7368420958518982, "similarity-checking-backfile": 1.0, "references-backfile": 0.9545454382896423, "award-numbers-backfile": 0.14772726595401764, "update-policies-backfile": 0.5113636255264282, "licenses-current": 1.0, "award-numbers-current": 0.5, "abstracts-backfile": 0.0, "resource-links-current": 1.0, "abstracts-current": 0.7368420958518982, "open-references-current": 1.0, "references-current": 1.0}, "title": "Cancer Nanotechnology", "subjects": [{"name": "Physical and Theoretical Chemistry", "ASJC": 1606}, {"name": "Biomedical Engineering", "ASJC": 2204}, {"name": "Oncology", "ASJC": 2730}, {"name": "Pharmaceutical Science", "ASJC": 3003}], "coverage-type": {"all": {"last-status-check-time": 1620998423111, "affiliations": 0.0, "abstracts": 0.22047244012355804, "orcids": 0.28346458077430725, "licenses": 0.9921259880065918, "references": 0.960629940032959, "funders": 0.32283464074134827, "similarity-checking": 0.9921259880065918, "award-numbers": 0.25196850299835205, "update-policies": 0.6535432934761047, "resource-links": 0.9921259880065918, "open-references": 1.0}, "backfile": {"last-status-check-time": 1620998420409, "affiliations": 0.0, "abstracts": 0.0, "orcids": 0.09090909361839294, "licenses": 1.0, "references": 0.9545454382896423, "funders": 0.1931818127632141, "similarity-checking": 1.0, "award-numbers": 0.14772726595401764, "update-policies": 0.5113636255264282, "resource-links": 1.0, "open-references": 1.0}, "current": {"last-status-check-time": 1620998417391, "affiliations": 0.0, "abstracts": 0.7368420958518982, "orcids": 0.7368420958518982, "licenses": 1.0, "references": 1.0, "funders": 0.6315789222717285, "similarity-checking": 1.0, "award-numbers": 0.5, "update-policies": 1.0, "resource-links": 1.0, "open-references": 1.0}}, "flags": {"deposits-abstracts-current": true, "deposits-orcids-current": true, "deposits": true, "deposits-affiliations-backfile": false, "deposits-update-policies-backfile": true, "deposits-similarity-checking-backfile": true, "deposits-award-numbers-current": true, "deposits-resource-links-current": true, "deposits-articles": true, "deposits-affiliations-current": false, "deposits-funders-current": true, "deposits-references-backfile": true, "deposits-abstracts-backfile": false, "deposits-licenses-backfile": true, "deposits-award-numbers-backfile": true, "deposits-open-references-backfile": true, "deposits-open-references-current": true, "deposits-references-current": true, "deposits-resource-links-backfile": true, "deposits-orcids-backfile": true, "deposits-funders-backfile": true, "deposits-update-policies-current": true, "deposits-similarity-checking-current": true, "deposits-licenses-current": true}, "ISSN": ["1868-6966", "1868-6958"], "issn-type": [{"value": "1868-6966", "type": "electronic"}, {"value": "1868-6958", "type": "print"}]}