{"last-status-check-time": 1620938334428, "counts": {"total-dois": 273, "current-dois": 63, "backfile-dois": 210}, "breakdowns": {"dois-by-issued-year": [[2015, 30], [2020, 28], [2018, 27], [2016, 26], [2019, 20], [2017, 20], [2011, 18], [2021, 15], [2006, 15], [2013, 12], [2012, 12], [2007, 12], [2009, 11], [2014, 10], [2010, 9], [2008, 8]]}, "publisher": "Springer (Biomed Central Ltd.)", "coverage": {"affiliations-current": 0.0, "similarity-checking-current": 1.0, "funders-backfile": 0.2666666805744171, "licenses-backfile": 1.0, "funders-current": 0.7142857313156128, "affiliations-backfile": 0.0, "resource-links-backfile": 1.0, "orcids-backfile": 0.2142857164144516, "update-policies-current": 1.0, "open-references-backfile": 1.0, "orcids-current": 0.761904776096344, "similarity-checking-backfile": 1.0, "references-backfile": 1.0, "award-numbers-backfile": 0.18095238506793976, "update-policies-backfile": 0.5333333611488342, "licenses-current": 1.0, "award-numbers-current": 0.5079365372657776, "abstracts-backfile": 0.0, "resource-links-current": 1.0, "abstracts-current": 0.6349206566810608, "open-references-current": 1.0, "references-current": 1.0}, "title": "Carbon Balance and Management", "subjects": [{"name": "General Earth and Planetary Sciences", "ASJC": 1900}, {"name": "Earth and Planetary Sciences (miscellaneous)", "ASJC": 1901}, {"name": "Global and Planetary Change", "ASJC": 2306}, {"name": "Management, Monitoring, Policy and Law", "ASJC": 2308}], "coverage-type": {"all": {"last-status-check-time": 1620938326325, "affiliations": 0.0, "abstracts": 0.14652015268802643, "orcids": 0.34065935015678406, "licenses": 1.0, "references": 1.0, "funders": 0.3699633777141571, "similarity-checking": 1.0, "award-numbers": 0.25641027092933655, "update-policies": 0.6410256624221802, "resource-links": 1.0, "open-references": 1.0}, "backfile": {"last-status-check-time": 1620938323714, "affiliations": 0.0, "abstracts": 0.0, "orcids": 0.2142857164144516, "licenses": 1.0, "references": 1.0, "funders": 0.2666666805744171, "similarity-checking": 1.0, "award-numbers": 0.18095238506793976, "update-policies": 0.5333333611488342, "resource-links": 1.0, "open-references": 1.0}, "current": {"last-status-check-time": 1620938320832, "affiliations": 0.0, "abstracts": 0.6349206566810608, "orcids": 0.761904776096344, "licenses": 1.0, "references": 1.0, "funders": 0.7142857313156128, "similarity-checking": 1.0, "award-numbers": 0.5079365372657776, "update-policies": 1.0, "resource-links": 1.0, "open-references": 1.0}}, "flags": {"deposits-abstracts-current": true, "deposits-orcids-current": true, "deposits": true, "deposits-affiliations-backfile": false, "deposits-update-policies-backfile": true, "deposits-similarity-checking-backfile": true, "deposits-award-numbers-current": true, "deposits-resource-links-current": true, "deposits-articles": true, "deposits-affiliations-current": false, "deposits-funders-current": true, "deposits-references-backfile": true, "deposits-abstracts-backfile": false, "deposits-licenses-backfile": true, "deposits-award-numbers-backfile": true, "deposits-open-references-backfile": true, "deposits-open-references-current": true, "deposits-references-current": true, "deposits-resource-links-backfile": true, "deposits-orcids-backfile": true, "deposits-funders-backfile": true, "deposits-update-policies-current": true, "deposits-similarity-checking-current": true, "deposits-licenses-current": true}, "ISSN": ["1750-0680", "1750-0680"], "issn-type": [{"value": "1750-0680", "type": "electronic"}, {"value": "1750-0680", "type": "print"}]}