{"last-status-check-time": 1621227630201, "counts": {"total-dois": 2062, "current-dois": 492, "backfile-dois": 1570}, "breakdowns": {"dois-by-issued-year": [[2020, 213], [2013, 180], [2019, 172], [2014, 165], [2016, 164], [2018, 160], [2017, 160], [2012, 156], [2015, 155], [2011, 118], [2021, 107], [2010, 93], [2009, 65], [2007, 39], [2008, 36], [2006, 27], [2003, 19], [2005, 18], [2004, 10], [2002, 5]]}, "publisher": "Springer (Biomed Central Ltd.)", "coverage": {"affiliations-current": 0.0, "similarity-checking-current": 1.0, "funders-backfile": 0.23949044942855835, "licenses-backfile": 0.20000000298023224, "funders-current": 0.6666666865348816, "affiliations-backfile": 0.0, "resource-links-backfile": 0.20000000298023224, "orcids-backfile": 0.1382165551185608, "update-policies-current": 1.0, "open-references-backfile": 1.0, "orcids-current": 0.7235772609710693, "similarity-checking-backfile": 0.45350319147109985, "references-backfile": 0.7579618096351624, "award-numbers-backfile": 0.16751591861248016, "update-policies-backfile": 0.44394904375076294, "licenses-current": 1.0, "award-numbers-current": 0.4979674816131592, "abstracts-backfile": 0.0012738853693008423, "resource-links-current": 1.0, "abstracts-current": 0.6321138143539429, "open-references-current": 1.0, "references-current": 1.0}, "title": "Cardiovascular Diabetology", "subjects": [{"name": "Cardiology and Cardiovascular Medicine", "ASJC": 2705}, {"name": "Endocrinology, Diabetes and Metabolism", "ASJC": 2712}], "coverage-type": {"all": {"last-status-check-time": 1621227622840, "affiliations": 0.0, "abstracts": 0.15179437398910522, "orcids": 0.2778855562210083, "licenses": 0.3908826410770416, "references": 0.8157129287719727, "funders": 0.3414160907268524, "similarity-checking": 0.5838991403579712, "award-numbers": 0.24636276066303253, "update-policies": 0.5766246318817139, "resource-links": 0.3908826410770416, "open-references": 1.0}, "backfile": {"last-status-check-time": 1621227620394, "affiliations": 0.0, "abstracts": 0.0012738853693008423, "orcids": 0.1382165551185608, "licenses": 0.20000000298023224, "references": 0.7579618096351624, "funders": 0.23949044942855835, "similarity-checking": 0.45350319147109985, "award-numbers": 0.16751591861248016, "update-policies": 0.44394904375076294, "resource-links": 0.20000000298023224, "open-references": 1.0}, "current": {"last-status-check-time": 1621227618157, "affiliations": 0.0, "abstracts": 0.6321138143539429, "orcids": 0.7235772609710693, "licenses": 1.0, "references": 1.0, "funders": 0.6666666865348816, "similarity-checking": 1.0, "award-numbers": 0.4979674816131592, "update-policies": 1.0, "resource-links": 1.0, "open-references": 1.0}}, "flags": {"deposits-abstracts-current": true, "deposits-orcids-current": true, "deposits": true, "deposits-affiliations-backfile": false, "deposits-update-policies-backfile": true, "deposits-similarity-checking-backfile": true, "deposits-award-numbers-current": true, "deposits-resource-links-current": true, "deposits-articles": true, "deposits-affiliations-current": false, "deposits-funders-current": true, "deposits-references-backfile": true, "deposits-abstracts-backfile": true, "deposits-licenses-backfile": true, "deposits-award-numbers-backfile": true, "deposits-open-references-backfile": true, "deposits-open-references-current": true, "deposits-references-current": true, "deposits-resource-links-backfile": true, "deposits-orcids-backfile": true, "deposits-funders-backfile": true, "deposits-update-policies-current": true, "deposits-similarity-checking-current": true, "deposits-licenses-current": true}, "ISSN": ["1475-2840", "1475-2840"], "issn-type": [{"value": "1475-2840", "type": "electronic"}, {"value": "1475-2840", "type": "print"}]}