{"last-status-check-time": 1618977687414, "counts": {"total-dois": 722, "current-dois": 230, "backfile-dois": 492}, "breakdowns": {"dois-by-issued-year": [[2011, 138], [2020, 118], [2012, 100], [2019, 84], [2018, 57], [2010, 50], [2016, 39], [2021, 28], [2014, 27], [2009, 26], [2013, 24], [2015, 18], [2017, 13]]}, "publisher": "Hindawi Limited", "coverage": {"affiliations-current": 0.9956521987915039, "similarity-checking-current": 1.0, "funders-backfile": 0.1971544772386551, "licenses-backfile": 1.0, "funders-current": 0.595652163028717, "affiliations-backfile": 0.9593495726585388, "resource-links-backfile": 1.0, "orcids-backfile": 0.36788618564605713, "update-policies-current": 0.0, "open-references-backfile": 1.0, "orcids-current": 0.9956521987915039, "similarity-checking-backfile": 0.9634146094322205, "references-backfile": 0.9817073345184326, "award-numbers-backfile": 0.09756097197532654, "update-policies-backfile": 0.0, "licenses-current": 1.0, "award-numbers-current": 0.5130434632301331, "abstracts-backfile": 0.9105691313743591, "resource-links-current": 1.0, "abstracts-current": 0.97826087474823, "open-references-current": 1.0, "references-current": 0.9956521987915039}, "title": "Cardiology Research and Practice", "subjects": [{"name": "Cardiology and Cardiovascular Medicine", "ASJC": 2705}], "coverage-type": {"all": {"last-status-check-time": 1618977679664, "affiliations": 0.9682320356369019, "abstracts": 0.9295580387115479, "orcids": 0.5662983655929565, "licenses": 0.9972375631332397, "references": 0.9834254384040833, "funders": 0.3232044279575348, "similarity-checking": 0.9723756909370422, "award-numbers": 0.22928176820278168, "update-policies": 0.0, "resource-links": 0.9972375631332397, "open-references": 1.0}, "backfile": {"last-status-check-time": 1618977677188, "affiliations": 0.9593495726585388, "abstracts": 0.9105691313743591, "orcids": 0.36788618564605713, "licenses": 1.0, "references": 0.9817073345184326, "funders": 0.1971544772386551, "similarity-checking": 0.9634146094322205, "award-numbers": 0.09756097197532654, "update-policies": 0.0, "resource-links": 1.0, "open-references": 1.0}, "current": {"last-status-check-time": 1618977674889, "affiliations": 0.9956521987915039, "abstracts": 0.97826087474823, "orcids": 0.9956521987915039, "licenses": 1.0, "references": 0.9956521987915039, "funders": 0.595652163028717, "similarity-checking": 1.0, "award-numbers": 0.5130434632301331, "update-policies": 0.0, "resource-links": 1.0, "open-references": 1.0}}, "flags": {"deposits-abstracts-current": true, "deposits-orcids-current": true, "deposits": true, "deposits-affiliations-backfile": true, "deposits-update-policies-backfile": false, "deposits-similarity-checking-backfile": true, "deposits-award-numbers-current": true, "deposits-resource-links-current": true, "deposits-articles": true, "deposits-affiliations-current": true, "deposits-funders-current": true, "deposits-references-backfile": true, "deposits-abstracts-backfile": true, "deposits-licenses-backfile": true, "deposits-award-numbers-backfile": true, "deposits-open-references-backfile": true, "deposits-open-references-current": true, "deposits-references-current": true, "deposits-resource-links-backfile": true, "deposits-orcids-backfile": true, "deposits-funders-backfile": true, "deposits-update-policies-current": false, "deposits-similarity-checking-current": true, "deposits-licenses-current": true}, "ISSN": ["2090-0597", "2090-8016"], "issn-type": [{"value": "2090-0597", "type": "electronic"}, {"value": "2090-8016", "type": "print"}]}