{"last-status-check-time": 1620714598987, "counts": {"total-dois": 1260, "current-dois": 149, "backfile-dois": 1111}, "breakdowns": {"dois-by-issued-year": [[2010, 73], [2020, 70], [2018, 70], [2014, 68], [2015, 66], [2011, 66], [2013, 64], [2019, 59], [2016, 53], [2017, 50], [2012, 47], [2003, 47], [2004, 45], [1996, 44], [2002, 43], [2001, 43], [2005, 42], [1998, 42], [2009, 41], [1997, 39], [2006, 36], [2000, 36], [2007, 34], [1999, 32], [2008, 30], [2021, 20]]}, "publisher": "SAGE Publications", "coverage": {"affiliations-current": 0.9932885766029358, "similarity-checking-current": 1.0, "funders-backfile": 0.03870387002825737, "licenses-backfile": 1.0, "funders-current": 0.4429530203342438, "affiliations-backfile": 0.973897397518158, "resource-links-backfile": 1.0, "orcids-backfile": 0.06120612099766731, "update-policies-current": 1.0, "open-references-backfile": 1.0, "orcids-current": 0.9597315192222595, "similarity-checking-backfile": 1.0, "references-backfile": 0.9756975769996643, "award-numbers-backfile": 0.02880288101732731, "update-policies-backfile": 0.45364537835121155, "licenses-current": 1.0, "award-numbers-current": 0.34228187799453735, "abstracts-backfile": 0.7236723899841309, "resource-links-current": 1.0, "abstracts-current": 0.899328887462616, "open-references-current": 1.0, "references-current": 0.9798657894134521}, "title": "Journal of Cardiovascular Pharmacology and Therapeutics", "subjects": [{"name": "Cardiology and Cardiovascular Medicine", "ASJC": 2705}, {"name": "Pharmacology (medical)", "ASJC": 2736}, {"name": "Pharmacology", "ASJC": 3004}], "coverage-type": {"all": {"last-status-check-time": 1620714592842, "affiliations": 0.976190447807312, "abstracts": 0.7444444298744202, "orcids": 0.16746032238006592, "licenses": 1.0, "references": 0.976190447807312, "funders": 0.08650793880224228, "similarity-checking": 1.0, "award-numbers": 0.06587301939725876, "update-policies": 0.5182539820671082, "resource-links": 1.0, "open-references": 1.0}, "backfile": {"last-status-check-time": 1620714590918, "affiliations": 0.973897397518158, "abstracts": 0.7236723899841309, "orcids": 0.06120612099766731, "licenses": 1.0, "references": 0.9756975769996643, "funders": 0.03870387002825737, "similarity-checking": 1.0, "award-numbers": 0.02880288101732731, "update-policies": 0.45364537835121155, "resource-links": 1.0, "open-references": 1.0}, "current": {"last-status-check-time": 1620714589018, "affiliations": 0.9932885766029358, "abstracts": 0.899328887462616, "orcids": 0.9597315192222595, "licenses": 1.0, "references": 0.9798657894134521, "funders": 0.4429530203342438, "similarity-checking": 1.0, "award-numbers": 0.34228187799453735, "update-policies": 1.0, "resource-links": 1.0, "open-references": 1.0}}, "flags": {"deposits-abstracts-current": true, "deposits-orcids-current": true, "deposits": true, "deposits-affiliations-backfile": true, "deposits-update-policies-backfile": true, "deposits-similarity-checking-backfile": true, "deposits-award-numbers-current": true, "deposits-resource-links-current": true, "deposits-articles": true, "deposits-affiliations-current": true, "deposits-funders-current": true, "deposits-references-backfile": true, "deposits-abstracts-backfile": true, "deposits-licenses-backfile": true, "deposits-award-numbers-backfile": true, "deposits-open-references-backfile": true, "deposits-open-references-current": true, "deposits-references-current": true, "deposits-resource-links-backfile": true, "deposits-orcids-backfile": true, "deposits-funders-backfile": true, "deposits-update-policies-current": true, "deposits-similarity-checking-current": true, "deposits-licenses-current": true}, "ISSN": ["1940-4034", "1074-2484"], "issn-type": [{"value": "1940-4034", "type": "electronic"}, {"value": "1074-2484", "type": "print"}]}