{"last-status-check-time": 1621196336634, "counts": {"total-dois": 1240, "current-dois": 187, "backfile-dois": 1053}, "breakdowns": {"dois-by-issued-year": [[2020, 80], [2010, 80], [2017, 73], [2014, 71], [2012, 67], [2013, 65], [2019, 64], [2006, 63], [2016, 61], [2018, 60], [2008, 59], [2000, 57], [2011, 52], [2015, 51], [2005, 51], [2001, 50], [2002, 49], [2021, 43], [2004, 39], [2003, 39], [2009, 36], [2007, 30]]}, "publisher": "Springer-Verlag", "coverage": {"affiliations-current": 0.0, "similarity-checking-current": 1.0, "funders-backfile": 0.07977207750082016, "licenses-backfile": 0.7625830769538879, "funders-current": 0.49732619524002075, "affiliations-backfile": 0.0, "resource-links-backfile": 0.7625830769538879, "orcids-backfile": 0.056980058550834656, "update-policies-current": 1.0, "open-references-backfile": 1.0, "orcids-current": 0.6844919919967651, "similarity-checking-backfile": 0.7872744798660278, "references-backfile": 0.714150071144104, "award-numbers-backfile": 0.06172839552164078, "update-policies-backfile": 0.27920228242874146, "licenses-current": 1.0, "award-numbers-current": 0.4117647111415863, "abstracts-backfile": 0.0, "resource-links-current": 1.0, "abstracts-current": 0.08021390438079834, "open-references-current": 1.0, "references-current": 0.9893048405647278}, "title": "Cell and Tissue Banking", "subjects": [{"name": "Cell Biology", "ASJC": 1307}, {"name": "Biomedical Engineering", "ASJC": 2204}, {"name": "Biomaterials", "ASJC": 2502}, {"name": "Transplantation", "ASJC": 2747}], "coverage-type": {"all": {"last-status-check-time": 1621196329797, "affiliations": 0.0, "abstracts": 0.012087026610970497, "orcids": 0.1514907330274582, "licenses": 0.7977437376976013, "references": 0.7550362348556519, "funders": 0.14262691140174866, "similarity-checking": 0.8186945915222168, "award-numbers": 0.11442384868860245, "update-policies": 0.3875906467437744, "resource-links": 0.7977437376976013, "open-references": 1.0}, "backfile": {"last-status-check-time": 1621196327463, "affiliations": 0.0, "abstracts": 0.0, "orcids": 0.056980058550834656, "licenses": 0.7625830769538879, "references": 0.714150071144104, "funders": 0.07977207750082016, "similarity-checking": 0.7872744798660278, "award-numbers": 0.06172839552164078, "update-policies": 0.27920228242874146, "resource-links": 0.7625830769538879, "open-references": 1.0}, "current": {"last-status-check-time": 1621196325242, "affiliations": 0.0, "abstracts": 0.08021390438079834, "orcids": 0.6844919919967651, "licenses": 1.0, "references": 0.9893048405647278, "funders": 0.49732619524002075, "similarity-checking": 1.0, "award-numbers": 0.4117647111415863, "update-policies": 1.0, "resource-links": 1.0, "open-references": 1.0}}, "flags": {"deposits-abstracts-current": true, "deposits-orcids-current": true, "deposits": true, "deposits-affiliations-backfile": false, "deposits-update-policies-backfile": true, "deposits-similarity-checking-backfile": true, "deposits-award-numbers-current": true, "deposits-resource-links-current": true, "deposits-articles": true, "deposits-affiliations-current": false, "deposits-funders-current": true, "deposits-references-backfile": true, "deposits-abstracts-backfile": false, "deposits-licenses-backfile": true, "deposits-award-numbers-backfile": true, "deposits-open-references-backfile": true, "deposits-open-references-current": true, "deposits-references-current": true, "deposits-resource-links-backfile": true, "deposits-orcids-backfile": true, "deposits-funders-backfile": true, "deposits-update-policies-current": true, "deposits-similarity-checking-current": true, "deposits-licenses-current": true}, "ISSN": ["1573-6814", "1389-9333"], "issn-type": [{"value": "1573-6814", "type": "electronic"}, {"value": "1389-9333", "type": "print"}]}