{"last-status-check-time": 1620670968154, "counts": {"total-dois": 1708, "current-dois": 151, "backfile-dois": 1557}, "breakdowns": {"dois-by-issued-year": [[1995, 77], [2013, 73], [2010, 73], [2015, 72], [2000, 72], [1996, 72], [2020, 69], [2014, 64], [2001, 64], [2019, 62], [1998, 62], [1997, 62], [1994, 62], [2003, 59], [1999, 59], [1993, 59], [2002, 58], [1992, 58], [2017, 54], [2012, 54], [2009, 52], [2008, 48], [2007, 48], [2004, 48], [2006, 47], [2011, 46], [2005, 46], [2018, 40], [2016, 28], [2021, 20]]}, "publisher": "Wiley (John Wiley & Sons)", "coverage": {"affiliations-current": 0.8013244867324829, "similarity-checking-current": 0.9139072895050049, "funders-backfile": 0.03339755907654762, "licenses-backfile": 0.9884393215179443, "funders-current": 0.17218543589115143, "affiliations-backfile": 0.2222222238779068, "resource-links-backfile": 0.9871547818183899, "orcids-backfile": 0.03660886362195015, "update-policies-current": 0.9072847962379456, "open-references-backfile": 1.0, "orcids-current": 0.6357616186141968, "similarity-checking-backfile": 0.973667323589325, "references-backfile": 0.6698779463768005, "award-numbers-backfile": 0.020552344620227814, "update-policies-backfile": 0.004495825152844191, "licenses-current": 0.9139072895050049, "award-numbers-current": 0.09271523356437683, "abstracts-backfile": 0.0, "resource-links-current": 0.9139072895050049, "abstracts-current": 0.0, "open-references-current": 1.0, "references-current": 0.7152317762374878}, "title": "Child Abuse Review", "subjects": [{"name": "Pediatrics, Perinatology, and Child Health", "ASJC": 2735}, {"name": "Law", "ASJC": 3308}], "coverage-type": {"all": {"last-status-check-time": 1620670961945, "affiliations": 0.2732592225074768, "abstracts": 0.0, "orcids": 0.08952604234218597, "licenses": 0.9812756180763245, "references": 0.6734932661056519, "funders": 0.0456407256424427, "similarity-checking": 0.9684025645256042, "award-numbers": 0.026916325092315674, "update-policies": 0.08425980061292648, "resource-links": 0.9801053404808044, "open-references": 1.0}, "backfile": {"last-status-check-time": 1620670959846, "affiliations": 0.2222222238779068, "abstracts": 0.0, "orcids": 0.03660886362195015, "licenses": 0.9884393215179443, "references": 0.6698779463768005, "funders": 0.03339755907654762, "similarity-checking": 0.973667323589325, "award-numbers": 0.020552344620227814, "update-policies": 0.004495825152844191, "resource-links": 0.9871547818183899, "open-references": 1.0}, "current": {"last-status-check-time": 1620670957797, "affiliations": 0.8013244867324829, "abstracts": 0.0, "orcids": 0.6357616186141968, "licenses": 0.9139072895050049, "references": 0.7152317762374878, "funders": 0.17218543589115143, "similarity-checking": 0.9139072895050049, "award-numbers": 0.09271523356437683, "update-policies": 0.9072847962379456, "resource-links": 0.9139072895050049, "open-references": 1.0}}, "flags": {"deposits-abstracts-current": false, "deposits-orcids-current": true, "deposits": true, "deposits-affiliations-backfile": true, "deposits-update-policies-backfile": true, "deposits-similarity-checking-backfile": true, "deposits-award-numbers-current": true, "deposits-resource-links-current": true, "deposits-articles": true, "deposits-affiliations-current": true, "deposits-funders-current": true, "deposits-references-backfile": true, "deposits-abstracts-backfile": false, "deposits-licenses-backfile": true, "deposits-award-numbers-backfile": true, "deposits-open-references-backfile": true, "deposits-open-references-current": true, "deposits-references-current": true, "deposits-resource-links-backfile": true, "deposits-orcids-backfile": true, "deposits-funders-backfile": true, "deposits-update-policies-current": true, "deposits-similarity-checking-current": true, "deposits-licenses-current": true}, "ISSN": ["1099-0852", "0952-9136"], "issn-type": [{"value": "1099-0852", "type": "electronic"}, {"value": "0952-9136", "type": "print"}]}