{"last-status-check-time": 1618799614964, "counts": {"total-dois": 7993, "current-dois": 1237, "backfile-dois": 6756}, "breakdowns": {"dois-by-issued-year": [[2014, 896], [2016, 891], [2015, 781], [2019, 734], [2017, 708], [2018, 671], [2020, 435], [2011, 339], [2012, 288], [2010, 267], [2013, 238], [2009, 216], [2008, 179], [2007, 151], [2006, 114], [2004, 112], [2003, 112], [2005, 101], [2000, 97], [2002, 94], [2001, 88], [1997, 70], [2021, 68], [1999, 59], [1998, 55], [1996, 53], [1995, 37], [1994, 37], [1991, 33], [1993, 31], [1992, 31], [1990, 7]]}, "publisher": "Wiley (Blackwell Publishing)", "coverage": {"affiliations-current": 0.93047696352005, "similarity-checking-current": 0.9757477641105652, "funders-backfile": 0.07015985995531082, "licenses-backfile": 0.9849023222923279, "funders-current": 0.08407437056303024, "affiliations-backfile": 0.2831557095050812, "resource-links-backfile": 0.9849023222923279, "orcids-backfile": 0.04026050865650177, "update-policies-current": 0.9660468697547913, "open-references-backfile": 1.0, "orcids-current": 0.24737267196178436, "similarity-checking-backfile": 0.9517465829849243, "references-backfile": 0.4369449317455292, "award-numbers-backfile": 0.030343398451805115, "update-policies-backfile": 0.0045885141007602215, "licenses-current": 0.9757477641105652, "award-numbers-current": 0.05658851936459541, "abstracts-backfile": 0.0, "resource-links-current": 0.9757477641105652, "abstracts-current": 0.0, "open-references-current": 1.0, "references-current": 0.24171382188796997}, "title": "Clinical Oral Implants Research", "subjects": [{"name": "Oral Surgery", "ASJC": 3504}], "coverage-type": {"all": {"last-status-check-time": 1618799607201, "affiliations": 0.3832874596118927, "abstracts": 0.0, "orcids": 0.07230422645807266, "licenses": 0.9833624958992004, "references": 0.40668001770973206, "funders": 0.07230422645807266, "similarity-checking": 0.9553415179252625, "award-numbers": 0.03440080210566521, "update-policies": 0.15336503088474274, "resource-links": 0.9833624958992004, "open-references": 1.0}, "backfile": {"last-status-check-time": 1618799604895, "affiliations": 0.2831557095050812, "abstracts": 0.0, "orcids": 0.04026050865650177, "licenses": 0.9849023222923279, "references": 0.4369449317455292, "funders": 0.07015985995531082, "similarity-checking": 0.9517465829849243, "award-numbers": 0.030343398451805115, "update-policies": 0.0045885141007602215, "resource-links": 0.9849023222923279, "open-references": 1.0}, "current": {"last-status-check-time": 1618799602115, "affiliations": 0.93047696352005, "abstracts": 0.0, "orcids": 0.24737267196178436, "licenses": 0.9757477641105652, "references": 0.24171382188796997, "funders": 0.08407437056303024, "similarity-checking": 0.9757477641105652, "award-numbers": 0.05658851936459541, "update-policies": 0.9660468697547913, "resource-links": 0.9757477641105652, "open-references": 1.0}}, "flags": {"deposits-abstracts-current": false, "deposits-orcids-current": true, "deposits": true, "deposits-affiliations-backfile": true, "deposits-update-policies-backfile": true, "deposits-similarity-checking-backfile": true, "deposits-award-numbers-current": true, "deposits-resource-links-current": true, "deposits-articles": true, "deposits-affiliations-current": true, "deposits-funders-current": true, "deposits-references-backfile": true, "deposits-abstracts-backfile": false, "deposits-licenses-backfile": true, "deposits-award-numbers-backfile": true, "deposits-open-references-backfile": true, "deposits-open-references-current": true, "deposits-references-current": true, "deposits-resource-links-backfile": true, "deposits-orcids-backfile": true, "deposits-funders-backfile": true, "deposits-update-policies-current": true, "deposits-similarity-checking-current": true, "deposits-licenses-current": true}, "ISSN": ["1600-0501", "0905-7161"], "issn-type": [{"value": "1600-0501", "type": "electronic"}, {"value": "0905-7161", "type": "print"}]}