{"last-status-check-time": 1618770563829, "counts": {"total-dois": 3690, "current-dois": 341, "backfile-dois": 3349}, "breakdowns": {"dois-by-issued-year": [[2020, 199], [2014, 124], [2010, 124], [2012, 117], [2001, 117], [2013, 116], [2011, 114], [2018, 113], [2002, 112], [2016, 111], [2009, 109], [2007, 108], [1997, 105], [2019, 104], [2015, 103], [2008, 103], [2017, 102], [1996, 99], [1998, 98], [1999, 96], [2005, 94], [1988, 92], [2004, 88], [2006, 87], [2000, 87], [1987, 87], [1993, 85], [1986, 83], [2003, 80], [1995, 79], [1984, 75], [1985, 74], [1991, 73], [1994, 72], [1992, 66], [1989, 65], [1990, 57], [2021, 38], [1983, 34]]}, "publisher": "Elsevier ", "coverage": {"affiliations-current": 0.0, "similarity-checking-current": 0.0, "funders-backfile": 0.0, "licenses-backfile": 1.0, "funders-current": 0.017595307901501656, "affiliations-backfile": 0.0, "resource-links-backfile": 1.0, "orcids-backfile": 0.0, "update-policies-current": 0.5835776925086975, "open-references-backfile": 1.0, "orcids-current": 0.0, "similarity-checking-backfile": 0.0, "references-backfile": 0.7933711409568787, "award-numbers-backfile": 0.0, "update-policies-backfile": 0.12541057169437408, "licenses-current": 1.0, "award-numbers-current": 0.017595307901501656, "abstracts-backfile": 0.0, "resource-links-current": 1.0, "abstracts-current": 0.0, "open-references-current": 1.0, "references-current": 0.9090909361839294}, "title": "Clinics in Dermatology", "subjects": [{"name": "Dermatology", "ASJC": 2708}], "coverage-type": {"all": {"last-status-check-time": 1618770556535, "affiliations": 0.0, "abstracts": 0.0, "orcids": 0.0, "licenses": 1.0, "references": 0.8040650486946106, "funders": 0.00162601622287184, "similarity-checking": 0.0, "award-numbers": 0.00162601622287184, "update-policies": 0.16775067150592804, "resource-links": 1.0, "open-references": 1.0}, "backfile": {"last-status-check-time": 1618770554027, "affiliations": 0.0, "abstracts": 0.0, "orcids": 0.0, "licenses": 1.0, "references": 0.7933711409568787, "funders": 0.0, "similarity-checking": 0.0, "award-numbers": 0.0, "update-policies": 0.12541057169437408, "resource-links": 1.0, "open-references": 1.0}, "current": {"last-status-check-time": 1618770551567, "affiliations": 0.0, "abstracts": 0.0, "orcids": 0.0, "licenses": 1.0, "references": 0.9090909361839294, "funders": 0.017595307901501656, "similarity-checking": 0.0, "award-numbers": 0.017595307901501656, "update-policies": 0.5835776925086975, "resource-links": 1.0, "open-references": 1.0}}, "flags": {"deposits-abstracts-current": false, "deposits-orcids-current": false, "deposits": true, "deposits-affiliations-backfile": false, "deposits-update-policies-backfile": true, "deposits-similarity-checking-backfile": false, "deposits-award-numbers-current": true, "deposits-resource-links-current": true, "deposits-articles": true, "deposits-affiliations-current": false, "deposits-funders-current": true, "deposits-references-backfile": true, "deposits-abstracts-backfile": false, "deposits-licenses-backfile": true, "deposits-award-numbers-backfile": false, "deposits-open-references-backfile": true, "deposits-open-references-current": true, "deposits-references-current": true, "deposits-resource-links-backfile": true, "deposits-orcids-backfile": false, "deposits-funders-backfile": false, "deposits-update-policies-current": true, "deposits-similarity-checking-current": false, "deposits-licenses-current": true}, "ISSN": ["0738-081X"], "issn-type": [{"value": "0738-081X", "type": "print"}]}