{"last-status-check-time": 1620463540911, "counts": {"total-dois": 295, "current-dois": 174, "backfile-dois": 121}, "breakdowns": {"dois-by-issued-year": [[2020, 95], [2019, 44], [2021, 35], [2018, 31], [2015, 31], [2016, 30], [2017, 29]]}, "publisher": "Elsevier ", "coverage": {"affiliations-current": 0.0, "similarity-checking-current": 0.0, "funders-backfile": 0.35537189245224, "licenses-backfile": 1.0, "funders-current": 0.5919540524482727, "affiliations-backfile": 0.0, "resource-links-backfile": 1.0, "orcids-backfile": 0.08264462649822235, "update-policies-current": 0.6666666865348816, "open-references-backfile": 1.0, "orcids-current": 0.2068965584039688, "similarity-checking-backfile": 0.0, "references-backfile": 0.942148745059967, "award-numbers-backfile": 0.3057851195335388, "update-policies-backfile": 0.942148745059967, "licenses-current": 1.0, "award-numbers-current": 0.36206895112991333, "abstracts-backfile": 0.0, "resource-links-current": 1.0, "abstracts-current": 0.0, "open-references-current": 1.0, "references-current": 0.9195402264595032}, "title": "Digital Communications and Networks", "subjects": [], "coverage-type": {"all": {"last-status-check-time": 1620463534524, "affiliations": 0.0, "abstracts": 0.0, "orcids": 0.1559322029352188, "licenses": 1.0, "references": 0.9288135766983032, "funders": 0.494915246963501, "similarity-checking": 0.0, "award-numbers": 0.33898305892944336, "update-policies": 0.7796609997749329, "resource-links": 1.0, "open-references": 1.0}, "backfile": {"last-status-check-time": 1620463532497, "affiliations": 0.0, "abstracts": 0.0, "orcids": 0.08264462649822235, "licenses": 1.0, "references": 0.942148745059967, "funders": 0.35537189245224, "similarity-checking": 0.0, "award-numbers": 0.3057851195335388, "update-policies": 0.942148745059967, "resource-links": 1.0, "open-references": 1.0}, "current": {"last-status-check-time": 1620463530451, "affiliations": 0.0, "abstracts": 0.0, "orcids": 0.2068965584039688, "licenses": 1.0, "references": 0.9195402264595032, "funders": 0.5919540524482727, "similarity-checking": 0.0, "award-numbers": 0.36206895112991333, "update-policies": 0.6666666865348816, "resource-links": 1.0, "open-references": 1.0}}, "flags": {"deposits-abstracts-current": false, "deposits-orcids-current": true, "deposits": true, "deposits-affiliations-backfile": false, "deposits-update-policies-backfile": true, "deposits-similarity-checking-backfile": false, "deposits-award-numbers-current": true, "deposits-resource-links-current": true, "deposits-articles": true, "deposits-affiliations-current": false, "deposits-funders-current": true, "deposits-references-backfile": true, "deposits-abstracts-backfile": false, "deposits-licenses-backfile": true, "deposits-award-numbers-backfile": true, "deposits-open-references-backfile": true, "deposits-open-references-current": true, "deposits-references-current": true, "deposits-resource-links-backfile": true, "deposits-orcids-backfile": true, "deposits-funders-backfile": true, "deposits-update-policies-current": true, "deposits-similarity-checking-current": false, "deposits-licenses-current": true}, "ISSN": ["2352-8648"], "issn-type": [{"value": "2352-8648", "type": "print"}]}