{"last-status-check-time": 1620726280720, "counts": {"total-dois": 318, "current-dois": 93, "backfile-dois": 225}, "breakdowns": {"dois-by-issued-year": [[2020, 52], [2016, 33], [2015, 32], [2017, 27], [2013, 27], [2012, 27], [2011, 24], [2014, 23], [2021, 21], [2018, 21], [2019, 20], [2010, 11]]}, "publisher": "Elsevier ", "coverage": {"affiliations-current": 0.0, "similarity-checking-current": 0.0, "funders-backfile": 0.03999999910593033, "licenses-backfile": 1.0, "funders-current": 0.17204301059246063, "affiliations-backfile": 0.0, "resource-links-backfile": 1.0, "orcids-backfile": 0.03999999910593033, "update-policies-current": 0.5591397881507874, "open-references-backfile": 1.0, "orcids-current": 0.12903225421905518, "similarity-checking-backfile": 0.0, "references-backfile": 0.902222216129303, "award-numbers-backfile": 0.013333333656191826, "update-policies-backfile": 0.4888888895511627, "licenses-current": 1.0, "award-numbers-current": 0.02150537632405758, "abstracts-backfile": 0.0, "resource-links-current": 1.0, "abstracts-current": 0.0, "open-references-current": 1.0, "references-current": 0.9139785170555115}, "title": "Egyptian Informatics Journal", "subjects": [{"name": "Computer Science Applications", "ASJC": 1706}, {"name": "Information Systems", "ASJC": 1710}, {"name": "Management Science and Operations Research", "ASJC": 1803}], "coverage-type": {"all": {"last-status-check-time": 1620726273719, "affiliations": 0.0, "abstracts": 0.0, "orcids": 0.06603773683309555, "licenses": 1.0, "references": 0.9056603908538818, "funders": 0.07861635088920593, "similarity-checking": 0.0, "award-numbers": 0.015723271295428276, "update-policies": 0.5094339847564697, "resource-links": 1.0, "open-references": 1.0}, "backfile": {"last-status-check-time": 1620726240357, "affiliations": 0.0, "abstracts": 0.0, "orcids": 0.03999999910593033, "licenses": 1.0, "references": 0.902222216129303, "funders": 0.03999999910593033, "similarity-checking": 0.0, "award-numbers": 0.013333333656191826, "update-policies": 0.4888888895511627, "resource-links": 1.0, "open-references": 1.0}, "current": {"last-status-check-time": 1620726151456, "affiliations": 0.0, "abstracts": 0.0, "orcids": 0.12903225421905518, "licenses": 1.0, "references": 0.9139785170555115, "funders": 0.17204301059246063, "similarity-checking": 0.0, "award-numbers": 0.02150537632405758, "update-policies": 0.5591397881507874, "resource-links": 1.0, "open-references": 1.0}}, "flags": {"deposits-abstracts-current": false, "deposits-orcids-current": true, "deposits": true, "deposits-affiliations-backfile": false, "deposits-update-policies-backfile": true, "deposits-similarity-checking-backfile": false, "deposits-award-numbers-current": true, "deposits-resource-links-current": true, "deposits-articles": true, "deposits-affiliations-current": false, "deposits-funders-current": true, "deposits-references-backfile": true, "deposits-abstracts-backfile": false, "deposits-licenses-backfile": true, "deposits-award-numbers-backfile": true, "deposits-open-references-backfile": true, "deposits-open-references-current": true, "deposits-references-current": true, "deposits-resource-links-backfile": true, "deposits-orcids-backfile": true, "deposits-funders-backfile": true, "deposits-update-policies-current": true, "deposits-similarity-checking-current": false, "deposits-licenses-current": true}, "ISSN": ["1110-8665"], "issn-type": [{"value": "1110-8665", "type": "print"}]}