{"last-status-check-time": 1620675913797, "counts": {"total-dois": 1058, "current-dois": 167, "backfile-dois": 891}, "breakdowns": {"dois-by-issued-year": [[2020, 70], [2015, 69], [2016, 65], [2017, 62], [2019, 59], [2018, 58], [2013, 46], [2014, 42], [2021, 38], [2008, 35], [2011, 34], [2007, 34], [2006, 34], [2012, 30], [2010, 30], [2009, 29], [2005, 28], [1999, 26], [2002, 25], [2000, 25], [1998, 25], [1997, 25], [2003, 24], [2001, 24], [2004, 23], [1995, 21], [1994, 21], [1992, 20], [1996, 18], [1993, 18]]}, "publisher": "White Horse Press ", "coverage": {"affiliations-current": 0.13772454857826233, "similarity-checking-current": 1.0, "funders-backfile": 0.0, "licenses-backfile": 0.0, "funders-current": 0.0, "affiliations-backfile": 0.0, "resource-links-backfile": 0.0, "orcids-backfile": 0.0, "update-policies-current": 0.0, "open-references-backfile": 0.0, "orcids-current": 0.0, "similarity-checking-backfile": 0.9629629850387573, "references-backfile": 0.07631874084472656, "award-numbers-backfile": 0.0, "update-policies-backfile": 0.0, "licenses-current": 0.0, "award-numbers-current": 0.0, "abstracts-backfile": 0.7654321193695068, "resource-links-current": 0.0, "abstracts-current": 0.5928143858909607, "open-references-current": 0.0, "references-current": 0.0}, "title": "Environmental Values", "subjects": [{"name": "Philosophy", "ASJC": 1211}, {"name": "General Environmental Science", "ASJC": 2300}], "coverage-type": {"all": {"last-status-check-time": 1620675907872, "affiliations": 0.021739130839705467, "abstracts": 0.7381852269172668, "orcids": 0.0, "licenses": 0.0, "references": 0.0642722100019455, "funders": 0.0, "similarity-checking": 0.9688090682029724, "award-numbers": 0.0, "update-policies": 0.0, "resource-links": 0.0, "open-references": 0.0}, "backfile": {"last-status-check-time": 1620675905880, "affiliations": 0.0, "abstracts": 0.7654321193695068, "orcids": 0.0, "licenses": 0.0, "references": 0.07631874084472656, "funders": 0.0, "similarity-checking": 0.9629629850387573, "award-numbers": 0.0, "update-policies": 0.0, "resource-links": 0.0, "open-references": 0.0}, "current": {"last-status-check-time": 1620675903958, "affiliations": 0.13772454857826233, "abstracts": 0.5928143858909607, "orcids": 0.0, "licenses": 0.0, "references": 0.0, "funders": 0.0, "similarity-checking": 1.0, "award-numbers": 0.0, "update-policies": 0.0, "resource-links": 0.0, "open-references": 0.0}}, "flags": {"deposits-abstracts-current": true, "deposits-orcids-current": false, "deposits": true, "deposits-affiliations-backfile": false, "deposits-update-policies-backfile": false, "deposits-similarity-checking-backfile": true, "deposits-award-numbers-current": false, "deposits-resource-links-current": false, "deposits-articles": true, "deposits-affiliations-current": true, "deposits-funders-current": false, "deposits-references-backfile": true, "deposits-abstracts-backfile": true, "deposits-licenses-backfile": false, "deposits-award-numbers-backfile": false, "deposits-open-references-backfile": false, "deposits-open-references-current": false, "deposits-references-current": false, "deposits-resource-links-backfile": false, "deposits-orcids-backfile": false, "deposits-funders-backfile": false, "deposits-update-policies-current": false, "deposits-similarity-checking-current": true, "deposits-licenses-current": false}, "ISSN": ["1752-7015", "0963-2719"], "issn-type": [{"value": "1752-7015", "type": "electronic"}, {"value": "0963-2719", "type": "print"}]}