{"last-status-check-time": 1620484764061, "counts": {"total-dois": 125, "current-dois": 63, "backfile-dois": 62}, "breakdowns": {"dois-by-issued-year": [[2020, 32], [2018, 27], [2019, 23], [2015, 18], [2016, 13], [2021, 8], [2017, 4]]}, "publisher": "Wiley (John Wiley & Sons)", "coverage": {"affiliations-current": 0.682539701461792, "similarity-checking-current": 0.9365079402923584, "funders-backfile": 0.06451612710952759, "licenses-backfile": 0.4516128897666931, "funders-current": 0.2222222238779068, "affiliations-backfile": 0.09677419066429138, "resource-links-backfile": 0.4516128897666931, "orcids-backfile": 0.27419355511665344, "update-policies-current": 0.9365079402923584, "open-references-backfile": 1.0, "orcids-current": 0.8253968358039856, "similarity-checking-backfile": 0.9354838728904724, "references-backfile": 0.32258063554763794, "award-numbers-backfile": 0.06451612710952759, "update-policies-backfile": 0.016129031777381897, "licenses-current": 0.9365079402923584, "award-numbers-current": 0.1111111119389534, "abstracts-backfile": 0.0, "resource-links-current": 0.9365079402923584, "abstracts-current": 0.0, "open-references-current": 1.0, "references-current": 0.8095238208770752}, "title": "European Policy Analysis", "subjects": [], "coverage-type": {"all": {"last-status-check-time": 1620484758062, "affiliations": 0.3888888955116272, "abstracts": 0.0, "orcids": 0.5476190447807312, "licenses": 0.6904761791229248, "references": 0.5634920597076416, "funders": 0.1428571492433548, "similarity-checking": 0.9285714030265808, "award-numbers": 0.0873015895485878, "update-policies": 0.4761904776096344, "resource-links": 0.6904761791229248, "open-references": 1.0}, "backfile": {"last-status-check-time": 1620484756065, "affiliations": 0.09677419066429138, "abstracts": 0.0, "orcids": 0.27419355511665344, "licenses": 0.4516128897666931, "references": 0.32258063554763794, "funders": 0.06451612710952759, "similarity-checking": 0.9354838728904724, "award-numbers": 0.06451612710952759, "update-policies": 0.016129031777381897, "resource-links": 0.4516128897666931, "open-references": 1.0}, "current": {"last-status-check-time": 1620484754056, "affiliations": 0.682539701461792, "abstracts": 0.0, "orcids": 0.8253968358039856, "licenses": 0.9365079402923584, "references": 0.8095238208770752, "funders": 0.2222222238779068, "similarity-checking": 0.9365079402923584, "award-numbers": 0.1111111119389534, "update-policies": 0.9365079402923584, "resource-links": 0.9365079402923584, "open-references": 1.0}}, "flags": {"deposits-abstracts-current": false, "deposits-orcids-current": true, "deposits": true, "deposits-affiliations-backfile": true, "deposits-update-policies-backfile": true, "deposits-similarity-checking-backfile": true, "deposits-award-numbers-current": true, "deposits-resource-links-current": true, "deposits-articles": true, "deposits-affiliations-current": true, "deposits-funders-current": true, "deposits-references-backfile": true, "deposits-abstracts-backfile": false, "deposits-licenses-backfile": true, "deposits-award-numbers-backfile": true, "deposits-open-references-backfile": true, "deposits-open-references-current": true, "deposits-references-current": true, "deposits-resource-links-backfile": true, "deposits-orcids-backfile": true, "deposits-funders-backfile": true, "deposits-update-policies-current": true, "deposits-similarity-checking-current": true, "deposits-licenses-current": true}, "ISSN": ["2380-6567", "2380-6567"], "issn-type": [{"value": "2380-6567", "type": "electronic"}, {"value": "2380-6567", "type": "print"}]}