{"last-status-check-time": 1621305244550, "counts": {"total-dois": 251, "current-dois": 136, "backfile-dois": 115}, "breakdowns": {"dois-by-issued-year": [[2020, 53], [2019, 46], [2021, 37], [2017, 34], [2018, 31], [2016, 31], [2015, 19]]}, "publisher": "Springer (Biomed Central Ltd.)", "coverage": {"affiliations-current": 0.0, "similarity-checking-current": 1.0, "funders-backfile": 0.2869565188884735, "licenses-backfile": 0.9826086759567261, "funders-current": 0.18382352590560913, "affiliations-backfile": 0.0, "resource-links-backfile": 0.9826086759567261, "orcids-backfile": 0.2956521809101105, "update-policies-current": 1.0, "open-references-backfile": 1.0, "orcids-current": 0.6470588445663452, "similarity-checking-backfile": 1.0, "references-backfile": 0.895652174949646, "award-numbers-backfile": 0.260869562625885, "update-policies-backfile": 1.0, "licenses-current": 1.0, "award-numbers-current": 0.16911764442920685, "abstracts-backfile": 0.06086956337094307, "resource-links-current": 1.0, "abstracts-current": 0.6323529481887817, "open-references-current": 1.0, "references-current": 0.8970588445663452}, "title": "Financial Innovation", "subjects": [], "coverage-type": {"all": {"last-status-check-time": 1621305237468, "affiliations": 0.0, "abstracts": 0.37051793932914734, "orcids": 0.48605579137802124, "licenses": 0.9920318722724915, "references": 0.8964143395423889, "funders": 0.2310757040977478, "similarity-checking": 1.0, "award-numbers": 0.21115538477897644, "update-policies": 1.0, "resource-links": 0.9920318722724915, "open-references": 1.0}, "backfile": {"last-status-check-time": 1621305235297, "affiliations": 0.0, "abstracts": 0.06086956337094307, "orcids": 0.2956521809101105, "licenses": 0.9826086759567261, "references": 0.895652174949646, "funders": 0.2869565188884735, "similarity-checking": 1.0, "award-numbers": 0.260869562625885, "update-policies": 1.0, "resource-links": 0.9826086759567261, "open-references": 1.0}, "current": {"last-status-check-time": 1621305233167, "affiliations": 0.0, "abstracts": 0.6323529481887817, "orcids": 0.6470588445663452, "licenses": 1.0, "references": 0.8970588445663452, "funders": 0.18382352590560913, "similarity-checking": 1.0, "award-numbers": 0.16911764442920685, "update-policies": 1.0, "resource-links": 1.0, "open-references": 1.0}}, "flags": {"deposits-abstracts-current": true, "deposits-orcids-current": true, "deposits": true, "deposits-affiliations-backfile": false, "deposits-update-policies-backfile": true, "deposits-similarity-checking-backfile": true, "deposits-award-numbers-current": true, "deposits-resource-links-current": true, "deposits-articles": true, "deposits-affiliations-current": false, "deposits-funders-current": true, "deposits-references-backfile": true, "deposits-abstracts-backfile": true, "deposits-licenses-backfile": true, "deposits-award-numbers-backfile": true, "deposits-open-references-backfile": true, "deposits-open-references-current": true, "deposits-references-current": true, "deposits-resource-links-backfile": true, "deposits-orcids-backfile": true, "deposits-funders-backfile": true, "deposits-update-policies-current": true, "deposits-similarity-checking-current": true, "deposits-licenses-current": true}, "ISSN": ["2199-4730"], "issn-type": [{"value": "2199-4730", "type": "electronic"}]}