{"last-status-check-time": 1618803329855, "counts": {"total-dois": 3283, "current-dois": 351, "backfile-dois": 2932}, "breakdowns": {"dois-by-issued-year": [[2003, 227], [2012, 173], [2020, 161], [2015, 160], [2019, 146], [2013, 140], [2010, 139], [2018, 137], [2017, 133], [2016, 131], [2011, 123], [2014, 121], [1993, 110], [2008, 103], [1997, 102], [1989, 97], [2000, 77], [1999, 75], [1998, 74], [2007, 73], [2001, 73], [1994, 68], [2002, 64], [1990, 62], [1996, 58], [1995, 53], [1992, 51], [2006, 47], [2005, 47], [2021, 44], [1987, 42], [1991, 40], [1986, 40], [1988, 34], [2004, 32], [2009, 26]]}, "publisher": "Springer-Verlag", "coverage": {"affiliations-current": 0.0, "similarity-checking-current": 1.0, "funders-backfile": 0.11562073975801468, "licenses-backfile": 0.7653478980064392, "funders-current": 0.7492877244949341, "affiliations-backfile": 0.0, "resource-links-backfile": 0.7653478980064392, "orcids-backfile": 0.038199182599782944, "update-policies-current": 1.0, "open-references-backfile": 1.0, "orcids-current": 0.6495726704597473, "similarity-checking-backfile": 0.772851288318634, "references-backfile": 0.7506821155548096, "award-numbers-backfile": 0.10470668226480484, "update-policies-backfile": 0.22032742202281952, "licenses-current": 1.0, "award-numbers-current": 0.7207977175712585, "abstracts-backfile": 0.0, "resource-links-current": 1.0, "abstracts-current": 0.025641025975346565, "open-references-current": 1.0, "references-current": 0.994301974773407}, "title": "Fish Physiology and Biochemistry", "subjects": [{"name": "Aquatic Science", "ASJC": 1104}, {"name": "Biochemistry", "ASJC": 1303}, {"name": "Physiology", "ASJC": 1314}, {"name": "General Medicine", "ASJC": 2700}], "coverage-type": {"all": {"last-status-check-time": 1618803322247, "affiliations": 0.0, "abstracts": 0.00274056033231318, "orcids": 0.10353227704763412, "licenses": 0.7901948690414429, "references": 0.7764920592308044, "funders": 0.1833130270242691, "similarity-checking": 0.7968940138816833, "award-numbers": 0.1705237478017807, "update-policies": 0.3035931885242462, "resource-links": 0.7901948690414429, "open-references": 1.0}, "backfile": {"last-status-check-time": 1618803319942, "affiliations": 0.0, "abstracts": 0.0, "orcids": 0.038199182599782944, "licenses": 0.7653478980064392, "references": 0.7506821155548096, "funders": 0.11562073975801468, "similarity-checking": 0.772851288318634, "award-numbers": 0.10470668226480484, "update-policies": 0.22032742202281952, "resource-links": 0.7653478980064392, "open-references": 1.0}, "current": {"last-status-check-time": 1618803317456, "affiliations": 0.0, "abstracts": 0.025641025975346565, "orcids": 0.6495726704597473, "licenses": 1.0, "references": 0.994301974773407, "funders": 0.7492877244949341, "similarity-checking": 1.0, "award-numbers": 0.7207977175712585, "update-policies": 1.0, "resource-links": 1.0, "open-references": 1.0}}, "flags": {"deposits-abstracts-current": true, "deposits-orcids-current": true, "deposits": true, "deposits-affiliations-backfile": false, "deposits-update-policies-backfile": true, "deposits-similarity-checking-backfile": true, "deposits-award-numbers-current": true, "deposits-resource-links-current": true, "deposits-articles": true, "deposits-affiliations-current": false, "deposits-funders-current": true, "deposits-references-backfile": true, "deposits-abstracts-backfile": false, "deposits-licenses-backfile": true, "deposits-award-numbers-backfile": true, "deposits-open-references-backfile": true, "deposits-open-references-current": true, "deposits-references-current": true, "deposits-resource-links-backfile": true, "deposits-orcids-backfile": true, "deposits-funders-backfile": true, "deposits-update-policies-current": true, "deposits-similarity-checking-current": true, "deposits-licenses-current": true}, "ISSN": ["1573-5168", "0920-1742"], "issn-type": [{"value": "1573-5168", "type": "electronic"}, {"value": "0920-1742", "type": "print"}]}