{"last-status-check-time": 1617038845928, "counts": {"total-dois": 296, "current-dois": 121, "backfile-dois": 175}, "breakdowns": {"dois-by-issued-year": [[2020, 84], [2018, 41], [2017, 30], [2016, 27], [2013, 26], [2019, 22], [2015, 22], [2012, 17], [2021, 15], [2014, 12]]}, "publisher": "Wiley (John Wiley & Sons)", "coverage": {"affiliations-current": 0.8264462947845459, "similarity-checking-current": 0.93388432264328, "funders-backfile": 0.3028571307659149, "licenses-backfile": 0.9257143139839172, "funders-current": 0.5619834661483765, "affiliations-backfile": 0.7085714340209961, "resource-links-backfile": 0.9257143139839172, "orcids-backfile": 0.2628571391105652, "update-policies-current": 0.9173553586006165, "open-references-backfile": 1.0, "orcids-current": 0.7933884263038635, "similarity-checking-backfile": 0.9371428489685059, "references-backfile": 0.7200000286102295, "award-numbers-backfile": 0.20000000298023224, "update-policies-backfile": 0.04571428522467613, "licenses-current": 0.93388432264328, "award-numbers-current": 0.4628099203109741, "abstracts-backfile": 0.0, "resource-links-current": 0.93388432264328, "abstracts-current": 0.0, "open-references-current": 1.0, "references-current": 0.8347107172012329}, "title": "Food and Energy Security", "subjects": [], "coverage-type": {"all": {"last-status-check-time": 1617038838122, "affiliations": 0.7542087435722351, "abstracts": 0.0, "orcids": 0.4781144857406616, "licenses": 0.9259259104728699, "references": 0.7643097639083862, "funders": 0.40740740299224854, "similarity-checking": 0.932659924030304, "award-numbers": 0.30639731884002686, "update-policies": 0.40067338943481445, "resource-links": 0.9259259104728699, "open-references": 1.0}, "backfile": {"last-status-check-time": 1617038834950, "affiliations": 0.7085714340209961, "abstracts": 0.0, "orcids": 0.2628571391105652, "licenses": 0.9257143139839172, "references": 0.7200000286102295, "funders": 0.3028571307659149, "similarity-checking": 0.9371428489685059, "award-numbers": 0.20000000298023224, "update-policies": 0.04571428522467613, "resource-links": 0.9257143139839172, "open-references": 1.0}, "current": {"last-status-check-time": 1617038832337, "affiliations": 0.8264462947845459, "abstracts": 0.0, "orcids": 0.7933884263038635, "licenses": 0.93388432264328, "references": 0.8347107172012329, "funders": 0.5619834661483765, "similarity-checking": 0.93388432264328, "award-numbers": 0.4628099203109741, "update-policies": 0.9173553586006165, "resource-links": 0.93388432264328, "open-references": 1.0}}, "flags": {"deposits-abstracts-current": false, "deposits-orcids-current": true, "deposits": true, "deposits-affiliations-backfile": true, "deposits-update-policies-backfile": true, "deposits-similarity-checking-backfile": true, "deposits-award-numbers-current": true, "deposits-resource-links-current": true, "deposits-articles": true, "deposits-affiliations-current": true, "deposits-funders-current": true, "deposits-references-backfile": true, "deposits-abstracts-backfile": false, "deposits-licenses-backfile": true, "deposits-award-numbers-backfile": true, "deposits-open-references-backfile": true, "deposits-open-references-current": true, "deposits-references-current": true, "deposits-resource-links-backfile": true, "deposits-orcids-backfile": true, "deposits-funders-backfile": true, "deposits-update-policies-current": true, "deposits-similarity-checking-current": true, "deposits-licenses-current": true}, "ISSN": ["2048-3694", "2048-3694"], "issn-type": [{"value": "2048-3694", "type": "electronic"}, {"value": "2048-3694", "type": "print"}]}