{"last-status-check-time": 1621333122555, "counts": {"total-dois": 3619, "current-dois": 1833, "backfile-dois": 1786}, "breakdowns": {"dois-by-issued-year": [[2020, 852], [2017, 532], [2021, 528], [2019, 453], [2018, 453], [2016, 209], [2014, 177], [2012, 170], [2013, 118], [2015, 108], [2011, 19]]}, "publisher": "Frontiers Media SA", "coverage": {"affiliations-current": 0.0, "similarity-checking-current": 1.0, "funders-backfile": 0.40873458981513977, "licenses-backfile": 0.25363942980766296, "funders-current": 0.5400981903076172, "affiliations-backfile": 0.0, "resource-links-backfile": 0.0, "orcids-backfile": 0.0, "update-policies-current": 1.0, "open-references-backfile": 1.0, "orcids-current": 0.0, "similarity-checking-backfile": 0.5979843139648438, "references-backfile": 0.7956327199935913, "award-numbers-backfile": 0.3600223958492279, "update-policies-backfile": 0.6903695464134216, "licenses-current": 1.0, "award-numbers-current": 0.22858701646327972, "abstracts-backfile": 0.0, "resource-links-current": 0.0, "abstracts-current": 0.3376977741718292, "open-references-current": 1.0, "references-current": 0.9858155846595764}, "title": "Frontiers in Cellular and Infection Microbiology", "subjects": [{"name": "Immunology", "ASJC": 2403}, {"name": "Microbiology", "ASJC": 2404}, {"name": "Infectious Diseases", "ASJC": 2725}, {"name": "Microbiology (medical)", "ASJC": 2726}], "coverage-type": {"all": {"last-status-check-time": 1621333116287, "affiliations": 0.0, "abstracts": 0.17104172706604004, "orcids": 0.0, "licenses": 0.6316661834716797, "references": 0.8919591307640076, "funders": 0.4752694070339203, "similarity-checking": 0.8016026616096497, "award-numbers": 0.2934512197971344, "update-policies": 0.8471953868865967, "resource-links": 0.0, "open-references": 1.0}, "backfile": {"last-status-check-time": 1621333114235, "affiliations": 0.0, "abstracts": 0.0, "orcids": 0.0, "licenses": 0.25363942980766296, "references": 0.7956327199935913, "funders": 0.40873458981513977, "similarity-checking": 0.5979843139648438, "award-numbers": 0.3600223958492279, "update-policies": 0.6903695464134216, "resource-links": 0.0, "open-references": 1.0}, "current": {"last-status-check-time": 1621333111858, "affiliations": 0.0, "abstracts": 0.3376977741718292, "orcids": 0.0, "licenses": 1.0, "references": 0.9858155846595764, "funders": 0.5400981903076172, "similarity-checking": 1.0, "award-numbers": 0.22858701646327972, "update-policies": 1.0, "resource-links": 0.0, "open-references": 1.0}}, "flags": {"deposits-abstracts-current": true, "deposits-orcids-current": false, "deposits": true, "deposits-affiliations-backfile": false, "deposits-update-policies-backfile": true, "deposits-similarity-checking-backfile": true, "deposits-award-numbers-current": true, "deposits-resource-links-current": false, "deposits-articles": true, "deposits-affiliations-current": false, "deposits-funders-current": true, "deposits-references-backfile": true, "deposits-abstracts-backfile": false, "deposits-licenses-backfile": true, "deposits-award-numbers-backfile": true, "deposits-open-references-backfile": true, "deposits-open-references-current": true, "deposits-references-current": true, "deposits-resource-links-backfile": false, "deposits-orcids-backfile": false, "deposits-funders-backfile": true, "deposits-update-policies-current": true, "deposits-similarity-checking-current": true, "deposits-licenses-current": true}, "ISSN": ["2235-2988"], "issn-type": [{"value": "2235-2988", "type": "electronic"}]}