{"last-status-check-time": 1621171923449, "counts": {"total-dois": 11575, "current-dois": 562, "backfile-dois": 11013}, "breakdowns": {"dois-by-issued-year": [[1972, 350], [1971, 346], [2016, 325], [1974, 308], [1970, 298], [1968, 286], [2014, 277], [1975, 272], [1969, 271], [2015, 269], [1978, 268], [1973, 268], [1977, 260], [1976, 258], [2020, 249], [1987, 247], [1982, 237], [1983, 230], [1979, 229], [1984, 228], [1980, 228], [1986, 220], [2011, 218], [1985, 218], [1981, 217], [1988, 212], [2013, 211], [2006, 207], [2012, 205], [2007, 205], [2005, 204], [2010, 198], [2009, 198], [2008, 195], [2004, 194], [1989, 189], [1992, 182], [1990, 178], [1993, 175], [1994, 174], [2021, 171], [1996, 167], [2017, 165], [1995, 165], [1991, 163], [1997, 158], [2018, 148], [2003, 148], [2019, 142], [1998, 142], [2002, 131], [2000, 130], [1999, 122], [2001, 119]]}, "publisher": "Institute of Electrical and Electronics Engineers", "coverage": {"affiliations-current": 0.09430605173110962, "similarity-checking-current": 1.0, "funders-backfile": 0.05557068809866905, "licenses-backfile": 0.0053573050536215305, "funders-current": 0.6957295536994934, "affiliations-backfile": 0.0, "resource-links-backfile": 9.080178278964013e-05, "orcids-backfile": 0.01979478821158409, "update-policies-current": 0.0, "open-references-backfile": 0.0, "orcids-current": 0.5480427145957947, "similarity-checking-backfile": 0.9993643760681152, "references-backfile": 0.7091618776321411, "award-numbers-backfile": 0.05021338537335396, "update-policies-backfile": 0.0, "licenses-current": 0.0854092538356781, "award-numbers-current": 0.6209964156150818, "abstracts-backfile": 0.0, "resource-links-current": 0.0, "abstracts-current": 0.0, "open-references-current": 0.0, "references-current": 0.435943067073822}, "title": "IEEE Transactions on Computers", "subjects": [{"name": "Computational Theory and Mathematics", "ASJC": 1703}, {"name": "Hardware and Architecture", "ASJC": 1708}, {"name": "Software", "ASJC": 1712}, {"name": "Theoretical Computer Science", "ASJC": 2614}], "coverage-type": {"all": {"last-status-check-time": 1621171916512, "affiliations": 0.004578438121825457, "abstracts": 0.0, "orcids": 0.04543883726000786, "licenses": 0.009243262000381947, "references": 0.6958361864089966, "funders": 0.08664478361606598, "similarity-checking": 0.9993089437484741, "award-numbers": 0.07791983336210251, "update-policies": 0.0, "resource-links": 8.638562576379627e-05, "open-references": 0.0}, "backfile": {"last-status-check-time": 1621171914256, "affiliations": 0.0, "abstracts": 0.0, "orcids": 0.01979478821158409, "licenses": 0.0053573050536215305, "references": 0.7091618776321411, "funders": 0.05557068809866905, "similarity-checking": 0.9993643760681152, "award-numbers": 0.05021338537335396, "update-policies": 0.0, "resource-links": 9.080178278964013e-05, "open-references": 0.0}, "current": {"last-status-check-time": 1621171911750, "affiliations": 0.09430605173110962, "abstracts": 0.0, "orcids": 0.5480427145957947, "licenses": 0.0854092538356781, "references": 0.435943067073822, "funders": 0.6957295536994934, "similarity-checking": 1.0, "award-numbers": 0.6209964156150818, "update-policies": 0.0, "resource-links": 0.0, "open-references": 0.0}}, "flags": {"deposits-abstracts-current": false, "deposits-orcids-current": true, "deposits": true, "deposits-affiliations-backfile": false, "deposits-update-policies-backfile": false, "deposits-similarity-checking-backfile": true, "deposits-award-numbers-current": true, "deposits-resource-links-current": false, "deposits-articles": true, "deposits-affiliations-current": true, "deposits-funders-current": true, "deposits-references-backfile": true, "deposits-abstracts-backfile": false, "deposits-licenses-backfile": true, "deposits-award-numbers-backfile": true, "deposits-open-references-backfile": false, "deposits-open-references-current": false, "deposits-references-current": true, "deposits-resource-links-backfile": true, "deposits-orcids-backfile": true, "deposits-funders-backfile": true, "deposits-update-policies-current": false, "deposits-similarity-checking-current": true, "deposits-licenses-current": true}, "ISSN": ["1557-9956", "0018-9340"], "issn-type": [{"value": "1557-9956", "type": "electronic"}, {"value": "0018-9340", "type": "print"}]}