{"last-status-check-time": 1620856838443, "counts": {"total-dois": 1295, "current-dois": 280, "backfile-dois": 1015}, "breakdowns": {"dois-by-issued-year": [[2019, 134], [2018, 129], [2016, 121], [2017, 119], [2014, 114], [2015, 106], [2013, 102], [2020, 96], [2011, 55], [2012, 51], [2021, 50], [2009, 36], [2010, 35], [2008, 28], [2000, 21], [2007, 20], [2006, 17], [2004, 16], [2005, 15], [1999, 12], [2003, 8], [1998, 6], [2002, 4]]}, "publisher": "Institute of Electrical and Electronics Engineers", "coverage": {"affiliations-current": 0.01785714365541935, "similarity-checking-current": 1.0, "funders-backfile": 0.3024630546569824, "licenses-backfile": 0.02660098485648632, "funders-current": 0.6785714030265808, "affiliations-backfile": 0.0, "resource-links-backfile": 0.003940886817872524, "orcids-backfile": 0.2591133117675781, "update-policies-current": 0.0, "open-references-backfile": 0.0, "orcids-current": 0.8607142567634583, "similarity-checking-backfile": 1.0, "references-backfile": 0.8758620619773865, "award-numbers-backfile": 0.24039408564567566, "update-policies-backfile": 0.0, "licenses-current": 0.06785714626312256, "award-numbers-current": 0.5821428298950195, "abstracts-backfile": 0.0, "resource-links-current": 0.0, "abstracts-current": 0.0, "open-references-current": 0.0, "references-current": 0.6857143044471741}, "title": "IEEE Communications Surveys & Tutorials", "subjects": [{"name": "Electrical and Electronic Engineering", "ASJC": 2208}], "coverage-type": {"all": {"last-status-check-time": 1620856831657, "affiliations": 0.0038580247201025486, "abstracts": 0.0, "orcids": 0.3888888955116272, "licenses": 0.03549382835626602, "references": 0.8341049551963806, "funders": 0.38348764181137085, "similarity-checking": 0.9992284178733826, "award-numbers": 0.31404322385787964, "update-policies": 0.0, "resource-links": 0.003086419776082039, "open-references": 0.0}, "backfile": {"last-status-check-time": 1620856829264, "affiliations": 0.0, "abstracts": 0.0, "orcids": 0.2591133117675781, "licenses": 0.02660098485648632, "references": 0.8758620619773865, "funders": 0.3024630546569824, "similarity-checking": 1.0, "award-numbers": 0.24039408564567566, "update-policies": 0.0, "resource-links": 0.003940886817872524, "open-references": 0.0}, "current": {"last-status-check-time": 1620856827057, "affiliations": 0.01785714365541935, "abstracts": 0.0, "orcids": 0.8607142567634583, "licenses": 0.06785714626312256, "references": 0.6857143044471741, "funders": 0.6785714030265808, "similarity-checking": 1.0, "award-numbers": 0.5821428298950195, "update-policies": 0.0, "resource-links": 0.0, "open-references": 0.0}}, "flags": {"deposits-abstracts-current": false, "deposits-orcids-current": true, "deposits": true, "deposits-affiliations-backfile": false, "deposits-update-policies-backfile": false, "deposits-similarity-checking-backfile": true, "deposits-award-numbers-current": true, "deposits-resource-links-current": false, "deposits-articles": true, "deposits-affiliations-current": true, "deposits-funders-current": true, "deposits-references-backfile": true, "deposits-abstracts-backfile": false, "deposits-licenses-backfile": true, "deposits-award-numbers-backfile": true, "deposits-open-references-backfile": false, "deposits-open-references-current": false, "deposits-references-current": true, "deposits-resource-links-backfile": true, "deposits-orcids-backfile": true, "deposits-funders-backfile": true, "deposits-update-policies-current": false, "deposits-similarity-checking-current": true, "deposits-licenses-current": true}, "ISSN": ["1553-877X", "1553-877X"], "issn-type": [{"value": "1553-877X", "type": "electronic"}, {"value": "1553-877X", "type": "print"}]}