{"last-status-check-time": 1618748239445, "counts": {"total-dois": 8432, "current-dois": 702, "backfile-dois": 7730}, "breakdowns": {"dois-by-issued-year": [[1976, 336], [1982, 325], [1977, 311], [1983, 306], [1981, 297], [1975, 291], [2020, 289], [1980, 267], [1979, 264], [2019, 258], [1978, 225], [1972, 216], [1973, 214], [2018, 198], [1974, 189], [1971, 179], [1970, 178], [1969, 174], [1967, 161], [1968, 158], [2021, 155], [2017, 153], [1966, 148], [1965, 140], [2015, 132], [1963, 121], [1964, 111], [2013, 102], [1986, 99], [1962, 89], [1991, 84], [1988, 83], [1990, 82], [1985, 75], [2012, 72], [1992, 72], [1984, 72], [2011, 71], [1957, 71], [2016, 70], [2000, 69], [1997, 69], [1993, 69], [1989, 69], [2002, 68], [1960, 67], [1958, 65], [1996, 64], [1999, 63], [1995, 63], [1961, 62], [2007, 61], [2005, 61], [1959, 61], [1994, 60], [2014, 59], [2006, 58], [2008, 57], [2004, 55], [2003, 55], [1955, 55], [2001, 52], [2010, 50], [1987, 49], [2009, 47], [1998, 43], [1956, 43]]}, "publisher": "Informa UK (Taylor & Francis)", "coverage": {"affiliations-current": 0.9914529919624329, "similarity-checking-current": 1.0, "funders-backfile": 0.013842172920703888, "licenses-backfile": 0.0, "funders-current": 0.08119658380746841, "affiliations-backfile": 0.06921086460351944, "resource-links-backfile": 0.0, "orcids-backfile": 0.014747736044228077, "update-policies-current": 1.0, "open-references-backfile": 0.9539456367492676, "orcids-current": 0.5341880321502686, "similarity-checking-backfile": 0.9539456367492676, "references-backfile": 0.5261319279670715, "award-numbers-backfile": 0.01228978019207716, "update-policies-backfile": 0.0791720598936081, "licenses-current": 0.0, "award-numbers-current": 0.056980058550834656, "abstracts-backfile": 0.0, "resource-links-current": 0.0, "abstracts-current": 0.0, "open-references-current": 1.0, "references-current": 0.9700854420661926}, "title": "IETE Journal of Research", "subjects": [{"name": "Computer Science Applications", "ASJC": 1706}, {"name": "Electrical and Electronic Engineering", "ASJC": 2208}, {"name": "Theoretical Computer Science", "ASJC": 2614}], "coverage-type": {"all": {"last-status-check-time": 1618748232137, "affiliations": 0.1459914594888687, "abstracts": 0.0, "orcids": 0.05799335986375809, "licenses": 0.0, "references": 0.5630930066108704, "funders": 0.019449714571237564, "similarity-checking": 0.9577798843383789, "award-numbers": 0.016010437160730362, "update-policies": 0.15583491325378418, "resource-links": 0.0, "open-references": 0.9577798843383789}, "backfile": {"last-status-check-time": 1618748229659, "affiliations": 0.06921086460351944, "abstracts": 0.0, "orcids": 0.014747736044228077, "licenses": 0.0, "references": 0.5261319279670715, "funders": 0.013842172920703888, "similarity-checking": 0.9539456367492676, "award-numbers": 0.01228978019207716, "update-policies": 0.0791720598936081, "resource-links": 0.0, "open-references": 0.9539456367492676}, "current": {"last-status-check-time": 1618748227102, "affiliations": 0.9914529919624329, "abstracts": 0.0, "orcids": 0.5341880321502686, "licenses": 0.0, "references": 0.9700854420661926, "funders": 0.08119658380746841, "similarity-checking": 1.0, "award-numbers": 0.056980058550834656, "update-policies": 1.0, "resource-links": 0.0, "open-references": 1.0}}, "flags": {"deposits-abstracts-current": false, "deposits-orcids-current": true, "deposits": true, "deposits-affiliations-backfile": true, "deposits-update-policies-backfile": true, "deposits-similarity-checking-backfile": true, "deposits-award-numbers-current": true, "deposits-resource-links-current": false, "deposits-articles": true, "deposits-affiliations-current": true, "deposits-funders-current": true, "deposits-references-backfile": true, "deposits-abstracts-backfile": false, "deposits-licenses-backfile": false, "deposits-award-numbers-backfile": true, "deposits-open-references-backfile": true, "deposits-open-references-current": true, "deposits-references-current": true, "deposits-resource-links-backfile": false, "deposits-orcids-backfile": true, "deposits-funders-backfile": true, "deposits-update-policies-current": true, "deposits-similarity-checking-current": true, "deposits-licenses-current": false}, "ISSN": ["0974-780X", "0377-2063"], "issn-type": [{"value": "0974-780X", "type": "electronic"}, {"value": "0377-2063", "type": "print"}]}