{"last-status-check-time": 1617040282730, "counts": {"total-dois": 873, "current-dois": 314, "backfile-dois": 559}, "breakdowns": {"dois-by-issued-year": [[2020, 168], [2017, 167], [2018, 129], [2016, 112], [2019, 104], [2015, 60], [2014, 47], [2021, 42], [2013, 31], [2012, 13]]}, "publisher": "Springer (Biomed Central Ltd.)", "coverage": {"affiliations-current": 0.0, "similarity-checking-current": 1.0, "funders-backfile": 0.5008944272994995, "licenses-backfile": 0.3398926556110382, "funders-current": 0.6369426846504211, "affiliations-backfile": 0.0, "resource-links-backfile": 0.3398926556110382, "orcids-backfile": 0.1824686974287033, "update-policies-current": 1.0, "open-references-backfile": 1.0, "orcids-current": 0.5796178579330444, "similarity-checking-backfile": 0.9373881816864014, "references-backfile": 0.9767441749572754, "award-numbers-backfile": 0.40429338812828064, "update-policies-backfile": 0.8640429377555847, "licenses-current": 1.0, "award-numbers-current": 0.5891719460487366, "abstracts-backfile": 0.0, "resource-links-current": 1.0, "abstracts-current": 0.4458598792552948, "open-references-current": 1.0, "references-current": 1.0}, "title": "Infectious Diseases of Poverty", "subjects": [], "coverage-type": {"all": {"last-status-check-time": 1617040270471, "affiliations": 0.0, "abstracts": 0.16036655008792877, "orcids": 0.325314998626709, "licenses": 0.5773195624351501, "references": 0.9851087927818298, "funders": 0.5498281717300415, "similarity-checking": 0.9599083662033081, "award-numbers": 0.47079038619995117, "update-policies": 0.9129438996315002, "resource-links": 0.5773195624351501, "open-references": 1.0}, "backfile": {"last-status-check-time": 1617040267515, "affiliations": 0.0, "abstracts": 0.0, "orcids": 0.1824686974287033, "licenses": 0.3398926556110382, "references": 0.9767441749572754, "funders": 0.5008944272994995, "similarity-checking": 0.9373881816864014, "award-numbers": 0.40429338812828064, "update-policies": 0.8640429377555847, "resource-links": 0.3398926556110382, "open-references": 1.0}, "current": {"last-status-check-time": 1617040264740, "affiliations": 0.0, "abstracts": 0.4458598792552948, "orcids": 0.5796178579330444, "licenses": 1.0, "references": 1.0, "funders": 0.6369426846504211, "similarity-checking": 1.0, "award-numbers": 0.5891719460487366, "update-policies": 1.0, "resource-links": 1.0, "open-references": 1.0}}, "flags": {"deposits-abstracts-current": true, "deposits-orcids-current": true, "deposits": true, "deposits-affiliations-backfile": false, "deposits-update-policies-backfile": true, "deposits-similarity-checking-backfile": true, "deposits-award-numbers-current": true, "deposits-resource-links-current": true, "deposits-articles": true, "deposits-affiliations-current": false, "deposits-funders-current": true, "deposits-references-backfile": true, "deposits-abstracts-backfile": false, "deposits-licenses-backfile": true, "deposits-award-numbers-backfile": true, "deposits-open-references-backfile": true, "deposits-open-references-current": true, "deposits-references-current": true, "deposits-resource-links-backfile": true, "deposits-orcids-backfile": true, "deposits-funders-backfile": true, "deposits-update-policies-current": true, "deposits-similarity-checking-current": true, "deposits-licenses-current": true}, "ISSN": ["2049-9957", "2049-9957"], "issn-type": [{"value": "2049-9957", "type": "electronic"}, {"value": "2049-9957", "type": "print"}]}