{"last-status-check-time": 1621228233917, "counts": {"total-dois": 913, "current-dois": 109, "backfile-dois": 804}, "breakdowns": {"dois-by-issued-year": [[2009, 73], [2011, 70], [2008, 67], [2013, 61], [2010, 61], [2006, 61], [2020, 58], [2007, 56], [2012, 54], [2014, 52], [2017, 47], [2018, 44], [2016, 44], [2015, 37], [2005, 32], [2019, 31], [2004, 30], [2021, 20], [2003, 10], [2002, 5]]}, "publisher": "Springer (Biomed Central Ltd.)", "coverage": {"affiliations-current": 0.0, "similarity-checking-current": 1.0, "funders-backfile": 0.12437810748815536, "licenses-backfile": 0.09452736377716064, "funders-current": 0.752293586730957, "affiliations-backfile": 0.0, "resource-links-backfile": 0.09452736377716064, "orcids-backfile": 0.0833333358168602, "update-policies-current": 1.0, "open-references-backfile": 1.0, "orcids-current": 0.8899082541465759, "similarity-checking-backfile": 0.21641790866851807, "references-backfile": 0.47636815905570984, "award-numbers-backfile": 0.09825870394706726, "update-policies-backfile": 0.20522387325763702, "licenses-current": 1.0, "award-numbers-current": 0.5963302850723267, "abstracts-backfile": 0.0, "resource-links-current": 1.0, "abstracts-current": 0.6697247624397278, "open-references-current": 1.0, "references-current": 1.0}, "title": "International Journal of Health Geographics", "subjects": [{"name": "General Business, Management and Accounting", "ASJC": 1400}, {"name": "General Computer Science", "ASJC": 1700}, {"name": "Public Health, Environmental and Occupational Health", "ASJC": 2739}], "coverage-type": {"all": {"last-status-check-time": 1621228227225, "affiliations": 0.0, "abstracts": 0.07995618879795074, "orcids": 0.17962759733200073, "licenses": 0.2026287019252777, "references": 0.5388827919960022, "funders": 0.19934283196926117, "similarity-checking": 0.30996713042259216, "award-numbers": 0.15772180259227753, "update-policies": 0.30010953545570374, "resource-links": 0.2026287019252777, "open-references": 1.0}, "backfile": {"last-status-check-time": 1621228224882, "affiliations": 0.0, "abstracts": 0.0, "orcids": 0.0833333358168602, "licenses": 0.09452736377716064, "references": 0.47636815905570984, "funders": 0.12437810748815536, "similarity-checking": 0.21641790866851807, "award-numbers": 0.09825870394706726, "update-policies": 0.20522387325763702, "resource-links": 0.09452736377716064, "open-references": 1.0}, "current": {"last-status-check-time": 1621228222659, "affiliations": 0.0, "abstracts": 0.6697247624397278, "orcids": 0.8899082541465759, "licenses": 1.0, "references": 1.0, "funders": 0.752293586730957, "similarity-checking": 1.0, "award-numbers": 0.5963302850723267, "update-policies": 1.0, "resource-links": 1.0, "open-references": 1.0}}, "flags": {"deposits-abstracts-current": true, "deposits-orcids-current": true, "deposits": true, "deposits-affiliations-backfile": false, "deposits-update-policies-backfile": true, "deposits-similarity-checking-backfile": true, "deposits-award-numbers-current": true, "deposits-resource-links-current": true, "deposits-articles": true, "deposits-affiliations-current": false, "deposits-funders-current": true, "deposits-references-backfile": true, "deposits-abstracts-backfile": false, "deposits-licenses-backfile": true, "deposits-award-numbers-backfile": true, "deposits-open-references-backfile": true, "deposits-open-references-current": true, "deposits-references-current": true, "deposits-resource-links-backfile": true, "deposits-orcids-backfile": true, "deposits-funders-backfile": true, "deposits-update-policies-current": true, "deposits-similarity-checking-current": true, "deposits-licenses-current": true}, "ISSN": ["1476-072X", "1476-072X"], "issn-type": [{"value": "1476-072X", "type": "electronic"}, {"value": "1476-072X", "type": "print"}]}