{"last-status-check-time": 1620669810326, "counts": {"total-dois": 984, "current-dois": 42, "backfile-dois": 942}, "breakdowns": {"dois-by-issued-year": [[2016, 34], [1994, 32], [1973, 31], [1972, 30], [1978, 28], [1996, 26], [2013, 24], [2014, 23], [2020, 22], [1985, 20], [2018, 19], [2011, 19], [1993, 19], [1992, 19], [1974, 19], [2017, 18], [2012, 18], [1997, 18], [1995, 18], [1991, 18], [1984, 18], [2008, 17], [2005, 17], [2004, 17], [1989, 17], [1977, 17], [1976, 17], [1971, 17], [2007, 16], [1986, 16], [2019, 15], [2003, 15], [1983, 15], [2009, 14], [1998, 14], [1979, 14], [2010, 13], [2006, 13], [2002, 13], [1990, 13], [1980, 13], [1975, 13], [2000, 12], [1988, 12], [1981, 12], [1956, 12], [2001, 11], [1962, 11], [1957, 11], [2015, 10], [1999, 10], [1970, 10], [1969, 10], [1968, 10], [1967, 10], [1966, 10], [1961, 10], [1987, 9], [1958, 8], [1965, 7], [2021, 5], [1964, 3], [1982, 2]]}, "publisher": "Maney Publishing", "coverage": {"affiliations-current": 0.976190447807312, "similarity-checking-current": 1.0, "funders-backfile": 0.03927813097834587, "licenses-backfile": 0.0074309976771473885, "funders-current": 0.5714285969734192, "affiliations-backfile": 0.05095541477203369, "resource-links-backfile": 0.0074309976771473885, "orcids-backfile": 0.026539277285337448, "update-policies-current": 1.0, "open-references-backfile": 1.0, "orcids-current": 0.738095223903656, "similarity-checking-backfile": 0.543524444103241, "references-backfile": 0.5191082954406738, "award-numbers-backfile": 0.03184713423252106, "update-policies-backfile": 0.1146496832370758, "licenses-current": 0.1190476194024086, "award-numbers-current": 0.5, "abstracts-backfile": 0.0, "resource-links-current": 0.0714285746216774, "abstracts-current": 0.0, "open-references-current": 1.0, "references-current": 0.976190447807312}, "title": "International Materials Reviews", "subjects": [{"name": "Mechanical Engineering", "ASJC": 2210}, {"name": "Mechanics of Materials", "ASJC": 2211}, {"name": "Materials Chemistry", "ASJC": 2505}, {"name": "Metals and Alloys", "ASJC": 2506}], "coverage-type": {"all": {"last-status-check-time": 1620669803770, "affiliations": 0.09044715762138367, "abstracts": 0.0, "orcids": 0.056910570710897446, "licenses": 0.012195121496915817, "references": 0.5386179089546204, "funders": 0.061991870403289795, "similarity-checking": 0.5630081295967102, "award-numbers": 0.0518292672932148, "update-policies": 0.15243902802467346, "resource-links": 0.010162601247429848, "open-references": 1.0}, "backfile": {"last-status-check-time": 1620669801752, "affiliations": 0.05095541477203369, "abstracts": 0.0, "orcids": 0.026539277285337448, "licenses": 0.0074309976771473885, "references": 0.5191082954406738, "funders": 0.03927813097834587, "similarity-checking": 0.543524444103241, "award-numbers": 0.03184713423252106, "update-policies": 0.1146496832370758, "resource-links": 0.0074309976771473885, "open-references": 1.0}, "current": {"last-status-check-time": 1620669799689, "affiliations": 0.976190447807312, "abstracts": 0.0, "orcids": 0.738095223903656, "licenses": 0.1190476194024086, "references": 0.976190447807312, "funders": 0.5714285969734192, "similarity-checking": 1.0, "award-numbers": 0.5, "update-policies": 1.0, "resource-links": 0.0714285746216774, "open-references": 1.0}}, "flags": {"deposits-abstracts-current": false, "deposits-orcids-current": true, "deposits": true, "deposits-affiliations-backfile": true, "deposits-update-policies-backfile": true, "deposits-similarity-checking-backfile": true, "deposits-award-numbers-current": true, "deposits-resource-links-current": true, "deposits-articles": true, "deposits-affiliations-current": true, "deposits-funders-current": true, "deposits-references-backfile": true, "deposits-abstracts-backfile": false, "deposits-licenses-backfile": true, "deposits-award-numbers-backfile": true, "deposits-open-references-backfile": true, "deposits-open-references-current": true, "deposits-references-current": true, "deposits-resource-links-backfile": true, "deposits-orcids-backfile": true, "deposits-funders-backfile": true, "deposits-update-policies-current": true, "deposits-similarity-checking-current": true, "deposits-licenses-current": true}, "ISSN": ["0950-6608"], "issn-type": [{"value": "0950-6608", "type": "print"}]}