{"last-status-check-time": 1621013852213, "counts": {"total-dois": 270, "current-dois": 59, "backfile-dois": 211}, "breakdowns": {"dois-by-issued-year": [[2020, 28], [2010, 26], [2019, 22], [2018, 22], [2011, 22], [2008, 22], [2012, 21], [2013, 20], [2009, 19], [2017, 16], [2014, 16], [2015, 14], [2016, 13], [2021, 9]]}, "publisher": "Elsevier ", "coverage": {"affiliations-current": 0.0, "similarity-checking-current": 0.0, "funders-backfile": 0.274881511926651, "licenses-backfile": 1.0, "funders-current": 0.35593220591545105, "affiliations-backfile": 0.0, "resource-links-backfile": 1.0, "orcids-backfile": 0.06635071337223053, "update-policies-current": 0.9661017060279846, "open-references-backfile": 1.0, "orcids-current": 0.4576271176338196, "similarity-checking-backfile": 0.0, "references-backfile": 0.8767772316932678, "award-numbers-backfile": 0.1895734667778015, "update-policies-backfile": 0.3838862478733063, "licenses-current": 1.0, "award-numbers-current": 0.2711864411830902, "abstracts-backfile": 0.0, "resource-links-current": 1.0, "abstracts-current": 0.0, "open-references-current": 1.0, "references-current": 0.9661017060279846}, "title": "Japanese Dental Science Review", "subjects": [{"name": "General Dentistry", "ASJC": 3500}], "coverage-type": {"all": {"last-status-check-time": 1621013843820, "affiliations": 0.0, "abstracts": 0.0, "orcids": 0.1518518477678299, "licenses": 1.0, "references": 0.8962963223457336, "funders": 0.2925925850868225, "similarity-checking": 0.0, "award-numbers": 0.2074074000120163, "update-policies": 0.5111111402511597, "resource-links": 1.0, "open-references": 1.0}, "backfile": {"last-status-check-time": 1621013841041, "affiliations": 0.0, "abstracts": 0.0, "orcids": 0.06635071337223053, "licenses": 1.0, "references": 0.8767772316932678, "funders": 0.274881511926651, "similarity-checking": 0.0, "award-numbers": 0.1895734667778015, "update-policies": 0.3838862478733063, "resource-links": 1.0, "open-references": 1.0}, "current": {"last-status-check-time": 1621013838520, "affiliations": 0.0, "abstracts": 0.0, "orcids": 0.4576271176338196, "licenses": 1.0, "references": 0.9661017060279846, "funders": 0.35593220591545105, "similarity-checking": 0.0, "award-numbers": 0.2711864411830902, "update-policies": 0.9661017060279846, "resource-links": 1.0, "open-references": 1.0}}, "flags": {"deposits-abstracts-current": false, "deposits-orcids-current": true, "deposits": true, "deposits-affiliations-backfile": false, "deposits-update-policies-backfile": true, "deposits-similarity-checking-backfile": false, "deposits-award-numbers-current": true, "deposits-resource-links-current": true, "deposits-articles": true, "deposits-affiliations-current": false, "deposits-funders-current": true, "deposits-references-backfile": true, "deposits-abstracts-backfile": false, "deposits-licenses-backfile": true, "deposits-award-numbers-backfile": true, "deposits-open-references-backfile": true, "deposits-open-references-current": true, "deposits-references-current": true, "deposits-resource-links-backfile": true, "deposits-orcids-backfile": true, "deposits-funders-backfile": true, "deposits-update-policies-current": true, "deposits-similarity-checking-current": false, "deposits-licenses-current": true}, "ISSN": ["1882-7616"], "issn-type": [{"value": "1882-7616", "type": "print"}]}