{"last-status-check-time": 1618977433749, "counts": {"total-dois": 2373, "current-dois": 769, "backfile-dois": 1604}, "breakdowns": {"dois-by-issued-year": [[2020, 379], [2019, 304], [2016, 299], [2018, 297], [2017, 288], [2015, 276], [2014, 188], [2021, 86], [2013, 81], [2012, 79], [2011, 49], [2010, 30], [2009, 17]]}, "publisher": "Hindawi Limited", "coverage": {"affiliations-current": 1.0, "similarity-checking-current": 1.0, "funders-backfile": 0.3591022491455078, "licenses-backfile": 1.0, "funders-current": 0.48374512791633606, "affiliations-backfile": 0.9987531304359436, "resource-links-backfile": 1.0, "orcids-backfile": 0.6390274167060852, "update-policies-current": 0.0, "open-references-backfile": 1.0, "orcids-current": 1.0, "similarity-checking-backfile": 1.0, "references-backfile": 0.9756857752799988, "award-numbers-backfile": 0.2668329179286957, "update-policies-backfile": 0.0, "licenses-current": 1.0, "award-numbers-current": 0.3966189920902252, "abstracts-backfile": 0.9432668089866638, "resource-links-current": 1.0, "abstracts-current": 0.9700910449028015, "open-references-current": 1.0, "references-current": 0.9973992109298706}, "title": "Journal of Ophthalmology", "subjects": [{"name": "Ophthalmology", "ASJC": 2731}], "coverage-type": {"all": {"last-status-check-time": 1618977426921, "affiliations": 0.9983158111572266, "abstracts": 0.9511578679084778, "orcids": 0.7553684115409851, "licenses": 0.9991579055786133, "references": 0.9818947315216064, "funders": 0.39915788173675537, "similarity-checking": 0.9991579055786133, "award-numbers": 0.30863156914711, "update-policies": 0.0, "resource-links": 0.9991579055786133, "open-references": 1.0}, "backfile": {"last-status-check-time": 1618977424548, "affiliations": 0.9987531304359436, "abstracts": 0.9432668089866638, "orcids": 0.6390274167060852, "licenses": 1.0, "references": 0.9756857752799988, "funders": 0.3591022491455078, "similarity-checking": 1.0, "award-numbers": 0.2668329179286957, "update-policies": 0.0, "resource-links": 1.0, "open-references": 1.0}, "current": {"last-status-check-time": 1618977422174, "affiliations": 1.0, "abstracts": 0.9700910449028015, "orcids": 1.0, "licenses": 1.0, "references": 0.9973992109298706, "funders": 0.48374512791633606, "similarity-checking": 1.0, "award-numbers": 0.3966189920902252, "update-policies": 0.0, "resource-links": 1.0, "open-references": 1.0}}, "flags": {"deposits-abstracts-current": true, "deposits-orcids-current": true, "deposits": true, "deposits-affiliations-backfile": true, "deposits-update-policies-backfile": false, "deposits-similarity-checking-backfile": true, "deposits-award-numbers-current": true, "deposits-resource-links-current": true, "deposits-articles": true, "deposits-affiliations-current": true, "deposits-funders-current": true, "deposits-references-backfile": true, "deposits-abstracts-backfile": true, "deposits-licenses-backfile": true, "deposits-award-numbers-backfile": true, "deposits-open-references-backfile": true, "deposits-open-references-current": true, "deposits-references-current": true, "deposits-resource-links-backfile": true, "deposits-orcids-backfile": true, "deposits-funders-backfile": true, "deposits-update-policies-current": false, "deposits-similarity-checking-current": true, "deposits-licenses-current": true}, "ISSN": ["2090-0058", "2090-004X"], "issn-type": [{"value": "2090-0058", "type": "electronic"}, {"value": "2090-004X", "type": "print"}]}