{"last-status-check-time": 1619026550589, "counts": {"total-dois": 304, "current-dois": 107, "backfile-dois": 197}, "breakdowns": {"dois-by-issued-year": [[2016, 79], [2019, 60], [2020, 45], [2013, 29], [2014, 26], [2017, 22], [2018, 19], [2015, 15], [2012, 7], [2021, 2]]}, "publisher": "Bussecon International", "coverage": {"affiliations-current": 0.0, "similarity-checking-current": 0.7102803587913513, "funders-backfile": 0.0, "licenses-backfile": 0.9340101480484009, "funders-current": 0.0, "affiliations-backfile": 0.0, "resource-links-backfile": 0.9289340376853943, "orcids-backfile": 0.020304568111896515, "update-policies-current": 0.0, "open-references-backfile": 1.0, "orcids-current": 0.08411215245723724, "similarity-checking-backfile": 0.9289340376853943, "references-backfile": 0.0, "award-numbers-backfile": 0.0, "update-policies-backfile": 0.0, "licenses-current": 0.4672897160053253, "award-numbers-current": 0.0, "abstracts-backfile": 0.9340101480484009, "resource-links-current": 0.7102803587913513, "abstracts-current": 0.7196261882781982, "open-references-current": 1.0, "references-current": 0.0}, "title": "International Journal of Finance & Banking Studies (2147-4486)", "subjects": [], "coverage-type": {"all": {"last-status-check-time": 1619026543086, "affiliations": 0.0, "abstracts": 0.8585526347160339, "orcids": 0.042763158679008484, "licenses": 0.7697368264198303, "references": 0.0, "funders": 0.0, "similarity-checking": 0.8519737124443054, "award-numbers": 0.0, "update-policies": 0.0, "resource-links": 0.8519737124443054, "open-references": 1.0}, "backfile": {"last-status-check-time": 1619026540467, "affiliations": 0.0, "abstracts": 0.9340101480484009, "orcids": 0.020304568111896515, "licenses": 0.9340101480484009, "references": 0.0, "funders": 0.0, "similarity-checking": 0.9289340376853943, "award-numbers": 0.0, "update-policies": 0.0, "resource-links": 0.9289340376853943, "open-references": 1.0}, "current": {"last-status-check-time": 1619026537938, "affiliations": 0.0, "abstracts": 0.7196261882781982, "orcids": 0.08411215245723724, "licenses": 0.4672897160053253, "references": 0.0, "funders": 0.0, "similarity-checking": 0.7102803587913513, "award-numbers": 0.0, "update-policies": 0.0, "resource-links": 0.7102803587913513, "open-references": 1.0}}, "flags": {"deposits-abstracts-current": true, "deposits-orcids-current": true, "deposits": true, "deposits-affiliations-backfile": false, "deposits-update-policies-backfile": false, "deposits-similarity-checking-backfile": true, "deposits-award-numbers-current": false, "deposits-resource-links-current": true, "deposits-articles": true, "deposits-affiliations-current": false, "deposits-funders-current": false, "deposits-references-backfile": false, "deposits-abstracts-backfile": true, "deposits-licenses-backfile": true, "deposits-award-numbers-backfile": false, "deposits-open-references-backfile": true, "deposits-open-references-current": true, "deposits-references-current": false, "deposits-resource-links-backfile": true, "deposits-orcids-backfile": true, "deposits-funders-backfile": false, "deposits-update-policies-current": false, "deposits-similarity-checking-current": true, "deposits-licenses-current": true}, "ISSN": ["2147-4486"], "issn-type": [{"value": "2147-4486", "type": "electronic"}]}