{"last-status-check-time": 1621066178499, "counts": {"total-dois": 8135, "current-dois": 469, "backfile-dois": 7666}, "breakdowns": {"dois-by-issued-year": [[2018, 1709], [2005, 266], [2008, 216], [2002, 212], [2017, 200], [2019, 198], [2020, 194], [2001, 191], [1996, 191], [2016, 181], [2004, 181], [2010, 180], [2003, 179], [2007, 178], [2011, 174], [2012, 171], [2013, 170], [2009, 168], [1986, 168], [2015, 166], [1998, 164], [1997, 160], [1999, 156], [2006, 155], [2000, 155], [1992, 155], [1991, 146], [2014, 140], [1994, 135], [1990, 135], [1993, 134], [1989, 129], [1995, 121], [1987, 110], [1988, 108], [1985, 94], [1980, 85], [1984, 79], [2021, 77], [1983, 60], [1982, 59], [1979, 57], [1981, 52], [1977, 47], [1976, 42], [1975, 30], [1978, 29], [1974, 28]]}, "publisher": "Wiley (Blackwell Publishing)", "coverage": {"affiliations-current": 0.8230277299880981, "similarity-checking-current": 0.9317697286605835, "funders-backfile": 0.07448473572731018, "licenses-backfile": 0.9873467087745667, "funders-current": 0.3283582031726837, "affiliations-backfile": 0.14244717359542847, "resource-links-backfile": 0.9864336252212524, "orcids-backfile": 0.0486564040184021, "update-policies-current": 0.8742004036903381, "open-references-backfile": 1.0, "orcids-current": 0.8187633156776428, "similarity-checking-backfile": 0.9446908235549927, "references-backfile": 0.670362651348114, "award-numbers-backfile": 0.03939472883939743, "update-policies-backfile": 0.0039133839309215546, "licenses-current": 0.9317697286605835, "award-numbers-current": 0.21961620450019836, "abstracts-backfile": 0.0, "resource-links-current": 0.9317697286605835, "abstracts-current": 0.0, "open-references-current": 1.0, "references-current": 0.8144989609718323}, "title": "Journal Of Clinical Periodontology", "subjects": [{"name": "Periodontics", "ASJC": 3506}], "coverage-type": {"all": {"last-status-check-time": 1621066170987, "affiliations": 0.18166175484657288, "abstracts": 0.0, "orcids": 0.0930432677268982, "licenses": 0.9840216040611267, "references": 0.6785889863967896, "funders": 0.0891101285815239, "similarity-checking": 0.9438298940658569, "award-numbers": 0.049778759479522705, "update-policies": 0.05408062785863876, "resource-links": 0.9831612706184387, "open-references": 1.0}, "backfile": {"last-status-check-time": 1621066168237, "affiliations": 0.14244717359542847, "abstracts": 0.0, "orcids": 0.0486564040184021, "licenses": 0.9873467087745667, "references": 0.670362651348114, "funders": 0.07448473572731018, "similarity-checking": 0.9446908235549927, "award-numbers": 0.03939472883939743, "update-policies": 0.0039133839309215546, "resource-links": 0.9864336252212524, "open-references": 1.0}, "current": {"last-status-check-time": 1621066165624, "affiliations": 0.8230277299880981, "abstracts": 0.0, "orcids": 0.8187633156776428, "licenses": 0.9317697286605835, "references": 0.8144989609718323, "funders": 0.3283582031726837, "similarity-checking": 0.9317697286605835, "award-numbers": 0.21961620450019836, "update-policies": 0.8742004036903381, "resource-links": 0.9317697286605835, "open-references": 1.0}}, "flags": {"deposits-abstracts-current": false, "deposits-orcids-current": true, "deposits": true, "deposits-affiliations-backfile": true, "deposits-update-policies-backfile": true, "deposits-similarity-checking-backfile": true, "deposits-award-numbers-current": true, "deposits-resource-links-current": true, "deposits-articles": true, "deposits-affiliations-current": true, "deposits-funders-current": true, "deposits-references-backfile": true, "deposits-abstracts-backfile": false, "deposits-licenses-backfile": true, "deposits-award-numbers-backfile": true, "deposits-open-references-backfile": true, "deposits-open-references-current": true, "deposits-references-current": true, "deposits-resource-links-backfile": true, "deposits-orcids-backfile": true, "deposits-funders-backfile": true, "deposits-update-policies-current": true, "deposits-similarity-checking-current": true, "deposits-licenses-current": true}, "ISSN": ["1600-051X", "0303-6979"], "issn-type": [{"value": "1600-051X", "type": "electronic"}, {"value": "0303-6979", "type": "print"}]}