{"last-status-check-time": 1620934811724, "counts": {"total-dois": 12446, "current-dois": 464, "backfile-dois": 11982}, "breakdowns": {"dois-by-issued-year": [[2007, 401], [2011, 320], [2010, 314], [2008, 260], [2006, 231], [1985, 231], [1972, 227], [1984, 226], [2018, 219], [1989, 216], [2017, 213], [2009, 203], [2019, 197], [1997, 197], [1998, 196], [2015, 194], [1983, 193], [2016, 190], [2005, 187], [1982, 184], [1981, 183], [2020, 182], [1969, 181], [2014, 180], [2012, 175], [1979, 174], [1978, 174], [1980, 172], [2013, 168], [1999, 162], [1988, 161], [1987, 161], [1970, 161], [1968, 159], [1974, 156], [1971, 156], [1977, 155], [1966, 154], [1986, 153], [1967, 152], [1976, 148], [1993, 146], [1965, 145], [1975, 144], [1964, 140], [1992, 139], [2000, 138], [2004, 134], [1996, 133], [2002, 132], [1995, 129], [1963, 128], [1994, 127], [1990, 127], [1991, 126], [2001, 122], [1957, 121], [1952, 120], [1959, 116], [1962, 112], [1955, 108], [1960, 107], [1953, 107], [1973, 106], [2003, 104], [1958, 102], [1951, 102], [1956, 100], [1961, 99], [1954, 97], [1950, 92], [2021, 85], [1946, 78], [1943, 75], [1949, 65], [1947, 62], [1945, 60], [1944, 58], [1941, 53], [1939, 51], [1940, 49], [1942, 46], [1948, 45], [1938, 39], [1937, 11]]}, "publisher": "Wiley (Blackwell Publishing)", "coverage": {"affiliations-current": 0.8275862336158752, "similarity-checking-current": 0.9590517282485962, "funders-backfile": 0.04147888347506523, "licenses-backfile": 0.2797529697418213, "funders-current": 0.4288793206214905, "affiliations-backfile": 0.08354198187589645, "resource-links-backfile": 0.2787514626979828, "orcids-backfile": 0.006927057169377804, "update-policies-current": 0.0, "open-references-backfile": 1.0, "orcids-current": 0.375, "similarity-checking-backfile": 0.14046068489551544, "references-backfile": 0.21674178540706635, "award-numbers-backfile": 0.016524787992239, "update-policies-backfile": 0.0, "licenses-current": 0.9590517282485962, "award-numbers-current": 0.18103447556495667, "abstracts-backfile": 0.0, "resource-links-current": 0.9590517282485962, "abstracts-current": 0.0, "open-references-current": 1.0, "references-current": 0.7931034564971924}, "title": "Journal of Wildlife Management", "subjects": [{"name": "Ecology, Evolution, Behavior and Systematics", "ASJC": 1105}, {"name": "Ecology", "ASJC": 2303}, {"name": "Nature and Landscape Conservation", "ASJC": 2309}], "coverage-type": {"all": {"last-status-check-time": 1620934802855, "affiliations": 0.11127179116010666, "abstracts": 0.0, "orcids": 0.020647546276450157, "licenses": 0.3050534129142761, "references": 0.23821000754833221, "funders": 0.05591708794236183, "similarity-checking": 0.17096489667892456, "award-numbers": 0.022656062617897987, "update-policies": 0.0, "resource-links": 0.30408933758735657, "open-references": 1.0}, "backfile": {"last-status-check-time": 1620934800208, "affiliations": 0.08354198187589645, "abstracts": 0.0, "orcids": 0.006927057169377804, "licenses": 0.2797529697418213, "references": 0.21674178540706635, "funders": 0.04147888347506523, "similarity-checking": 0.14046068489551544, "award-numbers": 0.016524787992239, "update-policies": 0.0, "resource-links": 0.2787514626979828, "open-references": 1.0}, "current": {"last-status-check-time": 1620934797327, "affiliations": 0.8275862336158752, "abstracts": 0.0, "orcids": 0.375, "licenses": 0.9590517282485962, "references": 0.7931034564971924, "funders": 0.4288793206214905, "similarity-checking": 0.9590517282485962, "award-numbers": 0.18103447556495667, "update-policies": 0.0, "resource-links": 0.9590517282485962, "open-references": 1.0}}, "flags": {"deposits-abstracts-current": false, "deposits-orcids-current": true, "deposits": true, "deposits-affiliations-backfile": true, "deposits-update-policies-backfile": false, "deposits-similarity-checking-backfile": true, "deposits-award-numbers-current": true, "deposits-resource-links-current": true, "deposits-articles": true, "deposits-affiliations-current": true, "deposits-funders-current": true, "deposits-references-backfile": true, "deposits-abstracts-backfile": false, "deposits-licenses-backfile": true, "deposits-award-numbers-backfile": true, "deposits-open-references-backfile": true, "deposits-open-references-current": true, "deposits-references-current": true, "deposits-resource-links-backfile": true, "deposits-orcids-backfile": true, "deposits-funders-backfile": true, "deposits-update-policies-current": false, "deposits-similarity-checking-current": true, "deposits-licenses-current": true}, "ISSN": ["1937-2817", "0022-541X"], "issn-type": [{"value": "1937-2817", "type": "electronic"}, {"value": "0022-541X", "type": "print"}]}