{"last-status-check-time": 1621031116262, "counts": {"total-dois": 45290, "current-dois": 5539, "backfile-dois": 39751}, "breakdowns": {"dois-by-issued-year": [[2020, 2378], [2019, 2158], [2018, 2030], [2017, 2003], [2016, 1872], [2015, 1854], [2005, 1797], [2013, 1703], [2012, 1614], [2014, 1598], [2007, 1570], [2004, 1531], [2011, 1518], [2009, 1437], [2008, 1311], [2010, 1258], [2021, 1003], [2006, 887], [1986, 819], [1987, 817], [1990, 760], [1995, 751], [1985, 736], [1989, 731], [2003, 730], [1996, 724], [1991, 705], [1988, 691], [1984, 681], [1997, 659], [1992, 658], [1994, 656], [1993, 643], [2000, 628], [1998, 586], [1999, 562], [2001, 559], [1982, 557], [1983, 551], [2002, 521], [1981, 479], [1980, 411], [1979, 153]]}, "publisher": "Elsevier ", "coverage": {"affiliations-current": 0.0, "similarity-checking-current": 0.0, "funders-backfile": 0.003848959691822529, "licenses-backfile": 1.0, "funders-current": 0.1437082439661026, "affiliations-backfile": 0.0, "resource-links-backfile": 0.9992955923080444, "orcids-backfile": 0.00782370287925005, "update-policies-current": 0.7764939665794373, "open-references-backfile": 1.0, "orcids-current": 0.0027080699801445007, "similarity-checking-backfile": 0.0, "references-backfile": 0.47352269291877747, "award-numbers-backfile": 0.0018112751422449946, "update-policies-backfile": 0.0996956080198288, "licenses-current": 1.0, "award-numbers-current": 0.04495396465063095, "abstracts-backfile": 0.0, "resource-links-current": 1.0, "abstracts-current": 0.0, "open-references-current": 1.0, "references-current": 0.47643980383872986}, "title": "Journal of the American Academy of Dermatology", "subjects": [{"name": "Dermatology", "ASJC": 2708}], "coverage-type": {"all": {"last-status-check-time": 1621031107835, "affiliations": 0.0, "abstracts": 0.0, "orcids": 0.007198057137429714, "licenses": 1.0, "references": 0.47387945652008057, "funders": 0.02095385268330574, "similarity-checking": 0.0, "award-numbers": 0.007087657228112221, "update-policies": 0.18246853351593018, "resource-links": 0.9993817806243896, "open-references": 1.0}, "backfile": {"last-status-check-time": 1621031104938, "affiliations": 0.0, "abstracts": 0.0, "orcids": 0.00782370287925005, "licenses": 1.0, "references": 0.47352269291877747, "funders": 0.003848959691822529, "similarity-checking": 0.0, "award-numbers": 0.0018112751422449946, "update-policies": 0.0996956080198288, "resource-links": 0.9992955923080444, "open-references": 1.0}, "current": {"last-status-check-time": 1621031102147, "affiliations": 0.0, "abstracts": 0.0, "orcids": 0.0027080699801445007, "licenses": 1.0, "references": 0.47643980383872986, "funders": 0.1437082439661026, "similarity-checking": 0.0, "award-numbers": 0.04495396465063095, "update-policies": 0.7764939665794373, "resource-links": 1.0, "open-references": 1.0}}, "flags": {"deposits-abstracts-current": false, "deposits-orcids-current": true, "deposits": true, "deposits-affiliations-backfile": false, "deposits-update-policies-backfile": true, "deposits-similarity-checking-backfile": false, "deposits-award-numbers-current": true, "deposits-resource-links-current": true, "deposits-articles": true, "deposits-affiliations-current": false, "deposits-funders-current": true, "deposits-references-backfile": true, "deposits-abstracts-backfile": false, "deposits-licenses-backfile": true, "deposits-award-numbers-backfile": true, "deposits-open-references-backfile": true, "deposits-open-references-current": true, "deposits-references-current": true, "deposits-resource-links-backfile": true, "deposits-orcids-backfile": true, "deposits-funders-backfile": true, "deposits-update-policies-current": true, "deposits-similarity-checking-current": false, "deposits-licenses-current": true}, "ISSN": ["0190-9622"], "issn-type": [{"value": "0190-9622", "type": "print"}]}