{"last-status-check-time": 1621310554788, "counts": {"total-dois": 674, "current-dois": 318, "backfile-dois": 356}, "breakdowns": {"dois-by-issued-year": [[2020, 154], [2019, 86], [2021, 78], [2016, 65], [2018, 51], [2012, 51], [2015, 47], [2017, 44], [2014, 42], [2013, 42], [2011, 14]]}, "publisher": "Elsevier ", "coverage": {"affiliations-current": 0.0, "similarity-checking-current": 0.0, "funders-backfile": 0.05337078496813774, "licenses-backfile": 0.966292142868042, "funders-current": 0.16352201998233795, "affiliations-backfile": 0.0, "resource-links-backfile": 1.0, "orcids-backfile": 0.08707865327596664, "update-policies-current": 0.9528301954269409, "open-references-backfile": 1.0, "orcids-current": 0.3899371027946472, "similarity-checking-backfile": 0.0, "references-backfile": 0.9101123809814453, "award-numbers-backfile": 0.028089888393878937, "update-policies-backfile": 0.7219101190567017, "licenses-current": 1.0, "award-numbers-current": 0.07232704758644104, "abstracts-backfile": 0.0, "resource-links-current": 1.0, "abstracts-current": 0.0, "open-references-current": 1.0, "references-current": 0.9591194987297058}, "title": "Journal of Oral Biology and Craniofacial Research", "subjects": [{"name": "Otorhinolaryngology", "ASJC": 2733}, {"name": "General Dentistry", "ASJC": 3500}], "coverage-type": {"all": {"last-status-check-time": 1621310548192, "affiliations": 0.0, "abstracts": 0.0, "orcids": 0.229970321059227, "licenses": 0.9821958541870117, "references": 0.9332343935966492, "funders": 0.10534124821424484, "similarity-checking": 0.0, "award-numbers": 0.048961423337459564, "update-policies": 0.8308605551719666, "resource-links": 1.0, "open-references": 1.0}, "backfile": {"last-status-check-time": 1621310545767, "affiliations": 0.0, "abstracts": 0.0, "orcids": 0.08707865327596664, "licenses": 0.966292142868042, "references": 0.9101123809814453, "funders": 0.05337078496813774, "similarity-checking": 0.0, "award-numbers": 0.028089888393878937, "update-policies": 0.7219101190567017, "resource-links": 1.0, "open-references": 1.0}, "current": {"last-status-check-time": 1621310543418, "affiliations": 0.0, "abstracts": 0.0, "orcids": 0.3899371027946472, "licenses": 1.0, "references": 0.9591194987297058, "funders": 0.16352201998233795, "similarity-checking": 0.0, "award-numbers": 0.07232704758644104, "update-policies": 0.9528301954269409, "resource-links": 1.0, "open-references": 1.0}}, "flags": {"deposits-abstracts-current": false, "deposits-orcids-current": true, "deposits": true, "deposits-affiliations-backfile": false, "deposits-update-policies-backfile": true, "deposits-similarity-checking-backfile": false, "deposits-award-numbers-current": true, "deposits-resource-links-current": true, "deposits-articles": true, "deposits-affiliations-current": false, "deposits-funders-current": true, "deposits-references-backfile": true, "deposits-abstracts-backfile": false, "deposits-licenses-backfile": true, "deposits-award-numbers-backfile": true, "deposits-open-references-backfile": true, "deposits-open-references-current": true, "deposits-references-current": true, "deposits-resource-links-backfile": true, "deposits-orcids-backfile": true, "deposits-funders-backfile": true, "deposits-update-policies-current": true, "deposits-similarity-checking-current": false, "deposits-licenses-current": true}, "ISSN": ["2212-4268"], "issn-type": [{"value": "2212-4268", "type": "print"}]}