{"last-status-check-time": 1621424680152, "counts": {"total-dois": 1882, "current-dois": 618, "backfile-dois": 1264}, "breakdowns": {"dois-by-issued-year": [[2020, 286], [2019, 215], [2018, 210], [2017, 189], [2016, 158], [2013, 156], [2015, 142], [2021, 117], [2014, 116], [2011, 106], [2010, 94], [2012, 93]]}, "publisher": "Wiley (Blackwell Publishing)", "coverage": {"affiliations-current": 0.9223300814628601, "similarity-checking-current": 0.9724919199943542, "funders-backfile": 0.37974682450294495, "licenses-backfile": 0.982594907283783, "funders-current": 0.33818769454956055, "affiliations-backfile": 0.7080696225166321, "resource-links-backfile": 0.982594907283783, "orcids-backfile": 0.24208860099315643, "update-policies-current": 0.7135922312736511, "open-references-backfile": 1.0, "orcids-current": 0.893203854560852, "similarity-checking-backfile": 0.9517405033111572, "references-backfile": 0.8655063509941101, "award-numbers-backfile": 0.21756328642368317, "update-policies-backfile": 0.003955696243792772, "licenses-current": 0.9724919199943542, "award-numbers-current": 0.2556634247303009, "abstracts-backfile": 0.0, "resource-links-current": 0.9724919199943542, "abstracts-current": 0.0, "open-references-current": 1.0, "references-current": 0.8770226240158081}, "title": "Journal of Diabetes Investigation", "subjects": [{"name": "General Medicine", "ASJC": 2700}, {"name": "Endocrinology, Diabetes and Metabolism", "ASJC": 2712}, {"name": "Internal Medicine", "ASJC": 2724}], "coverage-type": {"all": {"last-status-check-time": 1621424673786, "affiliations": 0.7780138254165649, "abstracts": 0.0, "orcids": 0.45565587282180786, "licenses": 0.9787573218345642, "references": 0.8688263297080994, "funders": 0.3659054636955261, "similarity-checking": 0.9580456614494324, "award-numbers": 0.22995220124721527, "update-policies": 0.23685608804225922, "resource-links": 0.9787573218345642, "open-references": 1.0}, "backfile": {"last-status-check-time": 1621424671731, "affiliations": 0.7080696225166321, "abstracts": 0.0, "orcids": 0.24208860099315643, "licenses": 0.982594907283783, "references": 0.8655063509941101, "funders": 0.37974682450294495, "similarity-checking": 0.9517405033111572, "award-numbers": 0.21756328642368317, "update-policies": 0.003955696243792772, "resource-links": 0.982594907283783, "open-references": 1.0}, "current": {"last-status-check-time": 1621424669649, "affiliations": 0.9223300814628601, "abstracts": 0.0, "orcids": 0.893203854560852, "licenses": 0.9724919199943542, "references": 0.8770226240158081, "funders": 0.33818769454956055, "similarity-checking": 0.9724919199943542, "award-numbers": 0.2556634247303009, "update-policies": 0.7135922312736511, "resource-links": 0.9724919199943542, "open-references": 1.0}}, "flags": {"deposits-abstracts-current": false, "deposits-orcids-current": true, "deposits": true, "deposits-affiliations-backfile": true, "deposits-update-policies-backfile": true, "deposits-similarity-checking-backfile": true, "deposits-award-numbers-current": true, "deposits-resource-links-current": true, "deposits-articles": true, "deposits-affiliations-current": true, "deposits-funders-current": true, "deposits-references-backfile": true, "deposits-abstracts-backfile": false, "deposits-licenses-backfile": true, "deposits-award-numbers-backfile": true, "deposits-open-references-backfile": true, "deposits-open-references-current": true, "deposits-references-current": true, "deposits-resource-links-backfile": true, "deposits-orcids-backfile": true, "deposits-funders-backfile": true, "deposits-update-policies-current": true, "deposits-similarity-checking-current": true, "deposits-licenses-current": true}, "ISSN": ["2040-1124", "2040-1116"], "issn-type": [{"value": "2040-1124", "type": "electronic"}, {"value": "2040-1116", "type": "print"}]}