{"last-status-check-time": 1621073867620, "counts": {"total-dois": 412, "current-dois": 131, "backfile-dois": 281}, "breakdowns": {"dois-by-issued-year": [[2017, 90], [2020, 58], [2019, 53], [2018, 40], [2015, 30], [2014, 24], [2016, 23], [2021, 20], [2012, 19], [2010, 18], [2013, 15], [2011, 13], [2009, 9]]}, "publisher": "Informa UK (Taylor & Francis)", "coverage": {"affiliations-current": 0.9618320465087891, "similarity-checking-current": 1.0, "funders-backfile": 0.30604982376098633, "licenses-backfile": 0.4626334607601166, "funders-current": 0.6870229244232178, "affiliations-backfile": 0.8007117509841919, "resource-links-backfile": 0.4056939482688904, "orcids-backfile": 0.18149466812610626, "update-policies-current": 1.0, "open-references-backfile": 1.0, "orcids-current": 0.5648854970932007, "similarity-checking-backfile": 0.9964413046836853, "references-backfile": 0.7829181551933289, "award-numbers-backfile": 0.2846975028514862, "update-policies-backfile": 0.7366548180580139, "licenses-current": 0.9770992398262024, "award-numbers-current": 0.5419847369194031, "abstracts-backfile": 0.0, "resource-links-current": 0.19083969295024872, "abstracts-current": 0.0, "open-references-current": 1.0, "references-current": 0.9618320465087891}, "title": "Journal of Oral Microbiology", "subjects": [{"name": "Infectious Diseases", "ASJC": 2725}, {"name": "Microbiology (medical)", "ASJC": 2726}, {"name": "Dentistry (miscellaneous)", "ASJC": 3501}], "coverage-type": {"all": {"last-status-check-time": 1621073860130, "affiliations": 0.8519417643547058, "abstracts": 0.0, "orcids": 0.303398072719574, "licenses": 0.6262136101722717, "references": 0.8398058414459229, "funders": 0.42718446254730225, "similarity-checking": 0.9975728392601013, "award-numbers": 0.36650484800338745, "update-policies": 0.8203883767127991, "resource-links": 0.3373786509037018, "open-references": 1.0}, "backfile": {"last-status-check-time": 1621073857621, "affiliations": 0.8007117509841919, "abstracts": 0.0, "orcids": 0.18149466812610626, "licenses": 0.4626334607601166, "references": 0.7829181551933289, "funders": 0.30604982376098633, "similarity-checking": 0.9964413046836853, "award-numbers": 0.2846975028514862, "update-policies": 0.7366548180580139, "resource-links": 0.4056939482688904, "open-references": 1.0}, "current": {"last-status-check-time": 1621073854993, "affiliations": 0.9618320465087891, "abstracts": 0.0, "orcids": 0.5648854970932007, "licenses": 0.9770992398262024, "references": 0.9618320465087891, "funders": 0.6870229244232178, "similarity-checking": 1.0, "award-numbers": 0.5419847369194031, "update-policies": 1.0, "resource-links": 0.19083969295024872, "open-references": 1.0}}, "flags": {"deposits-abstracts-current": false, "deposits-orcids-current": true, "deposits": true, "deposits-affiliations-backfile": true, "deposits-update-policies-backfile": true, "deposits-similarity-checking-backfile": true, "deposits-award-numbers-current": true, "deposits-resource-links-current": true, "deposits-articles": true, "deposits-affiliations-current": true, "deposits-funders-current": true, "deposits-references-backfile": true, "deposits-abstracts-backfile": false, "deposits-licenses-backfile": true, "deposits-award-numbers-backfile": true, "deposits-open-references-backfile": true, "deposits-open-references-current": true, "deposits-references-current": true, "deposits-resource-links-backfile": true, "deposits-orcids-backfile": true, "deposits-funders-backfile": true, "deposits-update-policies-current": true, "deposits-similarity-checking-current": true, "deposits-licenses-current": true}, "ISSN": ["2000-2297"], "issn-type": [{"value": "2000-2297", "type": "electronic"}]}