{"last-status-check-time": 1620686340107, "counts": {"total-dois": 837, "current-dois": 250, "backfile-dois": 587}, "breakdowns": {"dois-by-issued-year": [[2018, 192], [2020, 124], [2021, 66], [2010, 62], [2019, 60], [2017, 52], [2015, 50], [2014, 48], [2016, 47], [2013, 47], [2012, 46], [2011, 43]]}, "publisher": "Elsevier ", "coverage": {"affiliations-current": 0.0, "similarity-checking-current": 0.0, "funders-backfile": 0.054514478892087936, "licenses-backfile": 0.495741069316864, "funders-current": 0.30799999833106995, "affiliations-backfile": 0.0, "resource-links-backfile": 0.495741069316864, "orcids-backfile": 0.054514478892087936, "update-policies-current": 0.7319999933242798, "open-references-backfile": 1.0, "orcids-current": 0.30000001192092896, "similarity-checking-backfile": 0.0, "references-backfile": 0.6064735651016235, "award-numbers-backfile": 0.02214650809764862, "update-policies-backfile": 0.2623509466648102, "licenses-current": 1.0, "award-numbers-current": 0.164000004529953, "abstracts-backfile": 0.0, "resource-links-current": 1.0, "abstracts-current": 0.0, "open-references-current": 1.0, "references-current": 0.9679999947547913}, "title": "Journal of Ayurveda and Integrative Medicine", "subjects": [{"name": "Complementary and alternative medicine", "ASJC": 2707}, {"name": "Drug Discovery", "ASJC": 3002}], "coverage-type": {"all": {"last-status-check-time": 1620686333919, "affiliations": 0.0, "abstracts": 0.0, "orcids": 0.12783750891685486, "licenses": 0.6463560461997986, "references": 0.7144563794136047, "funders": 0.1302269995212555, "similarity-checking": 0.0, "award-numbers": 0.06451612710952759, "update-policies": 0.40262842178344727, "resource-links": 0.6463560461997986, "open-references": 1.0}, "backfile": {"last-status-check-time": 1620686331874, "affiliations": 0.0, "abstracts": 0.0, "orcids": 0.054514478892087936, "licenses": 0.495741069316864, "references": 0.6064735651016235, "funders": 0.054514478892087936, "similarity-checking": 0.0, "award-numbers": 0.02214650809764862, "update-policies": 0.2623509466648102, "resource-links": 0.495741069316864, "open-references": 1.0}, "current": {"last-status-check-time": 1620686329678, "affiliations": 0.0, "abstracts": 0.0, "orcids": 0.30000001192092896, "licenses": 1.0, "references": 0.9679999947547913, "funders": 0.30799999833106995, "similarity-checking": 0.0, "award-numbers": 0.164000004529953, "update-policies": 0.7319999933242798, "resource-links": 1.0, "open-references": 1.0}}, "flags": {"deposits-abstracts-current": false, "deposits-orcids-current": true, "deposits": true, "deposits-affiliations-backfile": false, "deposits-update-policies-backfile": true, "deposits-similarity-checking-backfile": false, "deposits-award-numbers-current": true, "deposits-resource-links-current": true, "deposits-articles": true, "deposits-affiliations-current": false, "deposits-funders-current": true, "deposits-references-backfile": true, "deposits-abstracts-backfile": false, "deposits-licenses-backfile": true, "deposits-award-numbers-backfile": true, "deposits-open-references-backfile": true, "deposits-open-references-current": true, "deposits-references-current": true, "deposits-resource-links-backfile": true, "deposits-orcids-backfile": true, "deposits-funders-backfile": true, "deposits-update-policies-current": true, "deposits-similarity-checking-current": false, "deposits-licenses-current": true}, "ISSN": ["0975-9476"], "issn-type": [{"value": "0975-9476", "type": "print"}]}