{"last-status-check-time": 1620714070556, "counts": {"total-dois": 19674, "current-dois": 3580, "backfile-dois": 16094}, "breakdowns": {"dois-by-issued-year": [[2020, 1747], [2019, 1606], [2018, 1595], [2017, 1344], [2014, 1311], [2016, 1245], [2015, 1189], [2009, 771], [2011, 767], [2013, 763], [2008, 734], [2012, 722], [2010, 709], [2007, 708], [2005, 640], [2004, 639], [2006, 619], [2000, 603], [2003, 389], [2002, 358], [2001, 290], [1999, 270], [1998, 252], [2021, 227], [1997, 176]]}, "publisher": "Elsevier ", "coverage": {"affiliations-current": 0.0, "similarity-checking-current": 0.0, "funders-backfile": 0.0012426991015672684, "licenses-backfile": 1.0, "funders-current": 0.05363128334283829, "affiliations-backfile": 0.0, "resource-links-backfile": 1.0, "orcids-backfile": 0.0, "update-policies-current": 0.9611731767654419, "open-references-backfile": 1.0, "orcids-current": 0.0002793296007439494, "similarity-checking-backfile": 0.0, "references-backfile": 0.35503914952278137, "award-numbers-backfile": 0.0005592146189883351, "update-policies-backfile": 0.28992170095443726, "licenses-current": 1.0, "award-numbers-current": 0.022905027493834496, "abstracts-backfile": 0.0, "resource-links-current": 1.0, "abstracts-current": 0.0, "open-references-current": 1.0, "references-current": 0.20670391619205475}, "title": "Journal of the American College of Surgeons", "subjects": [{"name": "Surgery", "ASJC": 2746}], "coverage-type": {"all": {"last-status-check-time": 1620714064466, "affiliations": 0.0, "abstracts": 0.0, "orcids": 5.082850475446321e-05, "licenses": 1.0, "references": 0.32804715633392334, "funders": 0.010775643400847912, "similarity-checking": 0.0, "award-numbers": 0.004625394009053707, "update-policies": 0.4120666980743408, "resource-links": 1.0, "open-references": 1.0}, "backfile": {"last-status-check-time": 1620714062346, "affiliations": 0.0, "abstracts": 0.0, "orcids": 0.0, "licenses": 1.0, "references": 0.35503914952278137, "funders": 0.0012426991015672684, "similarity-checking": 0.0, "award-numbers": 0.0005592146189883351, "update-policies": 0.28992170095443726, "resource-links": 1.0, "open-references": 1.0}, "current": {"last-status-check-time": 1620714060139, "affiliations": 0.0, "abstracts": 0.0, "orcids": 0.0002793296007439494, "licenses": 1.0, "references": 0.20670391619205475, "funders": 0.05363128334283829, "similarity-checking": 0.0, "award-numbers": 0.022905027493834496, "update-policies": 0.9611731767654419, "resource-links": 1.0, "open-references": 1.0}}, "flags": {"deposits-abstracts-current": false, "deposits-orcids-current": true, "deposits": true, "deposits-affiliations-backfile": false, "deposits-update-policies-backfile": true, "deposits-similarity-checking-backfile": false, "deposits-award-numbers-current": true, "deposits-resource-links-current": true, "deposits-articles": true, "deposits-affiliations-current": false, "deposits-funders-current": true, "deposits-references-backfile": true, "deposits-abstracts-backfile": false, "deposits-licenses-backfile": true, "deposits-award-numbers-backfile": true, "deposits-open-references-backfile": true, "deposits-open-references-current": true, "deposits-references-current": true, "deposits-resource-links-backfile": true, "deposits-orcids-backfile": false, "deposits-funders-backfile": true, "deposits-update-policies-current": true, "deposits-similarity-checking-current": false, "deposits-licenses-current": true}, "ISSN": ["1072-7515"], "issn-type": [{"value": "1072-7515", "type": "print"}]}