{"last-status-check-time": 1621302525640, "counts": {"total-dois": 453, "current-dois": 292, "backfile-dois": 161}, "breakdowns": {"dois-by-issued-year": [[2019, 113], [2020, 111], [2021, 68], [2018, 53], [2017, 49], [2016, 26], [2015, 25], [2014, 8]]}, "publisher": "Springer (Biomed Central Ltd.)", "coverage": {"affiliations-current": 0.0, "similarity-checking-current": 1.0, "funders-backfile": 0.23602484166622162, "licenses-backfile": 0.9689440727233887, "funders-current": 0.28082191944122314, "affiliations-backfile": 0.0, "resource-links-backfile": 0.9689440727233887, "orcids-backfile": 0.5093167424201965, "update-policies-current": 1.0, "open-references-backfile": 1.0, "orcids-current": 0.7979452013969421, "similarity-checking-backfile": 0.9875776171684265, "references-backfile": 0.9937888383865356, "award-numbers-backfile": 0.19875776767730713, "update-policies-backfile": 0.9875776171684265, "licenses-current": 1.0, "award-numbers-current": 0.22602739930152893, "abstracts-backfile": 0.0, "resource-links-current": 1.0, "abstracts-current": 0.5787671208381653, "open-references-current": 1.0, "references-current": 1.0}, "title": "Journal Of Big Data", "subjects": [], "coverage-type": {"all": {"last-status-check-time": 1621302519209, "affiliations": 0.0, "abstracts": 0.3730684220790863, "orcids": 0.695364236831665, "licenses": 0.9889624714851379, "references": 0.9977924823760986, "funders": 0.26490065455436707, "similarity-checking": 0.9955849647521973, "award-numbers": 0.21633553504943848, "update-policies": 0.9955849647521973, "resource-links": 0.9889624714851379, "open-references": 1.0}, "backfile": {"last-status-check-time": 1621302517034, "affiliations": 0.0, "abstracts": 0.0, "orcids": 0.5093167424201965, "licenses": 0.9689440727233887, "references": 0.9937888383865356, "funders": 0.23602484166622162, "similarity-checking": 0.9875776171684265, "award-numbers": 0.19875776767730713, "update-policies": 0.9875776171684265, "resource-links": 0.9689440727233887, "open-references": 1.0}, "current": {"last-status-check-time": 1621302514815, "affiliations": 0.0, "abstracts": 0.5787671208381653, "orcids": 0.7979452013969421, "licenses": 1.0, "references": 1.0, "funders": 0.28082191944122314, "similarity-checking": 1.0, "award-numbers": 0.22602739930152893, "update-policies": 1.0, "resource-links": 1.0, "open-references": 1.0}}, "flags": {"deposits-abstracts-current": true, "deposits-orcids-current": true, "deposits": true, "deposits-affiliations-backfile": false, "deposits-update-policies-backfile": true, "deposits-similarity-checking-backfile": true, "deposits-award-numbers-current": true, "deposits-resource-links-current": true, "deposits-articles": true, "deposits-affiliations-current": false, "deposits-funders-current": true, "deposits-references-backfile": true, "deposits-abstracts-backfile": false, "deposits-licenses-backfile": true, "deposits-award-numbers-backfile": true, "deposits-open-references-backfile": true, "deposits-open-references-current": true, "deposits-references-current": true, "deposits-resource-links-backfile": true, "deposits-orcids-backfile": true, "deposits-funders-backfile": true, "deposits-update-policies-current": true, "deposits-similarity-checking-current": true, "deposits-licenses-current": true}, "ISSN": ["2196-1115", "2196-1115"], "issn-type": [{"value": "2196-1115", "type": "electronic"}, {"value": "2196-1115", "type": "print"}]}