{"last-status-check-time": 1621308622291, "counts": {"total-dois": 120, "current-dois": 37, "backfile-dois": 83}, "breakdowns": {"dois-by-issued-year": [[2020, 20], [2017, 17], [2016, 17], [2012, 13], [2011, 13], [2019, 12], [2015, 10], [2013, 7], [2014, 6], [2021, 5]]}, "publisher": "Springer-Verlag", "coverage": {"affiliations-current": 0.0, "similarity-checking-current": 1.0, "funders-backfile": 0.03614457696676254, "licenses-backfile": 1.0, "funders-current": 0.18918919563293457, "affiliations-backfile": 0.0, "resource-links-backfile": 1.0, "orcids-backfile": 0.08433734625577927, "update-policies-current": 1.0, "open-references-backfile": 1.0, "orcids-current": 0.7297297120094299, "similarity-checking-backfile": 1.0, "references-backfile": 0.9759036302566528, "award-numbers-backfile": 0.03614457696676254, "update-policies-backfile": 0.6024096608161926, "licenses-current": 1.0, "award-numbers-current": 0.0810810774564743, "abstracts-backfile": 0.0, "resource-links-current": 1.0, "abstracts-current": 0.054054055362939835, "open-references-current": 1.0, "references-current": 1.0}, "title": "Asian Journal of Business Ethics", "subjects": [], "coverage-type": {"all": {"last-status-check-time": 1621308615587, "affiliations": 0.0, "abstracts": 0.01652892492711544, "orcids": 0.28099173307418823, "licenses": 0.9917355179786682, "references": 0.9752066135406494, "funders": 0.08264462649822235, "similarity-checking": 0.9917355179786682, "award-numbers": 0.04958677664399147, "update-policies": 0.7190082669258118, "resource-links": 0.9917355179786682, "open-references": 1.0}, "backfile": {"last-status-check-time": 1621308612934, "affiliations": 0.0, "abstracts": 0.0, "orcids": 0.08433734625577927, "licenses": 1.0, "references": 0.9759036302566528, "funders": 0.03614457696676254, "similarity-checking": 1.0, "award-numbers": 0.03614457696676254, "update-policies": 0.6024096608161926, "resource-links": 1.0, "open-references": 1.0}, "current": {"last-status-check-time": 1621308610891, "affiliations": 0.0, "abstracts": 0.054054055362939835, "orcids": 0.7297297120094299, "licenses": 1.0, "references": 1.0, "funders": 0.18918919563293457, "similarity-checking": 1.0, "award-numbers": 0.0810810774564743, "update-policies": 1.0, "resource-links": 1.0, "open-references": 1.0}}, "flags": {"deposits-abstracts-current": true, "deposits-orcids-current": true, "deposits": true, "deposits-affiliations-backfile": false, "deposits-update-policies-backfile": true, "deposits-similarity-checking-backfile": true, "deposits-award-numbers-current": true, "deposits-resource-links-current": true, "deposits-articles": true, "deposits-affiliations-current": false, "deposits-funders-current": true, "deposits-references-backfile": true, "deposits-abstracts-backfile": false, "deposits-licenses-backfile": true, "deposits-award-numbers-backfile": true, "deposits-open-references-backfile": true, "deposits-open-references-current": true, "deposits-references-current": true, "deposits-resource-links-backfile": true, "deposits-orcids-backfile": true, "deposits-funders-backfile": true, "deposits-update-policies-current": true, "deposits-similarity-checking-current": true, "deposits-licenses-current": true}, "ISSN": ["2210-6731", "2210-6723"], "issn-type": [{"value": "2210-6731", "type": "electronic"}, {"value": "2210-6723", "type": "print"}]}