{"last-status-check-time": 1621232286522, "counts": {"total-dois": 2499, "current-dois": 303, "backfile-dois": 2196}, "breakdowns": {"dois-by-issued-year": [[2020, 151], [2011, 126], [2019, 105], [2018, 99], [2007, 90], [2005, 89], [2004, 89], [2009, 88], [1992, 86], [2017, 85], [2008, 84], [2016, 83], [2010, 80], [2006, 80], [2003, 80], [2013, 79], [2001, 69], [1993, 66], [2002, 65], [1991, 64], [2015, 60], [2000, 60], [1997, 60], [1996, 60], [1995, 58], [2012, 57], [1994, 57], [1990, 57], [1989, 56], [1999, 55], [1998, 54], [2014, 51], [2021, 47], [1988, 9]]}, "publisher": "Wiley (Blackwell Publishing)", "coverage": {"affiliations-current": 0.8283828496932983, "similarity-checking-current": 0.9471946954727173, "funders-backfile": 0.0346083790063858, "licenses-backfile": 0.9795082211494446, "funders-current": 0.19801980257034302, "affiliations-backfile": 0.17213115096092224, "resource-links-backfile": 0.9795082211494446, "orcids-backfile": 0.07422586530447006, "update-policies-current": 0.9273927211761475, "open-references-backfile": 0.9895263910293579, "orcids-current": 0.7854785323143005, "similarity-checking-backfile": 0.9043715596199036, "references-backfile": 0.6903460621833801, "award-numbers-backfile": 0.02185792289674282, "update-policies-backfile": 0.007285974454134703, "licenses-current": 0.9471946954727173, "award-numbers-current": 0.13861386477947235, "abstracts-backfile": 0.0, "resource-links-current": 0.9471946954727173, "abstracts-current": 0.0, "open-references-current": 1.0, "references-current": 0.8250824809074402}, "title": "Journal of Esthetic and Restorative Dentistry", "subjects": [{"name": "General Dentistry", "ASJC": 3500}], "coverage-type": {"all": {"last-status-check-time": 1621232278769, "affiliations": 0.2515999972820282, "abstracts": 0.0, "orcids": 0.16040000319480896, "licenses": 0.9751999974250793, "references": 0.7063999772071838, "funders": 0.0544000007212162, "similarity-checking": 0.9092000126838684, "award-numbers": 0.035999998450279236, "update-policies": 0.11879999935626984, "resource-links": 0.9751999974250793, "open-references": 0.9908000230789185}, "backfile": {"last-status-check-time": 1621232276402, "affiliations": 0.17213115096092224, "abstracts": 0.0, "orcids": 0.07422586530447006, "licenses": 0.9795082211494446, "references": 0.6903460621833801, "funders": 0.0346083790063858, "similarity-checking": 0.9043715596199036, "award-numbers": 0.02185792289674282, "update-policies": 0.007285974454134703, "resource-links": 0.9795082211494446, "open-references": 0.9895263910293579}, "current": {"last-status-check-time": 1621232274022, "affiliations": 0.8283828496932983, "abstracts": 0.0, "orcids": 0.7854785323143005, "licenses": 0.9471946954727173, "references": 0.8250824809074402, "funders": 0.19801980257034302, "similarity-checking": 0.9471946954727173, "award-numbers": 0.13861386477947235, "update-policies": 0.9273927211761475, "resource-links": 0.9471946954727173, "open-references": 1.0}}, "flags": {"deposits-abstracts-current": false, "deposits-orcids-current": true, "deposits": true, "deposits-affiliations-backfile": true, "deposits-update-policies-backfile": true, "deposits-similarity-checking-backfile": true, "deposits-award-numbers-current": true, "deposits-resource-links-current": true, "deposits-articles": true, "deposits-affiliations-current": true, "deposits-funders-current": true, "deposits-references-backfile": true, "deposits-abstracts-backfile": false, "deposits-licenses-backfile": true, "deposits-award-numbers-backfile": true, "deposits-open-references-backfile": true, "deposits-open-references-current": true, "deposits-references-current": true, "deposits-resource-links-backfile": true, "deposits-orcids-backfile": true, "deposits-funders-backfile": true, "deposits-update-policies-current": true, "deposits-similarity-checking-current": true, "deposits-licenses-current": true}, "ISSN": ["1708-8240", "1496-4155"], "issn-type": [{"value": "1708-8240", "type": "electronic"}, {"value": "1496-4155", "type": "print"}]}