{"last-status-check-time": 1618978057013, "counts": {"total-dois": 1092, "current-dois": 418, "backfile-dois": 674}, "breakdowns": {"dois-by-issued-year": [[2020, 178], [2019, 121], [2021, 119], [2015, 117], [2016, 111], [2017, 84], [2014, 81], [2013, 80], [2018, 67], [2010, 46], [2011, 45], [2012, 43]]}, "publisher": "Elsevier ", "coverage": {"affiliations-current": 0.0, "similarity-checking-current": 0.0, "funders-backfile": 0.1483679562807083, "licenses-backfile": 0.9821958541870117, "funders-current": 0.5933014154434204, "affiliations-backfile": 0.0, "resource-links-backfile": 1.0, "orcids-backfile": 0.0385756678879261, "update-policies-current": 0.6866028904914856, "open-references-backfile": 1.0, "orcids-current": 0.4712918698787689, "similarity-checking-backfile": 0.0, "references-backfile": 0.8976261019706726, "award-numbers-backfile": 0.06083086133003235, "update-policies-backfile": 0.6454005837440491, "licenses-current": 1.0, "award-numbers-current": 0.29425838589668274, "abstracts-backfile": 0.0, "resource-links-current": 1.0, "abstracts-current": 0.0, "open-references-current": 1.0, "references-current": 0.8755980730056763}, "title": "Journal of Advanced Research", "subjects": [{"name": "Multidisciplinary", "ASJC": 1000}], "coverage-type": {"all": {"last-status-check-time": 1618978050152, "affiliations": 0.0, "abstracts": 0.0, "orcids": 0.20421245694160461, "licenses": 0.9890109896659851, "references": 0.889194130897522, "funders": 0.3186813294887543, "similarity-checking": 0.0, "award-numbers": 0.15018315613269806, "update-policies": 0.6611721515655518, "resource-links": 1.0, "open-references": 1.0}, "backfile": {"last-status-check-time": 1618978047860, "affiliations": 0.0, "abstracts": 0.0, "orcids": 0.0385756678879261, "licenses": 0.9821958541870117, "references": 0.8976261019706726, "funders": 0.1483679562807083, "similarity-checking": 0.0, "award-numbers": 0.06083086133003235, "update-policies": 0.6454005837440491, "resource-links": 1.0, "open-references": 1.0}, "current": {"last-status-check-time": 1618978045718, "affiliations": 0.0, "abstracts": 0.0, "orcids": 0.4712918698787689, "licenses": 1.0, "references": 0.8755980730056763, "funders": 0.5933014154434204, "similarity-checking": 0.0, "award-numbers": 0.29425838589668274, "update-policies": 0.6866028904914856, "resource-links": 1.0, "open-references": 1.0}}, "flags": {"deposits-abstracts-current": false, "deposits-orcids-current": true, "deposits": true, "deposits-affiliations-backfile": false, "deposits-update-policies-backfile": true, "deposits-similarity-checking-backfile": false, "deposits-award-numbers-current": true, "deposits-resource-links-current": true, "deposits-articles": true, "deposits-affiliations-current": false, "deposits-funders-current": true, "deposits-references-backfile": true, "deposits-abstracts-backfile": false, "deposits-licenses-backfile": true, "deposits-award-numbers-backfile": true, "deposits-open-references-backfile": true, "deposits-open-references-current": true, "deposits-references-current": true, "deposits-resource-links-backfile": true, "deposits-orcids-backfile": true, "deposits-funders-backfile": true, "deposits-update-policies-current": true, "deposits-similarity-checking-current": false, "deposits-licenses-current": true}, "ISSN": ["2090-1232"], "issn-type": [{"value": "2090-1232", "type": "print"}]}