{"last-status-check-time": 1621299191273, "counts": {"total-dois": 680, "current-dois": 161, "backfile-dois": 519}, "breakdowns": {"dois-by-issued-year": [[2015, 143], [2018, 69], [2020, 67], [2016, 62], [2011, 58], [2013, 52], [2014, 51], [2021, 49], [2019, 45], [2012, 43], [2017, 41]]}, "publisher": "Springer-Verlag", "coverage": {"affiliations-current": 0.0, "similarity-checking-current": 1.0, "funders-backfile": 0.10404624044895172, "licenses-backfile": 0.9942196607589722, "funders-current": 0.32919254899024963, "affiliations-backfile": 0.0, "resource-links-backfile": 0.9942196607589722, "orcids-backfile": 0.161849707365036, "update-policies-current": 1.0, "open-references-backfile": 1.0, "orcids-current": 0.7453415989875793, "similarity-checking-backfile": 1.0, "references-backfile": 0.8959537744522095, "award-numbers-backfile": 0.06358381360769272, "update-policies-backfile": 0.6897880434989929, "licenses-current": 1.0, "award-numbers-current": 0.22981366515159607, "abstracts-backfile": 0.0, "resource-links-current": 1.0, "abstracts-current": 0.14906832575798035, "open-references-current": 1.0, "references-current": 0.9440993666648865}, "title": "Journal of Environmental Studies and Sciences", "subjects": [{"name": "General Environmental Science", "ASJC": 2300}, {"name": "Geography, Planning and Development", "ASJC": 3305}], "coverage-type": {"all": {"last-status-check-time": 1621299184609, "affiliations": 0.0, "abstracts": 0.035242289304733276, "orcids": 0.29955947399139404, "licenses": 0.9941262602806091, "references": 0.9060205817222595, "funders": 0.15712188184261322, "similarity-checking": 0.9985315799713135, "award-numbers": 0.10279001295566559, "update-policies": 0.7621145248413086, "resource-links": 0.9941262602806091, "open-references": 1.0}, "backfile": {"last-status-check-time": 1621299182225, "affiliations": 0.0, "abstracts": 0.0, "orcids": 0.161849707365036, "licenses": 0.9942196607589722, "references": 0.8959537744522095, "funders": 0.10404624044895172, "similarity-checking": 1.0, "award-numbers": 0.06358381360769272, "update-policies": 0.6897880434989929, "resource-links": 0.9942196607589722, "open-references": 1.0}, "current": {"last-status-check-time": 1621299180075, "affiliations": 0.0, "abstracts": 0.14906832575798035, "orcids": 0.7453415989875793, "licenses": 1.0, "references": 0.9440993666648865, "funders": 0.32919254899024963, "similarity-checking": 1.0, "award-numbers": 0.22981366515159607, "update-policies": 1.0, "resource-links": 1.0, "open-references": 1.0}}, "flags": {"deposits-abstracts-current": true, "deposits-orcids-current": true, "deposits": true, "deposits-affiliations-backfile": false, "deposits-update-policies-backfile": true, "deposits-similarity-checking-backfile": true, "deposits-award-numbers-current": true, "deposits-resource-links-current": true, "deposits-articles": true, "deposits-affiliations-current": false, "deposits-funders-current": true, "deposits-references-backfile": true, "deposits-abstracts-backfile": false, "deposits-licenses-backfile": true, "deposits-award-numbers-backfile": true, "deposits-open-references-backfile": true, "deposits-open-references-current": true, "deposits-references-current": true, "deposits-resource-links-backfile": true, "deposits-orcids-backfile": true, "deposits-funders-backfile": true, "deposits-update-policies-current": true, "deposits-similarity-checking-current": true, "deposits-licenses-current": true}, "ISSN": ["2190-6491", "2190-6483"], "issn-type": [{"value": "2190-6491", "type": "electronic"}, {"value": "2190-6483", "type": "print"}]}