{"last-status-check-time": 1621154503988, "counts": {"total-dois": 33035, "current-dois": 890, "backfile-dois": 32145}, "breakdowns": {"dois-by-issued-year": [[1973, 654], [1976, 643], [1974, 638], [1975, 602], [1977, 582], [1996, 568], [1972, 565], [1997, 533], [1971, 504], [1982, 503], [1998, 502], [1979, 502], [1978, 501], [1995, 490], [1981, 485], [1984, 482], [1985, 478], [1980, 478], [1967, 477], [1983, 470], [2017, 467], [1999, 465], [2000, 463], [2001, 457], [1942, 446], [1947, 435], [2010, 433], [1970, 433], [1943, 430], [2004, 421], [1963, 419], [1939, 418], [2011, 415], [2012, 414], [2006, 410], [2018, 407], [1969, 404], [1944, 403], [1964, 402], [1968, 399], [1966, 391], [1986, 390], [2019, 389], [1991, 388], [2003, 384], [2002, 384], [1988, 381], [1940, 381], [2020, 376], [2005, 376], [1987, 374], [1962, 369], [2014, 364], [2008, 364], [2007, 363], [1965, 358], [2009, 357], [1992, 355], [1946, 340], [1941, 338], [1961, 331], [2013, 329], [1989, 323], [1945, 315], [1959, 313], [1994, 310], [1990, 305], [1993, 304], [2015, 293], [1960, 289], [1957, 288], [1951, 285], [1958, 283], [1955, 274], [1950, 272], [1949, 271], [1956, 263], [2016, 260], [1952, 260], [1953, 252], [1954, 244], [1948, 226], [2021, 125]]}, "publisher": "Elsevier ", "coverage": {"affiliations-current": 0.0, "similarity-checking-current": 0.0, "funders-backfile": 0.0006532897823490202, "licenses-backfile": 1.0, "funders-current": 0.10000000149011612, "affiliations-backfile": 0.0, "resource-links-backfile": 0.99972003698349, "orcids-backfile": 0.0010888163233175874, "update-policies-current": 0.6528089642524719, "open-references-backfile": 1.0, "orcids-current": 0.01910112425684929, "similarity-checking-backfile": 0.0, "references-backfile": 0.35327422618865967, "award-numbers-backfile": 0.000342199404258281, "update-policies-backfile": 0.029584694653749466, "licenses-current": 1.0, "award-numbers-current": 0.024719100445508957, "abstracts-backfile": 0.0, "resource-links-current": 1.0, "abstracts-current": 0.0, "open-references-current": 1.0, "references-current": 0.4449438154697418}, "title": "The Journal of the American Dental Association", "subjects": [{"name": "General Dentistry", "ASJC": 3500}], "coverage-type": {"all": {"last-status-check-time": 1621154497161, "affiliations": 0.0, "abstracts": 0.0, "orcids": 0.0015740881208330393, "licenses": 1.0, "references": 0.3557439148426056, "funders": 0.0033298018388450146, "similarity-checking": 0.0, "award-numbers": 0.0009989405516535044, "update-policies": 0.046375058591365814, "resource-links": 0.9997275471687317, "open-references": 1.0}, "backfile": {"last-status-check-time": 1621154494984, "affiliations": 0.0, "abstracts": 0.0, "orcids": 0.0010888163233175874, "licenses": 1.0, "references": 0.35327422618865967, "funders": 0.0006532897823490202, "similarity-checking": 0.0, "award-numbers": 0.000342199404258281, "update-policies": 0.029584694653749466, "resource-links": 0.99972003698349, "open-references": 1.0}, "current": {"last-status-check-time": 1621154492507, "affiliations": 0.0, "abstracts": 0.0, "orcids": 0.01910112425684929, "licenses": 1.0, "references": 0.4449438154697418, "funders": 0.10000000149011612, "similarity-checking": 0.0, "award-numbers": 0.024719100445508957, "update-policies": 0.6528089642524719, "resource-links": 1.0, "open-references": 1.0}}, "flags": {"deposits-abstracts-current": false, "deposits-orcids-current": true, "deposits": true, "deposits-affiliations-backfile": false, "deposits-update-policies-backfile": true, "deposits-similarity-checking-backfile": false, "deposits-award-numbers-current": true, "deposits-resource-links-current": true, "deposits-articles": true, "deposits-affiliations-current": false, "deposits-funders-current": true, "deposits-references-backfile": true, "deposits-abstracts-backfile": false, "deposits-licenses-backfile": true, "deposits-award-numbers-backfile": true, "deposits-open-references-backfile": true, "deposits-open-references-current": true, "deposits-references-current": true, "deposits-resource-links-backfile": true, "deposits-orcids-backfile": true, "deposits-funders-backfile": true, "deposits-update-policies-current": true, "deposits-similarity-checking-current": false, "deposits-licenses-current": true}, "ISSN": ["0002-8177"], "issn-type": [{"value": "0002-8177", "type": "print"}]}