{"last-status-check-time": 1621198855892, "counts": {"total-dois": 1738, "current-dois": 141, "backfile-dois": 1597}, "breakdowns": {"dois-by-issued-year": [[2015, 134], [2014, 112], [2003, 95], [2012, 88], [2002, 88], [2016, 86], [2013, 86], [2004, 86], [2017, 76], [2019, 68], [2001, 68], [2010, 67], [2005, 65], [2000, 58], [2011, 57], [2018, 53], [1999, 53], [2020, 52], [1998, 46], [1996, 46], [1997, 45], [2009, 44], [2006, 44], [2008, 39], [2007, 38], [1995, 23], [2021, 21]]}, "publisher": "Vilnius Gediminas Technical University", "coverage": {"affiliations-current": 1.0, "similarity-checking-current": 1.0, "funders-backfile": 0.028804007917642593, "licenses-backfile": 0.0, "funders-current": 0.0, "affiliations-backfile": 0.8691295981407166, "resource-links-backfile": 0.0, "orcids-backfile": 0.010018785484135151, "update-policies-current": 1.0, "open-references-backfile": 1.0, "orcids-current": 0.4751773178577423, "similarity-checking-backfile": 1.0, "references-backfile": 0.5992485880851746, "award-numbers-backfile": 0.025673137977719307, "update-policies-backfile": 0.8872886896133423, "licenses-current": 0.0, "award-numbers-current": 0.0, "abstracts-backfile": 0.8778960704803467, "resource-links-current": 0.0, "abstracts-current": 0.9929078221321106, "open-references-current": 1.0, "references-current": 0.9858155846595764}, "title": "Journal of Civil Engineering and Management", "subjects": [{"name": "Strategy and Management", "ASJC": 1408}, {"name": "Civil and Structural Engineering", "ASJC": 2205}], "coverage-type": {"all": {"last-status-check-time": 1621198848876, "affiliations": 0.8792409300804138, "abstracts": 0.8867164850234985, "orcids": 0.04772857949137688, "licenses": 0.0, "references": 0.6302472949028015, "funders": 0.02645198442041874, "similarity-checking": 1.0, "award-numbers": 0.02357676811516285, "update-policies": 0.8959171772003174, "resource-links": 0.0, "open-references": 1.0}, "backfile": {"last-status-check-time": 1621198846664, "affiliations": 0.8691295981407166, "abstracts": 0.8778960704803467, "orcids": 0.010018785484135151, "licenses": 0.0, "references": 0.5992485880851746, "funders": 0.028804007917642593, "similarity-checking": 1.0, "award-numbers": 0.025673137977719307, "update-policies": 0.8872886896133423, "resource-links": 0.0, "open-references": 1.0}, "current": {"last-status-check-time": 1621198844334, "affiliations": 1.0, "abstracts": 0.9929078221321106, "orcids": 0.4751773178577423, "licenses": 0.0, "references": 0.9858155846595764, "funders": 0.0, "similarity-checking": 1.0, "award-numbers": 0.0, "update-policies": 1.0, "resource-links": 0.0, "open-references": 1.0}}, "flags": {"deposits-abstracts-current": true, "deposits-orcids-current": true, "deposits": true, "deposits-affiliations-backfile": true, "deposits-update-policies-backfile": true, "deposits-similarity-checking-backfile": true, "deposits-award-numbers-current": false, "deposits-resource-links-current": false, "deposits-articles": true, "deposits-affiliations-current": true, "deposits-funders-current": false, "deposits-references-backfile": true, "deposits-abstracts-backfile": true, "deposits-licenses-backfile": false, "deposits-award-numbers-backfile": true, "deposits-open-references-backfile": true, "deposits-open-references-current": true, "deposits-references-current": true, "deposits-resource-links-backfile": false, "deposits-orcids-backfile": true, "deposits-funders-backfile": true, "deposits-update-policies-current": true, "deposits-similarity-checking-current": true, "deposits-licenses-current": false}, "ISSN": ["1822-3605", "1392-3730"], "issn-type": [{"value": "1822-3605", "type": "electronic"}, {"value": "1392-3730", "type": "print"}]}