{"last-status-check-time": 1620674218210, "counts": {"total-dois": 27935, "current-dois": 12446, "backfile-dois": 15489}, "breakdowns": {"dois-by-issued-year": [[2020, 4995], [2019, 4115], [2018, 3869], [2021, 3336], [2017, 2834], [2016, 2096], [2015, 1228], [2014, 857], [2013, 657], [1997, 427], [2012, 377], [1996, 357], [1999, 344], [2010, 275], [2011, 259], [2008, 254], [2009, 240], [2007, 214], [2006, 203], [1998, 182], [2005, 172], [2004, 134], [2003, 116], [1995, 107], [2002, 70], [2001, 57], [1993, 56], [2000, 53], [1994, 51]]}, "publisher": "Elsevier ", "coverage": {"affiliations-current": 0.0, "similarity-checking-current": 0.0, "funders-backfile": 0.4437342584133148, "licenses-backfile": 0.966621458530426, "funders-current": 0.7627350091934204, "affiliations-backfile": 0.0, "resource-links-backfile": 1.0, "orcids-backfile": 0.09677835553884506, "update-policies-current": 0.9828860759735107, "open-references-backfile": 1.0, "orcids-current": 0.1646312028169632, "similarity-checking-backfile": 0.0, "references-backfile": 0.8733940124511719, "award-numbers-backfile": 0.3334624469280243, "update-policies-backfile": 0.7127639055252075, "licenses-current": 1.0, "award-numbers-current": 0.4488992393016815, "abstracts-backfile": 0.0, "resource-links-current": 1.0, "abstracts-current": 0.0, "open-references-current": 1.0, "references-current": 0.9890727996826172}, "title": "Journal of Cleaner Production", "subjects": [{"name": "Strategy and Management", "ASJC": 1408}, {"name": "Renewable Energy, Sustainability and the Environment", "ASJC": 2105}, {"name": "Industrial and Manufacturing Engineering", "ASJC": 2209}, {"name": "General Environmental Science", "ASJC": 2300}], "coverage-type": {"all": {"last-status-check-time": 1620674212073, "affiliations": 0.0, "abstracts": 0.0, "orcids": 0.12700912356376648, "licenses": 0.9814927577972412, "references": 0.9249328970909119, "funders": 0.585860013961792, "similarity-checking": 0.0, "award-numbers": 0.3848935067653656, "update-policies": 0.8331125974655151, "resource-links": 1.0, "open-references": 1.0}, "backfile": {"last-status-check-time": 1620674209884, "affiliations": 0.0, "abstracts": 0.0, "orcids": 0.09677835553884506, "licenses": 0.966621458530426, "references": 0.8733940124511719, "funders": 0.4437342584133148, "similarity-checking": 0.0, "award-numbers": 0.3334624469280243, "update-policies": 0.7127639055252075, "resource-links": 1.0, "open-references": 1.0}, "current": {"last-status-check-time": 1620674207330, "affiliations": 0.0, "abstracts": 0.0, "orcids": 0.1646312028169632, "licenses": 1.0, "references": 0.9890727996826172, "funders": 0.7627350091934204, "similarity-checking": 0.0, "award-numbers": 0.4488992393016815, "update-policies": 0.9828860759735107, "resource-links": 1.0, "open-references": 1.0}}, "flags": {"deposits-abstracts-current": false, "deposits-orcids-current": true, "deposits": true, "deposits-affiliations-backfile": false, "deposits-update-policies-backfile": true, "deposits-similarity-checking-backfile": false, "deposits-award-numbers-current": true, "deposits-resource-links-current": true, "deposits-articles": true, "deposits-affiliations-current": false, "deposits-funders-current": true, "deposits-references-backfile": true, "deposits-abstracts-backfile": false, "deposits-licenses-backfile": true, "deposits-award-numbers-backfile": true, "deposits-open-references-backfile": true, "deposits-open-references-current": true, "deposits-references-current": true, "deposits-resource-links-backfile": true, "deposits-orcids-backfile": true, "deposits-funders-backfile": true, "deposits-update-policies-current": true, "deposits-similarity-checking-current": false, "deposits-licenses-current": true}, "ISSN": ["0959-6526"], "issn-type": [{"value": "0959-6526", "type": "print"}]}