{"last-status-check-time": 1621311829506, "counts": {"total-dois": 5634, "current-dois": 2848, "backfile-dois": 2786}, "breakdowns": {"dois-by-issued-year": [[2021, 1097], [2020, 1048], [2018, 777], [2019, 703], [2017, 670], [2016, 521], [2015, 354], [2014, 282], [2013, 182]]}, "publisher": "Elsevier ", "coverage": {"affiliations-current": 0.0, "similarity-checking-current": 0.0, "funders-backfile": 0.5391241908073425, "licenses-backfile": 1.0, "funders-current": 0.7029494643211365, "affiliations-backfile": 0.0, "resource-links-backfile": 1.0, "orcids-backfile": 0.21859297156333923, "update-policies-current": 0.975772500038147, "open-references-backfile": 1.0, "orcids-current": 0.5610954761505127, "similarity-checking-backfile": 0.0, "references-backfile": 0.9863603711128235, "award-numbers-backfile": 0.26597273349761963, "update-policies-backfile": 0.8847810626029968, "licenses-current": 1.0, "award-numbers-current": 0.23244382441043854, "abstracts-backfile": 0.0, "resource-links-current": 1.0, "abstracts-current": 0.0, "open-references-current": 1.0, "references-current": 0.9957864880561829}, "title": "Journal of Environmental Chemical Engineering", "subjects": [{"name": "Chemical Engineering (miscellaneous)", "ASJC": 1501}, {"name": "Process Chemistry and Technology", "ASJC": 1508}, {"name": "Pollution", "ASJC": 2310}, {"name": "Waste Management and Disposal", "ASJC": 2311}], "coverage-type": {"all": {"last-status-check-time": 1621311822912, "affiliations": 0.0, "abstracts": 0.0, "orcids": 0.39172878861427307, "licenses": 1.0, "references": 0.9911252856254578, "funders": 0.6219382286071777, "similarity-checking": 0.0, "award-numbers": 0.24902378022670746, "update-policies": 0.9307774305343628, "resource-links": 1.0, "open-references": 1.0}, "backfile": {"last-status-check-time": 1621311820706, "affiliations": 0.0, "abstracts": 0.0, "orcids": 0.21859297156333923, "licenses": 1.0, "references": 0.9863603711128235, "funders": 0.5391241908073425, "similarity-checking": 0.0, "award-numbers": 0.26597273349761963, "update-policies": 0.8847810626029968, "resource-links": 1.0, "open-references": 1.0}, "current": {"last-status-check-time": 1621311818569, "affiliations": 0.0, "abstracts": 0.0, "orcids": 0.5610954761505127, "licenses": 1.0, "references": 0.9957864880561829, "funders": 0.7029494643211365, "similarity-checking": 0.0, "award-numbers": 0.23244382441043854, "update-policies": 0.975772500038147, "resource-links": 1.0, "open-references": 1.0}}, "flags": {"deposits-abstracts-current": false, "deposits-orcids-current": true, "deposits": true, "deposits-affiliations-backfile": false, "deposits-update-policies-backfile": true, "deposits-similarity-checking-backfile": false, "deposits-award-numbers-current": true, "deposits-resource-links-current": true, "deposits-articles": true, "deposits-affiliations-current": false, "deposits-funders-current": true, "deposits-references-backfile": true, "deposits-abstracts-backfile": false, "deposits-licenses-backfile": true, "deposits-award-numbers-backfile": true, "deposits-open-references-backfile": true, "deposits-open-references-current": true, "deposits-references-current": true, "deposits-resource-links-backfile": true, "deposits-orcids-backfile": true, "deposits-funders-backfile": true, "deposits-update-policies-current": true, "deposits-similarity-checking-current": false, "deposits-licenses-current": true}, "ISSN": ["2213-3437"], "issn-type": [{"value": "2213-3437", "type": "print"}]}