{"last-status-check-time": 1620998404428, "counts": {"total-dois": 249, "current-dois": 57, "backfile-dois": 192}, "breakdowns": {"dois-by-issued-year": [[2017, 30], [2020, 25], [2010, 24], [2019, 22], [2012, 22], [2016, 20], [2014, 20], [2011, 20], [2018, 19], [2015, 19], [2013, 18], [2021, 10]]}, "publisher": "\"Ubiquity Press, Ltd.\"", "coverage": {"affiliations-current": 0.0, "similarity-checking-current": 0.0, "funders-backfile": 0.0, "licenses-backfile": 0.3541666567325592, "funders-current": 0.035087719559669495, "affiliations-backfile": 0.0, "resource-links-backfile": 0.0, "orcids-backfile": 0.0364583320915699, "update-policies-current": 0.0, "open-references-backfile": 1.0, "orcids-current": 0.15789473056793213, "similarity-checking-backfile": 0.6197916865348816, "references-backfile": 0.6458333134651184, "award-numbers-backfile": 0.0, "update-policies-backfile": 0.0, "licenses-current": 0.8947368264198303, "award-numbers-current": 0.017543859779834747, "abstracts-backfile": 0.4791666567325592, "resource-links-current": 0.0, "abstracts-current": 0.0, "open-references-current": 1.0, "references-current": 1.0}, "title": "Laboratory Phonology Journal of the Association for Laboratory Phonology", "subjects": [], "coverage-type": {"all": {"last-status-check-time": 1620998396739, "affiliations": 0.0, "abstracts": 0.36800000071525574, "orcids": 0.06400000303983688, "licenses": 0.47600001096725464, "references": 0.7239999771118164, "funders": 0.00800000037997961, "similarity-checking": 0.47600001096725464, "award-numbers": 0.004000000189989805, "update-policies": 0.0, "resource-links": 0.0, "open-references": 1.0}, "backfile": {"last-status-check-time": 1620998393872, "affiliations": 0.0, "abstracts": 0.4791666567325592, "orcids": 0.0364583320915699, "licenses": 0.3541666567325592, "references": 0.6458333134651184, "funders": 0.0, "similarity-checking": 0.6197916865348816, "award-numbers": 0.0, "update-policies": 0.0, "resource-links": 0.0, "open-references": 1.0}, "current": {"last-status-check-time": 1620998391279, "affiliations": 0.0, "abstracts": 0.0, "orcids": 0.15789473056793213, "licenses": 0.8947368264198303, "references": 1.0, "funders": 0.035087719559669495, "similarity-checking": 0.0, "award-numbers": 0.017543859779834747, "update-policies": 0.0, "resource-links": 0.0, "open-references": 1.0}}, "flags": {"deposits-abstracts-current": false, "deposits-orcids-current": true, "deposits": true, "deposits-affiliations-backfile": false, "deposits-update-policies-backfile": false, "deposits-similarity-checking-backfile": true, "deposits-award-numbers-current": true, "deposits-resource-links-current": false, "deposits-articles": true, "deposits-affiliations-current": false, "deposits-funders-current": true, "deposits-references-backfile": true, "deposits-abstracts-backfile": true, "deposits-licenses-backfile": true, "deposits-award-numbers-backfile": false, "deposits-open-references-backfile": true, "deposits-open-references-current": true, "deposits-references-current": true, "deposits-resource-links-backfile": false, "deposits-orcids-backfile": true, "deposits-funders-backfile": false, "deposits-update-policies-current": false, "deposits-similarity-checking-current": false, "deposits-licenses-current": true}, "ISSN": ["1868-6354", "1868-6346"], "issn-type": [{"value": "1868-6354", "type": "electronic"}, {"value": "1868-6346", "type": "print"}]}