{"last-status-check-time": 1621302212123, "counts": {"total-dois": 124, "current-dois": 23, "backfile-dois": 101}, "breakdowns": {"dois-by-issued-year": [[2018, 25], [2017, 18], [2014, 18], [2015, 15], [2020, 13], [2013, 13], [2016, 12], [2019, 6], [2021, 4]]}, "publisher": "Springer (Biomed Central Ltd.)", "coverage": {"affiliations-current": 0.0, "similarity-checking-current": 1.0, "funders-backfile": 0.2772277295589447, "licenses-backfile": 0.9801980257034302, "funders-current": 0.52173912525177, "affiliations-backfile": 0.0, "resource-links-backfile": 0.9801980257034302, "orcids-backfile": 0.2871287167072296, "update-policies-current": 1.0, "open-references-backfile": 1.0, "orcids-current": 0.8260869383811951, "similarity-checking-backfile": 1.0, "references-backfile": 0.9900990128517151, "award-numbers-backfile": 0.23762376606464386, "update-policies-backfile": 0.8118811845779419, "licenses-current": 1.0, "award-numbers-current": 0.47826087474823, "abstracts-backfile": 0.0, "resource-links-current": 1.0, "abstracts-current": 0.5652173757553101, "open-references-current": 1.0, "references-current": 1.0}, "title": "Life Sciences Society and Policy", "subjects": [], "coverage-type": {"all": {"last-status-check-time": 1621302205172, "affiliations": 0.0, "abstracts": 0.10483870655298233, "orcids": 0.3870967626571655, "licenses": 0.9838709831237793, "references": 0.9919354915618896, "funders": 0.32258063554763794, "similarity-checking": 1.0, "award-numbers": 0.2822580635547638, "update-policies": 0.8467742204666138, "resource-links": 0.9838709831237793, "open-references": 1.0}, "backfile": {"last-status-check-time": 1621302202872, "affiliations": 0.0, "abstracts": 0.0, "orcids": 0.2871287167072296, "licenses": 0.9801980257034302, "references": 0.9900990128517151, "funders": 0.2772277295589447, "similarity-checking": 1.0, "award-numbers": 0.23762376606464386, "update-policies": 0.8118811845779419, "resource-links": 0.9801980257034302, "open-references": 1.0}, "current": {"last-status-check-time": 1621302200203, "affiliations": 0.0, "abstracts": 0.5652173757553101, "orcids": 0.8260869383811951, "licenses": 1.0, "references": 1.0, "funders": 0.52173912525177, "similarity-checking": 1.0, "award-numbers": 0.47826087474823, "update-policies": 1.0, "resource-links": 1.0, "open-references": 1.0}}, "flags": {"deposits-abstracts-current": true, "deposits-orcids-current": true, "deposits": true, "deposits-affiliations-backfile": false, "deposits-update-policies-backfile": true, "deposits-similarity-checking-backfile": true, "deposits-award-numbers-current": true, "deposits-resource-links-current": true, "deposits-articles": true, "deposits-affiliations-current": false, "deposits-funders-current": true, "deposits-references-backfile": true, "deposits-abstracts-backfile": false, "deposits-licenses-backfile": true, "deposits-award-numbers-backfile": true, "deposits-open-references-backfile": true, "deposits-open-references-current": true, "deposits-references-current": true, "deposits-resource-links-backfile": true, "deposits-orcids-backfile": true, "deposits-funders-backfile": true, "deposits-update-policies-current": true, "deposits-similarity-checking-current": true, "deposits-licenses-current": true}, "ISSN": ["2195-7819", "2195-7819"], "issn-type": [{"value": "2195-7819", "type": "electronic"}, {"value": "2195-7819", "type": "print"}]}