{"last-status-check-time": 1621213133872, "counts": {"total-dois": 165, "current-dois": 11, "backfile-dois": 154}, "breakdowns": {"dois-by-issued-year": [[1998, 13], [2005, 12], [2012, 11], [2008, 10], [2004, 10], [2013, 9], [2018, 8], [2011, 8], [2017, 7], [2014, 7], [2010, 7], [2003, 7], [2002, 7], [2019, 6], [2009, 6], [2006, 6], [2001, 6], [2007, 5], [2000, 5], [2020, 4], [1999, 4], [2016, 3], [2015, 3], [2021, 1]]}, "publisher": "Springer-Verlag", "coverage": {"affiliations-current": 0.0, "similarity-checking-current": 1.0, "funders-backfile": 0.051948051899671555, "licenses-backfile": 0.12987013161182404, "funders-current": 0.3636363744735718, "affiliations-backfile": 0.0, "resource-links-backfile": 0.12987013161182404, "orcids-backfile": 0.06493506580591202, "update-policies-current": 1.0, "open-references-backfile": 1.0, "orcids-current": 0.7272727489471436, "similarity-checking-backfile": 0.9935064911842346, "references-backfile": 0.9870129823684692, "award-numbers-backfile": 0.04545454680919647, "update-policies-backfile": 0.40909090638160706, "licenses-current": 0.9090909361839294, "award-numbers-current": 0.3636363744735718, "abstracts-backfile": 0.03246753290295601, "resource-links-current": 0.9090909361839294, "abstracts-current": 0.6363636255264282, "open-references-current": 1.0, "references-current": 1.0}, "title": "Living Reviews in Relativity", "subjects": [{"name": "Physics and Astronomy (miscellaneous)", "ASJC": 3101}], "coverage-type": {"all": {"last-status-check-time": 1621213126877, "affiliations": 0.0, "abstracts": 0.072727270424366, "orcids": 0.1090909093618393, "licenses": 0.1818181872367859, "references": 0.9878787994384766, "funders": 0.072727270424366, "similarity-checking": 0.9939393997192383, "award-numbers": 0.06666667014360428, "update-policies": 0.4484848380088806, "resource-links": 0.1818181872367859, "open-references": 1.0}, "backfile": {"last-status-check-time": 1621213124503, "affiliations": 0.0, "abstracts": 0.03246753290295601, "orcids": 0.06493506580591202, "licenses": 0.12987013161182404, "references": 0.9870129823684692, "funders": 0.051948051899671555, "similarity-checking": 0.9935064911842346, "award-numbers": 0.04545454680919647, "update-policies": 0.40909090638160706, "resource-links": 0.12987013161182404, "open-references": 1.0}, "current": {"last-status-check-time": 1621213122253, "affiliations": 0.0, "abstracts": 0.6363636255264282, "orcids": 0.7272727489471436, "licenses": 0.9090909361839294, "references": 1.0, "funders": 0.3636363744735718, "similarity-checking": 1.0, "award-numbers": 0.3636363744735718, "update-policies": 1.0, "resource-links": 0.9090909361839294, "open-references": 1.0}}, "flags": {"deposits-abstracts-current": true, "deposits-orcids-current": true, "deposits": true, "deposits-affiliations-backfile": false, "deposits-update-policies-backfile": true, "deposits-similarity-checking-backfile": true, "deposits-award-numbers-current": true, "deposits-resource-links-current": true, "deposits-articles": true, "deposits-affiliations-current": false, "deposits-funders-current": true, "deposits-references-backfile": true, "deposits-abstracts-backfile": true, "deposits-licenses-backfile": true, "deposits-award-numbers-backfile": true, "deposits-open-references-backfile": true, "deposits-open-references-current": true, "deposits-references-current": true, "deposits-resource-links-backfile": true, "deposits-orcids-backfile": true, "deposits-funders-backfile": true, "deposits-update-policies-current": true, "deposits-similarity-checking-current": true, "deposits-licenses-current": true}, "ISSN": ["1433-8351", "2367-3613"], "issn-type": [{"value": "1433-8351", "type": "electronic"}, {"value": "2367-3613", "type": "print"}]}