{"last-status-check-time": 1620881124373, "counts": {"total-dois": 86, "current-dois": 13, "backfile-dois": 73}, "breakdowns": {"dois-by-issued-year": [[2015, 8], [2005, 8], [2018, 7], [2010, 7], [2012, 6], [2011, 6], [2020, 5], [2019, 5], [2016, 5], [2013, 5], [2014, 4], [2009, 4], [2021, 3], [2017, 3], [2008, 3], [2007, 3], [2006, 2], [2004, 2]]}, "publisher": "Springer-Verlag", "coverage": {"affiliations-current": 0.0, "similarity-checking-current": 1.0, "funders-backfile": 0.09589041024446487, "licenses-backfile": 0.3287671208381653, "funders-current": 0.692307710647583, "affiliations-backfile": 0.0, "resource-links-backfile": 0.3287671208381653, "orcids-backfile": 0.09589041024446487, "update-policies-current": 1.0, "open-references-backfile": 1.0, "orcids-current": 0.692307710647583, "similarity-checking-backfile": 0.34246575832366943, "references-backfile": 0.34246575832366943, "award-numbers-backfile": 0.08219178020954132, "update-policies-backfile": 0.31506848335266113, "licenses-current": 1.0, "award-numbers-current": 0.692307710647583, "abstracts-backfile": 0.0, "resource-links-current": 1.0, "abstracts-current": 0.7692307829856873, "open-references-current": 1.0, "references-current": 1.0}, "title": "Living Reviews in Solar Physics", "subjects": [{"name": "Space and Planetary Science", "ASJC": 1912}, {"name": "Astronomy and Astrophysics", "ASJC": 3103}], "coverage-type": {"all": {"last-status-check-time": 1620881117457, "affiliations": 0.0, "abstracts": 0.11627907305955887, "orcids": 0.1860465109348297, "licenses": 0.43023255467414856, "references": 0.44186046719551086, "funders": 0.1860465109348297, "similarity-checking": 0.44186046719551086, "award-numbers": 0.1744185984134674, "update-policies": 0.41860464215278625, "resource-links": 0.43023255467414856, "open-references": 1.0}, "backfile": {"last-status-check-time": 1620881115274, "affiliations": 0.0, "abstracts": 0.0, "orcids": 0.09589041024446487, "licenses": 0.3287671208381653, "references": 0.34246575832366943, "funders": 0.09589041024446487, "similarity-checking": 0.34246575832366943, "award-numbers": 0.08219178020954132, "update-policies": 0.31506848335266113, "resource-links": 0.3287671208381653, "open-references": 1.0}, "current": {"last-status-check-time": 1620881113048, "affiliations": 0.0, "abstracts": 0.7692307829856873, "orcids": 0.692307710647583, "licenses": 1.0, "references": 1.0, "funders": 0.692307710647583, "similarity-checking": 1.0, "award-numbers": 0.692307710647583, "update-policies": 1.0, "resource-links": 1.0, "open-references": 1.0}}, "flags": {"deposits-abstracts-current": true, "deposits-orcids-current": true, "deposits": true, "deposits-affiliations-backfile": false, "deposits-update-policies-backfile": true, "deposits-similarity-checking-backfile": true, "deposits-award-numbers-current": true, "deposits-resource-links-current": true, "deposits-articles": true, "deposits-affiliations-current": false, "deposits-funders-current": true, "deposits-references-backfile": true, "deposits-abstracts-backfile": false, "deposits-licenses-backfile": true, "deposits-award-numbers-backfile": true, "deposits-open-references-backfile": true, "deposits-open-references-current": true, "deposits-references-current": true, "deposits-resource-links-backfile": true, "deposits-orcids-backfile": true, "deposits-funders-backfile": true, "deposits-update-policies-current": true, "deposits-similarity-checking-current": true, "deposits-licenses-current": true}, "ISSN": ["1614-4961", "2367-3648"], "issn-type": [{"value": "1614-4961", "type": "electronic"}, {"value": "2367-3648", "type": "print"}]}