{"last-status-check-time": 1618748227013, "counts": {"total-dois": 4365, "current-dois": 427, "backfile-dois": 3938}, "breakdowns": {"dois-by-issued-year": [[2015, 295], [2005, 198], [2020, 192], [2004, 192], [2006, 190], [1999, 190], [1998, 182], [2000, 180], [2008, 176], [2007, 174], [2003, 171], [2002, 171], [2001, 163], [2009, 162], [2016, 161], [1997, 153], [2010, 152], [2011, 150], [2021, 137], [2012, 137], [1996, 122], [2013, 120], [2014, 114], [2018, 99], [1994, 99], [2019, 98], [1995, 95], [2017, 92]]}, "publisher": "Elsevier ", "coverage": {"affiliations-current": 0.0, "similarity-checking-current": 0.0, "funders-backfile": 0.006094464100897312, "licenses-backfile": 0.9936516284942627, "funders-current": 0.06791569292545319, "affiliations-backfile": 0.0, "resource-links-backfile": 1.0, "orcids-backfile": 0.03631284832954407, "update-policies-current": 0.6370023488998413, "open-references-backfile": 1.0, "orcids-current": 0.38641685247421265, "similarity-checking-backfile": 0.0, "references-backfile": 0.7785677909851074, "award-numbers-backfile": 0.002031488111242652, "update-policies-backfile": 0.19248349964618683, "licenses-current": 1.0, "award-numbers-current": 0.032786883413791656, "abstracts-backfile": 0.0, "resource-links-current": 1.0, "abstracts-current": 0.0, "open-references-current": 1.0, "references-current": 0.9953161478042603}, "title": "Medical Journal Armed Forces India", "subjects": [{"name": "General Medicine", "ASJC": 2700}], "coverage-type": {"all": {"last-status-check-time": 1618748218912, "affiliations": 0.0, "abstracts": 0.0, "orcids": 0.07056128233671188, "licenses": 0.9942726492881775, "references": 0.7997708916664124, "funders": 0.012142038904130459, "similarity-checking": 0.0, "award-numbers": 0.005040091462433338, "update-policies": 0.23596793413162231, "resource-links": 1.0, "open-references": 1.0}, "backfile": {"last-status-check-time": 1618748216570, "affiliations": 0.0, "abstracts": 0.0, "orcids": 0.03631284832954407, "licenses": 0.9936516284942627, "references": 0.7785677909851074, "funders": 0.006094464100897312, "similarity-checking": 0.0, "award-numbers": 0.002031488111242652, "update-policies": 0.19248349964618683, "resource-links": 1.0, "open-references": 1.0}, "current": {"last-status-check-time": 1618748213895, "affiliations": 0.0, "abstracts": 0.0, "orcids": 0.38641685247421265, "licenses": 1.0, "references": 0.9953161478042603, "funders": 0.06791569292545319, "similarity-checking": 0.0, "award-numbers": 0.032786883413791656, "update-policies": 0.6370023488998413, "resource-links": 1.0, "open-references": 1.0}}, "flags": {"deposits-abstracts-current": false, "deposits-orcids-current": true, "deposits": true, "deposits-affiliations-backfile": false, "deposits-update-policies-backfile": true, "deposits-similarity-checking-backfile": false, "deposits-award-numbers-current": true, "deposits-resource-links-current": true, "deposits-articles": true, "deposits-affiliations-current": false, "deposits-funders-current": true, "deposits-references-backfile": true, "deposits-abstracts-backfile": false, "deposits-licenses-backfile": true, "deposits-award-numbers-backfile": true, "deposits-open-references-backfile": true, "deposits-open-references-current": true, "deposits-references-current": true, "deposits-resource-links-backfile": true, "deposits-orcids-backfile": true, "deposits-funders-backfile": true, "deposits-update-policies-current": true, "deposits-similarity-checking-current": false, "deposits-licenses-current": true}, "ISSN": ["0377-1237"], "issn-type": [{"value": "0377-1237", "type": "print"}]}