{"last-status-check-time": 1617056988675, "counts": {"total-dois": 1194, "current-dois": 491, "backfile-dois": 703}, "breakdowns": {"dois-by-issued-year": [[2018, 246], [2016, 229], [2017, 228], [2019, 218], [2020, 213], [2021, 60]]}, "publisher": "Springer Science and Business Media LLC", "coverage": {"affiliations-current": 0.0, "similarity-checking-current": 1.0, "funders-backfile": 0.001422475092113018, "licenses-backfile": 1.0, "funders-current": 0.2362525463104248, "affiliations-backfile": 0.0, "resource-links-backfile": 1.0, "orcids-backfile": 0.3257468044757843, "update-policies-current": 1.0, "open-references-backfile": 1.0, "orcids-current": 0.7372708916664124, "similarity-checking-backfile": 1.0, "references-backfile": 0.7240398526191711, "award-numbers-backfile": 0.0, "update-policies-backfile": 1.0, "licenses-current": 1.0, "award-numbers-current": 0.18737271428108215, "abstracts-backfile": 0.0, "resource-links-current": 1.0, "abstracts-current": 0.0020366599783301353, "open-references-current": 1.0, "references-current": 0.7494908571243286}, "title": "Nature Energy", "subjects": [], "coverage-type": {"all": {"last-status-check-time": 1617056980684, "affiliations": 0.0, "abstracts": 0.0008368201088160276, "orcids": 0.4945606589317322, "licenses": 0.9991631507873535, "references": 0.7338911890983582, "funders": 0.09790795296430588, "similarity-checking": 0.9991631507873535, "award-numbers": 0.07698744535446167, "update-policies": 0.9991631507873535, "resource-links": 0.9991631507873535, "open-references": 1.0}, "backfile": {"last-status-check-time": 1617056977788, "affiliations": 0.0, "abstracts": 0.0, "orcids": 0.3257468044757843, "licenses": 1.0, "references": 0.7240398526191711, "funders": 0.001422475092113018, "similarity-checking": 1.0, "award-numbers": 0.0, "update-policies": 1.0, "resource-links": 1.0, "open-references": 1.0}, "current": {"last-status-check-time": 1617056975131, "affiliations": 0.0, "abstracts": 0.0020366599783301353, "orcids": 0.7372708916664124, "licenses": 1.0, "references": 0.7494908571243286, "funders": 0.2362525463104248, "similarity-checking": 1.0, "award-numbers": 0.18737271428108215, "update-policies": 1.0, "resource-links": 1.0, "open-references": 1.0}}, "flags": {"deposits-abstracts-current": true, "deposits-orcids-current": true, "deposits": true, "deposits-affiliations-backfile": false, "deposits-update-policies-backfile": true, "deposits-similarity-checking-backfile": true, "deposits-award-numbers-current": true, "deposits-resource-links-current": true, "deposits-articles": true, "deposits-affiliations-current": false, "deposits-funders-current": true, "deposits-references-backfile": true, "deposits-abstracts-backfile": false, "deposits-licenses-backfile": true, "deposits-award-numbers-backfile": false, "deposits-open-references-backfile": true, "deposits-open-references-current": true, "deposits-references-current": true, "deposits-resource-links-backfile": true, "deposits-orcids-backfile": true, "deposits-funders-backfile": true, "deposits-update-policies-current": true, "deposits-similarity-checking-current": true, "deposits-licenses-current": true}, "ISSN": ["2058-7546"], "issn-type": [{"value": "2058-7546", "type": "electronic"}]}