{"last-status-check-time": 1621222733167, "counts": {"total-dois": 4382, "current-dois": 286, "backfile-dois": 4096}, "breakdowns": {"dois-by-issued-year": [[2001, 314], [2003, 278], [2002, 276], [2004, 267], [2008, 264], [2005, 257], [2012, 233], [2006, 227], [2007, 224], [2011, 222], [2013, 221], [2010, 215], [2009, 215], [2014, 197], [2015, 182], [2016, 167], [2017, 144], [2018, 118], [2020, 115], [2019, 112], [2000, 75], [2021, 59]]}, "publisher": "Springer Science and Business Media LLC", "coverage": {"affiliations-current": 0.0, "similarity-checking-current": 1.0, "funders-backfile": 0.0, "licenses-backfile": 0.998779296875, "funders-current": 0.0, "affiliations-backfile": 0.0, "resource-links-backfile": 0.998779296875, "orcids-backfile": 0.00732421875, "update-policies-current": 0.996503472328186, "open-references-backfile": 1.0, "orcids-current": 0.5, "similarity-checking-backfile": 0.998779296875, "references-backfile": 0.887451171875, "award-numbers-backfile": 0.0, "update-policies-backfile": 0.2001953125, "licenses-current": 1.0, "award-numbers-current": 0.0, "abstracts-backfile": 0.0, "resource-links-current": 1.0, "abstracts-current": 0.003496503457427025, "open-references-current": 1.0, "references-current": 0.8986014127731323}, "title": "Nature Reviews Molecular Cell Biology", "subjects": [{"name": "Cell Biology", "ASJC": 1307}, {"name": "Molecular Biology", "ASJC": 1312}], "coverage-type": {"all": {"last-status-check-time": 1621222726191, "affiliations": 0.0, "abstracts": 0.00022815422562416643, "orcids": 0.03947068378329277, "licenses": 0.9986310601234436, "references": 0.8879762887954712, "funders": 0.0, "similarity-checking": 0.9986310601234436, "award-numbers": 0.0, "update-policies": 0.25211042165756226, "resource-links": 0.9986310601234436, "open-references": 1.0}, "backfile": {"last-status-check-time": 1621222723703, "affiliations": 0.0, "abstracts": 0.0, "orcids": 0.00732421875, "licenses": 0.998779296875, "references": 0.887451171875, "funders": 0.0, "similarity-checking": 0.998779296875, "award-numbers": 0.0, "update-policies": 0.2001953125, "resource-links": 0.998779296875, "open-references": 1.0}, "current": {"last-status-check-time": 1621222721224, "affiliations": 0.0, "abstracts": 0.003496503457427025, "orcids": 0.5, "licenses": 1.0, "references": 0.8986014127731323, "funders": 0.0, "similarity-checking": 1.0, "award-numbers": 0.0, "update-policies": 0.996503472328186, "resource-links": 1.0, "open-references": 1.0}}, "flags": {"deposits-abstracts-current": true, "deposits-orcids-current": true, "deposits": true, "deposits-affiliations-backfile": false, "deposits-update-policies-backfile": true, "deposits-similarity-checking-backfile": true, "deposits-award-numbers-current": false, "deposits-resource-links-current": true, "deposits-articles": true, "deposits-affiliations-current": false, "deposits-funders-current": false, "deposits-references-backfile": true, "deposits-abstracts-backfile": false, "deposits-licenses-backfile": true, "deposits-award-numbers-backfile": false, "deposits-open-references-backfile": true, "deposits-open-references-current": true, "deposits-references-current": true, "deposits-resource-links-backfile": true, "deposits-orcids-backfile": true, "deposits-funders-backfile": false, "deposits-update-policies-current": true, "deposits-similarity-checking-current": true, "deposits-licenses-current": true}, "ISSN": ["1471-0080", "1471-0072"], "issn-type": [{"value": "1471-0080", "type": "electronic"}, {"value": "1471-0072", "type": "print"}]}