{"last-status-check-time": 1621425641156, "counts": {"total-dois": 38169, "current-dois": 15241, "backfile-dois": 22928}, "breakdowns": {"dois-by-issued-year": [[2020, 6448], [2019, 5831], [2018, 5516], [2017, 4539], [2016, 3686], [2015, 3348], [2021, 2962], [2014, 2854], [2013, 1657], [2012, 725], [2011, 452], [2010, 151]]}, "publisher": "Springer Science and Business Media LLC", "coverage": {"affiliations-current": 0.0, "similarity-checking-current": 1.0, "funders-backfile": 0.05098569393157959, "licenses-backfile": 0.999869167804718, "funders-current": 0.4627649188041687, "affiliations-backfile": 0.0, "resource-links-backfile": 0.999869167804718, "orcids-backfile": 0.42450278997421265, "update-policies-current": 1.0, "open-references-backfile": 1.0, "orcids-current": 0.9547929763793945, "similarity-checking-backfile": 0.9999563694000244, "references-backfile": 0.9843422770500183, "award-numbers-backfile": 0.04780181497335434, "update-policies-backfile": 0.8548063635826111, "licenses-current": 0.999737560749054, "award-numbers-current": 0.4063381552696228, "abstracts-backfile": 0.020280878990888596, "resource-links-current": 0.999737560749054, "abstracts-current": 0.6012072563171387, "open-references-current": 1.0, "references-current": 0.9453448057174683}, "title": "Nature Communications", "subjects": [{"name": "General Biochemistry, Genetics and Molecular Biology", "ASJC": 1300}, {"name": "General Chemistry", "ASJC": 1600}, {"name": "General Physics and Astronomy", "ASJC": 3100}], "coverage-type": {"all": {"last-status-check-time": 1621425634731, "affiliations": 0.0, "abstracts": 0.25223997235298157, "orcids": 0.6362326145172119, "licenses": 0.9997904300689697, "references": 0.9687451124191284, "funders": 0.21540476381778717, "similarity-checking": 0.9999476075172424, "award-numbers": 0.19096149504184723, "update-policies": 0.9127587080001831, "resource-links": 0.9997904300689697, "open-references": 1.0}, "backfile": {"last-status-check-time": 1621425632285, "affiliations": 0.0, "abstracts": 0.020280878990888596, "orcids": 0.42450278997421265, "licenses": 0.999869167804718, "references": 0.9843422770500183, "funders": 0.05098569393157959, "similarity-checking": 0.9999563694000244, "award-numbers": 0.04780181497335434, "update-policies": 0.8548063635826111, "resource-links": 0.999869167804718, "open-references": 1.0}, "current": {"last-status-check-time": 1621425630177, "affiliations": 0.0, "abstracts": 0.6012072563171387, "orcids": 0.9547929763793945, "licenses": 0.999737560749054, "references": 0.9453448057174683, "funders": 0.4627649188041687, "similarity-checking": 1.0, "award-numbers": 0.4063381552696228, "update-policies": 1.0, "resource-links": 0.999737560749054, "open-references": 1.0}}, "flags": {"deposits-abstracts-current": true, "deposits-orcids-current": true, "deposits": true, "deposits-affiliations-backfile": false, "deposits-update-policies-backfile": true, "deposits-similarity-checking-backfile": true, "deposits-award-numbers-current": true, "deposits-resource-links-current": true, "deposits-articles": true, "deposits-affiliations-current": false, "deposits-funders-current": true, "deposits-references-backfile": true, "deposits-abstracts-backfile": true, "deposits-licenses-backfile": true, "deposits-award-numbers-backfile": true, "deposits-open-references-backfile": true, "deposits-open-references-current": true, "deposits-references-current": true, "deposits-resource-links-backfile": true, "deposits-orcids-backfile": true, "deposits-funders-backfile": true, "deposits-update-policies-current": true, "deposits-similarity-checking-current": true, "deposits-licenses-current": true}, "ISSN": ["2041-1723"], "issn-type": [{"value": "2041-1723", "type": "electronic"}]}