{"last-status-check-time": 1621222721183, "counts": {"total-dois": 4401, "current-dois": 281, "backfile-dois": 4120}, "breakdowns": {"dois-by-issued-year": [[2003, 268], [2001, 268], [2002, 265], [2007, 264], [2004, 262], [2012, 258], [2013, 256], [2005, 254], [2006, 248], [2014, 236], [2009, 231], [2008, 225], [2011, 222], [2010, 217], [2015, 171], [2016, 167], [2017, 120], [2019, 117], [2020, 114], [2018, 114], [2000, 74], [2021, 50]]}, "publisher": "Springer Science and Business Media LLC", "coverage": {"affiliations-current": 0.0, "similarity-checking-current": 1.0, "funders-backfile": 0.0, "licenses-backfile": 0.9990290999412537, "funders-current": 0.0035587188322097063, "affiliations-backfile": 0.0, "resource-links-backfile": 0.9990290999412537, "orcids-backfile": 0.007766990456730127, "update-policies-current": 0.9964413046836853, "open-references-backfile": 1.0, "orcids-current": 0.4804270565509796, "similarity-checking-backfile": 0.9990290999412537, "references-backfile": 0.9067960977554321, "award-numbers-backfile": 0.0, "update-policies-backfile": 0.20800970494747162, "licenses-current": 1.0, "award-numbers-current": 0.0035587188322097063, "abstracts-backfile": 0.0, "resource-links-current": 1.0, "abstracts-current": 0.0, "open-references-current": 1.0, "references-current": 0.9466192126274109}, "title": "Nature Reviews Genetics", "subjects": [{"name": "Genetics", "ASJC": 1311}, {"name": "Molecular Biology", "ASJC": 1312}, {"name": "Genetics(clinical)", "ASJC": 2716}], "coverage-type": {"all": {"last-status-check-time": 1621222714263, "affiliations": 0.0, "abstracts": 0.0, "orcids": 0.03793730214238167, "licenses": 0.9988641738891602, "references": 0.9091322422027588, "funders": 0.0002271694684168324, "similarity-checking": 0.9988641738891602, "award-numbers": 0.0002271694684168324, "update-policies": 0.25829169154167175, "resource-links": 0.9988641738891602, "open-references": 1.0}, "backfile": {"last-status-check-time": 1621222712033, "affiliations": 0.0, "abstracts": 0.0, "orcids": 0.007766990456730127, "licenses": 0.9990290999412537, "references": 0.9067960977554321, "funders": 0.0, "similarity-checking": 0.9990290999412537, "award-numbers": 0.0, "update-policies": 0.20800970494747162, "resource-links": 0.9990290999412537, "open-references": 1.0}, "current": {"last-status-check-time": 1621222709768, "affiliations": 0.0, "abstracts": 0.0, "orcids": 0.4804270565509796, "licenses": 1.0, "references": 0.9466192126274109, "funders": 0.0035587188322097063, "similarity-checking": 1.0, "award-numbers": 0.0035587188322097063, "update-policies": 0.9964413046836853, "resource-links": 1.0, "open-references": 1.0}}, "flags": {"deposits-abstracts-current": false, "deposits-orcids-current": true, "deposits": true, "deposits-affiliations-backfile": false, "deposits-update-policies-backfile": true, "deposits-similarity-checking-backfile": true, "deposits-award-numbers-current": true, "deposits-resource-links-current": true, "deposits-articles": true, "deposits-affiliations-current": false, "deposits-funders-current": true, "deposits-references-backfile": true, "deposits-abstracts-backfile": false, "deposits-licenses-backfile": true, "deposits-award-numbers-backfile": false, "deposits-open-references-backfile": true, "deposits-open-references-current": true, "deposits-references-current": true, "deposits-resource-links-backfile": true, "deposits-orcids-backfile": true, "deposits-funders-backfile": false, "deposits-update-policies-current": true, "deposits-similarity-checking-current": true, "deposits-licenses-current": true}, "ISSN": ["1471-0064", "1471-0056"], "issn-type": [{"value": "1471-0064", "type": "electronic"}, {"value": "1471-0056", "type": "print"}]}