{"last-status-check-time": 1621226350281, "counts": {"total-dois": 4079, "current-dois": 262, "backfile-dois": 3817}, "breakdowns": {"dois-by-issued-year": [[2008, 270], [2005, 267], [2006, 265], [2003, 265], [2002, 258], [2004, 256], [2012, 245], [2007, 239], [2010, 232], [2014, 225], [2013, 220], [2011, 214], [2009, 205], [2015, 182], [2016, 147], [2019, 134], [2018, 134], [2017, 127], [2020, 89], [2001, 66], [2021, 39]]}, "publisher": "Springer Science and Business Media LLC", "coverage": {"affiliations-current": 0.0, "similarity-checking-current": 1.0, "funders-backfile": 0.0, "licenses-backfile": 0.9986900687217712, "funders-current": 0.0, "affiliations-backfile": 0.0, "resource-links-backfile": 0.9986900687217712, "orcids-backfile": 0.005501702893525362, "update-policies-current": 1.0, "open-references-backfile": 1.0, "orcids-current": 0.46183204650878906, "similarity-checking-backfile": 0.9986900687217712, "references-backfile": 0.9119727611541748, "award-numbers-backfile": 0.0, "update-policies-backfile": 0.2234739363193512, "licenses-current": 1.0, "award-numbers-current": 0.0, "abstracts-backfile": 0.0, "resource-links-current": 1.0, "abstracts-current": 0.003816793905571103, "open-references-current": 1.0, "references-current": 0.9503816962242126}, "title": "Nature Reviews Cancer", "subjects": [], "coverage-type": {"all": {"last-status-check-time": 1621226343403, "affiliations": 0.0, "abstracts": 0.00024509805371053517, "orcids": 0.03480392321944237, "licenses": 0.9985294342041016, "references": 0.9142156839370728, "funders": 0.0, "similarity-checking": 0.9985294342041016, "award-numbers": 0.0, "update-policies": 0.27328431606292725, "resource-links": 0.9985294342041016, "open-references": 1.0}, "backfile": {"last-status-check-time": 1621226340863, "affiliations": 0.0, "abstracts": 0.0, "orcids": 0.005501702893525362, "licenses": 0.9986900687217712, "references": 0.9119727611541748, "funders": 0.0, "similarity-checking": 0.9986900687217712, "award-numbers": 0.0, "update-policies": 0.2234739363193512, "resource-links": 0.9986900687217712, "open-references": 1.0}, "current": {"last-status-check-time": 1621226338647, "affiliations": 0.0, "abstracts": 0.003816793905571103, "orcids": 0.46183204650878906, "licenses": 1.0, "references": 0.9503816962242126, "funders": 0.0, "similarity-checking": 1.0, "award-numbers": 0.0, "update-policies": 1.0, "resource-links": 1.0, "open-references": 1.0}}, "flags": {"deposits-abstracts-current": true, "deposits-orcids-current": true, "deposits": true, "deposits-affiliations-backfile": false, "deposits-update-policies-backfile": true, "deposits-similarity-checking-backfile": true, "deposits-award-numbers-current": false, "deposits-resource-links-current": true, "deposits-articles": true, "deposits-affiliations-current": false, "deposits-funders-current": false, "deposits-references-backfile": true, "deposits-abstracts-backfile": false, "deposits-licenses-backfile": true, "deposits-award-numbers-backfile": false, "deposits-open-references-backfile": true, "deposits-open-references-current": true, "deposits-references-current": true, "deposits-resource-links-backfile": true, "deposits-orcids-backfile": true, "deposits-funders-backfile": false, "deposits-update-policies-current": true, "deposits-similarity-checking-current": true, "deposits-licenses-current": true}, "ISSN": ["1474-1768", "1474-1768"], "issn-type": [{"value": "1474-1768", "type": "electronic"}, {"value": "1474-1768", "type": "print"}]}