{"last-status-check-time": 1617055943141, "counts": {"total-dois": 542, "current-dois": 372, "backfile-dois": 170}, "breakdowns": {"dois-by-issued-year": [[2020, 199], [2019, 129], [2018, 80], [2017, 54], [2021, 44], [2016, 29], [2015, 7]]}, "publisher": "Springer Science and Business Media LLC", "coverage": {"affiliations-current": 0.0, "similarity-checking-current": 1.0, "funders-backfile": 0.16470588743686676, "licenses-backfile": 1.0, "funders-current": 0.5483871102333069, "affiliations-backfile": 0.0, "resource-links-backfile": 1.0, "orcids-backfile": 0.5176470875740051, "update-policies-current": 1.0, "open-references-backfile": 1.0, "orcids-current": 0.9166666865348816, "similarity-checking-backfile": 1.0, "references-backfile": 0.9647058844566345, "award-numbers-backfile": 0.15294118225574493, "update-policies-backfile": 1.0, "licenses-current": 1.0, "award-numbers-current": 0.47580644488334656, "abstracts-backfile": 0.0117647061124444, "resource-links-current": 1.0, "abstracts-current": 0.7526881694793701, "open-references-current": 1.0, "references-current": 0.9569892287254333}, "title": "npj Computational Materials", "subjects": [], "coverage-type": {"all": {"last-status-check-time": 1617055933331, "affiliations": 0.0, "abstracts": 0.519336998462677, "orcids": 0.7900552749633789, "licenses": 0.9981583952903748, "references": 0.9576427340507507, "funders": 0.4272559881210327, "similarity-checking": 0.9981583952903748, "award-numbers": 0.37384897470474243, "update-policies": 0.9981583952903748, "resource-links": 0.9981583952903748, "open-references": 1.0}, "backfile": {"last-status-check-time": 1617055930237, "affiliations": 0.0, "abstracts": 0.0117647061124444, "orcids": 0.5176470875740051, "licenses": 1.0, "references": 0.9647058844566345, "funders": 0.16470588743686676, "similarity-checking": 1.0, "award-numbers": 0.15294118225574493, "update-policies": 1.0, "resource-links": 1.0, "open-references": 1.0}, "current": {"last-status-check-time": 1617055927775, "affiliations": 0.0, "abstracts": 0.7526881694793701, "orcids": 0.9166666865348816, "licenses": 1.0, "references": 0.9569892287254333, "funders": 0.5483871102333069, "similarity-checking": 1.0, "award-numbers": 0.47580644488334656, "update-policies": 1.0, "resource-links": 1.0, "open-references": 1.0}}, "flags": {"deposits-abstracts-current": true, "deposits-orcids-current": true, "deposits": true, "deposits-affiliations-backfile": false, "deposits-update-policies-backfile": true, "deposits-similarity-checking-backfile": true, "deposits-award-numbers-current": true, "deposits-resource-links-current": true, "deposits-articles": true, "deposits-affiliations-current": false, "deposits-funders-current": true, "deposits-references-backfile": true, "deposits-abstracts-backfile": true, "deposits-licenses-backfile": true, "deposits-award-numbers-backfile": true, "deposits-open-references-backfile": true, "deposits-open-references-current": true, "deposits-references-current": true, "deposits-resource-links-backfile": true, "deposits-orcids-backfile": true, "deposits-funders-backfile": true, "deposits-update-policies-current": true, "deposits-similarity-checking-current": true, "deposits-licenses-current": true}, "ISSN": ["2057-3960"], "issn-type": [{"value": "2057-3960", "type": "electronic"}]}