{"last-status-check-time": 1617054851248, "counts": {"total-dois": 424, "current-dois": 272, "backfile-dois": 152}, "breakdowns": {"dois-by-issued-year": [[2019, 115], [2020, 104], [2018, 65], [2021, 53], [2017, 50], [2016, 26], [2015, 11]]}, "publisher": "Springer Science and Business Media LLC", "coverage": {"affiliations-current": 0.0, "similarity-checking-current": 1.0, "funders-backfile": 0.09210526198148727, "licenses-backfile": 1.0, "funders-current": 0.41911765933036804, "affiliations-backfile": 0.0, "resource-links-backfile": 1.0, "orcids-backfile": 0.5065789222717285, "update-policies-current": 1.0, "open-references-backfile": 1.0, "orcids-current": 0.841911792755127, "similarity-checking-backfile": 1.0, "references-backfile": 0.9736841917037964, "award-numbers-backfile": 0.08552631735801697, "update-policies-backfile": 1.0, "licenses-current": 1.0, "award-numbers-current": 0.33088234066963196, "abstracts-backfile": 0.06578947603702545, "resource-links-current": 1.0, "abstracts-current": 0.7058823704719543, "open-references-current": 1.0, "references-current": 0.9816176295280457}, "title": "npj Quantum Information", "subjects": [], "coverage-type": {"all": {"last-status-check-time": 1617054843558, "affiliations": 0.0, "abstracts": 0.4752941131591797, "orcids": 0.7200000286102295, "licenses": 0.9976470470428467, "references": 0.9764705896377563, "funders": 0.3011764585971832, "similarity-checking": 0.9976470470428467, "award-numbers": 0.2423529475927353, "update-policies": 0.9976470470428467, "resource-links": 0.9976470470428467, "open-references": 1.0}, "backfile": {"last-status-check-time": 1617054840985, "affiliations": 0.0, "abstracts": 0.06578947603702545, "orcids": 0.5065789222717285, "licenses": 1.0, "references": 0.9736841917037964, "funders": 0.09210526198148727, "similarity-checking": 1.0, "award-numbers": 0.08552631735801697, "update-policies": 1.0, "resource-links": 1.0, "open-references": 1.0}, "current": {"last-status-check-time": 1617054838231, "affiliations": 0.0, "abstracts": 0.7058823704719543, "orcids": 0.841911792755127, "licenses": 1.0, "references": 0.9816176295280457, "funders": 0.41911765933036804, "similarity-checking": 1.0, "award-numbers": 0.33088234066963196, "update-policies": 1.0, "resource-links": 1.0, "open-references": 1.0}}, "flags": {"deposits-abstracts-current": true, "deposits-orcids-current": true, "deposits": true, "deposits-affiliations-backfile": false, "deposits-update-policies-backfile": true, "deposits-similarity-checking-backfile": true, "deposits-award-numbers-current": true, "deposits-resource-links-current": true, "deposits-articles": true, "deposits-affiliations-current": false, "deposits-funders-current": true, "deposits-references-backfile": true, "deposits-abstracts-backfile": true, "deposits-licenses-backfile": true, "deposits-award-numbers-backfile": true, "deposits-open-references-backfile": true, "deposits-open-references-current": true, "deposits-references-current": true, "deposits-resource-links-backfile": true, "deposits-orcids-backfile": true, "deposits-funders-backfile": true, "deposits-update-policies-current": true, "deposits-similarity-checking-current": true, "deposits-licenses-current": true}, "ISSN": ["2056-6387"], "issn-type": [{"value": "2056-6387", "type": "electronic"}]}