{"last-status-check-time": 1621067885966, "counts": {"total-dois": 48772, "current-dois": 3005, "backfile-dois": 45767}, "breakdowns": {"dois-by-issued-year": [[1990, 2017], [1991, 1734], [1989, 1678], [1988, 1626], [2015, 1495], [2013, 1491], [2014, 1412], [2016, 1407], [2012, 1386], [2009, 1379], [2007, 1379], [2011, 1361], [2017, 1357], [2010, 1350], [2004, 1324], [2018, 1323], [1992, 1299], [2020, 1268], [2019, 1226], [2006, 1224], [1987, 1209], [1993, 1162], [2003, 1094], [2005, 1068], [2008, 947], [1994, 944], [1986, 931], [1998, 898], [2002, 838], [1995, 834], [1997, 817], [2000, 812], [1996, 805], [2001, 775], [1999, 772], [1984, 753], [1985, 689], [1983, 681], [1982, 663], [1981, 529], [2021, 511], [1979, 459], [1978, 448], [1980, 436], [1977, 337], [1976, 275], [1975, 200], [1974, 149]]}, "publisher": "Oxford University Press", "coverage": {"affiliations-current": 0.9537437558174133, "similarity-checking-current": 0.9520798921585083, "funders-backfile": 0.02805514819920063, "licenses-backfile": 0.30954617261886597, "funders-current": 0.9264559149742126, "affiliations-backfile": 0.05202438309788704, "resource-links-backfile": 0.002141280798241496, "orcids-backfile": 0.03408569470047951, "update-policies-current": 0.0, "open-references-backfile": 1.0, "orcids-current": 0.7906821966171265, "similarity-checking-backfile": 0.9585290551185608, "references-backfile": 0.36532872915267944, "award-numbers-backfile": 0.025214673951268196, "update-policies-backfile": 0.0, "licenses-current": 0.9287853837013245, "award-numbers-current": 0.8435940146446228, "abstracts-backfile": 0.006860838737338781, "resource-links-current": 0.0, "abstracts-current": 0.8289517760276794, "open-references-current": 1.0, "references-current": 0.940099835395813}, "title": "Nucleic Acids Research", "subjects": [{"name": "Genetics", "ASJC": 1311}], "coverage-type": {"all": {"last-status-check-time": 1621067877976, "affiliations": 0.1075822189450264, "abstracts": 0.05751250684261322, "orcids": 0.080702044069767, "licenses": 0.34769949316978455, "references": 0.40074223279953003, "funders": 0.08340851217508316, "similarity-checking": 0.958131730556488, "award-numbers": 0.07563766092061996, "update-policies": 0.0, "resource-links": 0.0020093496423214674, "open-references": 1.0}, "backfile": {"last-status-check-time": 1621067875431, "affiliations": 0.05202438309788704, "abstracts": 0.006860838737338781, "orcids": 0.03408569470047951, "licenses": 0.30954617261886597, "references": 0.36532872915267944, "funders": 0.02805514819920063, "similarity-checking": 0.9585290551185608, "award-numbers": 0.025214673951268196, "update-policies": 0.0, "resource-links": 0.002141280798241496, "open-references": 1.0}, "current": {"last-status-check-time": 1621067872601, "affiliations": 0.9537437558174133, "abstracts": 0.8289517760276794, "orcids": 0.7906821966171265, "licenses": 0.9287853837013245, "references": 0.940099835395813, "funders": 0.9264559149742126, "similarity-checking": 0.9520798921585083, "award-numbers": 0.8435940146446228, "update-policies": 0.0, "resource-links": 0.0, "open-references": 1.0}}, "flags": {"deposits-abstracts-current": true, "deposits-orcids-current": true, "deposits": true, "deposits-affiliations-backfile": true, "deposits-update-policies-backfile": false, "deposits-similarity-checking-backfile": true, "deposits-award-numbers-current": true, "deposits-resource-links-current": false, "deposits-articles": true, "deposits-affiliations-current": true, "deposits-funders-current": true, "deposits-references-backfile": true, "deposits-abstracts-backfile": true, "deposits-licenses-backfile": true, "deposits-award-numbers-backfile": true, "deposits-open-references-backfile": true, "deposits-open-references-current": true, "deposits-references-current": true, "deposits-resource-links-backfile": true, "deposits-orcids-backfile": true, "deposits-funders-backfile": true, "deposits-update-policies-current": false, "deposits-similarity-checking-current": true, "deposits-licenses-current": true}, "ISSN": ["1362-4962", "0305-1048"], "issn-type": [{"value": "1362-4962", "type": "electronic"}, {"value": "0305-1048", "type": "print"}]}