{"last-status-check-time": 1621314123021, "counts": {"total-dois": 183, "current-dois": 93, "backfile-dois": 90}, "breakdowns": {"dois-by-issued-year": [[2019, 44], [2020, 36], [2018, 35], [2015, 18], [2017, 17], [2021, 13], [2016, 13], [2014, 7]]}, "publisher": "Elsevier ", "coverage": {"affiliations-current": 0.0, "similarity-checking-current": 0.0, "funders-backfile": 0.24444444477558136, "licenses-backfile": 1.0, "funders-current": 0.31182795763015747, "affiliations-backfile": 0.0, "resource-links-backfile": 1.0, "orcids-backfile": 0.41111111640930176, "update-policies-current": 0.9569892287254333, "open-references-backfile": 1.0, "orcids-current": 0.34408602118492126, "similarity-checking-backfile": 0.0, "references-backfile": 0.9111111164093018, "award-numbers-backfile": 0.20000000298023224, "update-policies-backfile": 0.9111111164093018, "licenses-current": 1.0, "award-numbers-current": 0.13978494703769684, "abstracts-backfile": 0.0, "resource-links-current": 1.0, "abstracts-current": 0.0, "open-references-current": 1.0, "references-current": 0.9569892287254333}, "title": "Operations Research Perspectives", "subjects": [], "coverage-type": {"all": {"last-status-check-time": 1621314116164, "affiliations": 0.0, "abstracts": 0.0, "orcids": 0.37704917788505554, "licenses": 1.0, "references": 0.9344262480735779, "funders": 0.2786885201931, "similarity-checking": 0.0, "award-numbers": 0.16939890384674072, "update-policies": 0.9344262480735779, "resource-links": 1.0, "open-references": 1.0}, "backfile": {"last-status-check-time": 1621314114003, "affiliations": 0.0, "abstracts": 0.0, "orcids": 0.41111111640930176, "licenses": 1.0, "references": 0.9111111164093018, "funders": 0.24444444477558136, "similarity-checking": 0.0, "award-numbers": 0.20000000298023224, "update-policies": 0.9111111164093018, "resource-links": 1.0, "open-references": 1.0}, "current": {"last-status-check-time": 1621314111795, "affiliations": 0.0, "abstracts": 0.0, "orcids": 0.34408602118492126, "licenses": 1.0, "references": 0.9569892287254333, "funders": 0.31182795763015747, "similarity-checking": 0.0, "award-numbers": 0.13978494703769684, "update-policies": 0.9569892287254333, "resource-links": 1.0, "open-references": 1.0}}, "flags": {"deposits-abstracts-current": false, "deposits-orcids-current": true, "deposits": true, "deposits-affiliations-backfile": false, "deposits-update-policies-backfile": true, "deposits-similarity-checking-backfile": false, "deposits-award-numbers-current": true, "deposits-resource-links-current": true, "deposits-articles": true, "deposits-affiliations-current": false, "deposits-funders-current": true, "deposits-references-backfile": true, "deposits-abstracts-backfile": false, "deposits-licenses-backfile": true, "deposits-award-numbers-backfile": true, "deposits-open-references-backfile": true, "deposits-open-references-current": true, "deposits-references-current": true, "deposits-resource-links-backfile": true, "deposits-orcids-backfile": true, "deposits-funders-backfile": true, "deposits-update-policies-current": true, "deposits-similarity-checking-current": false, "deposits-licenses-current": true}, "ISSN": ["2214-7160"], "issn-type": [{"value": "2214-7160", "type": "print"}]}