{"last-status-check-time": 1621271213973, "counts": {"total-dois": 1961, "current-dois": 626, "backfile-dois": 1335}, "breakdowns": {"dois-by-issued-year": [[2020, 284], [2018, 281], [2019, 239], [2017, 232], [2014, 226], [2016, 204], [2015, 177], [2021, 103], [2013, 97], [2012, 78], [2011, 40]]}, "publisher": "American Physical Society", "coverage": {"affiliations-current": 0.0, "similarity-checking-current": 1.0, "funders-backfile": 0.7632958889007568, "licenses-backfile": 0.9992509484291077, "funders-current": 0.9680511355400085, "affiliations-backfile": 0.0, "resource-links-backfile": 0.05842696502804756, "orcids-backfile": 0.0, "update-policies-current": 1.0, "open-references-backfile": 1.0, "orcids-current": 0.6916933059692383, "similarity-checking-backfile": 0.9977527856826782, "references-backfile": 0.9692884087562561, "award-numbers-backfile": 0.6119850277900696, "update-policies-backfile": 0.21048688888549805, "licenses-current": 1.0, "award-numbers-current": 0.9009584784507751, "abstracts-backfile": 0.0, "resource-links-current": 0.0, "abstracts-current": 0.0, "open-references-current": 1.0, "references-current": 0.9856230020523071}, "title": "Physical Review X", "subjects": [{"name": "General Physics and Astronomy", "ASJC": 3100}], "coverage-type": {"all": {"last-status-check-time": 1621271206464, "affiliations": 0.0, "abstracts": 0.0, "orcids": 0.22080570459365845, "licenses": 0.9994900822639465, "references": 0.9745028018951416, "funders": 0.8286588191986084, "similarity-checking": 0.9984701871871948, "award-numbers": 0.7042325139045715, "update-policies": 0.462519109249115, "resource-links": 0.03977562487125397, "open-references": 1.0}, "backfile": {"last-status-check-time": 1621271204255, "affiliations": 0.0, "abstracts": 0.0, "orcids": 0.0, "licenses": 0.9992509484291077, "references": 0.9692884087562561, "funders": 0.7632958889007568, "similarity-checking": 0.9977527856826782, "award-numbers": 0.6119850277900696, "update-policies": 0.21048688888549805, "resource-links": 0.05842696502804756, "open-references": 1.0}, "current": {"last-status-check-time": 1621271201767, "affiliations": 0.0, "abstracts": 0.0, "orcids": 0.6916933059692383, "licenses": 1.0, "references": 0.9856230020523071, "funders": 0.9680511355400085, "similarity-checking": 1.0, "award-numbers": 0.9009584784507751, "update-policies": 1.0, "resource-links": 0.0, "open-references": 1.0}}, "flags": {"deposits-abstracts-current": false, "deposits-orcids-current": true, "deposits": true, "deposits-affiliations-backfile": false, "deposits-update-policies-backfile": true, "deposits-similarity-checking-backfile": true, "deposits-award-numbers-current": true, "deposits-resource-links-current": false, "deposits-articles": true, "deposits-affiliations-current": false, "deposits-funders-current": true, "deposits-references-backfile": true, "deposits-abstracts-backfile": false, "deposits-licenses-backfile": true, "deposits-award-numbers-backfile": true, "deposits-open-references-backfile": true, "deposits-open-references-current": true, "deposits-references-current": true, "deposits-resource-links-backfile": true, "deposits-orcids-backfile": false, "deposits-funders-backfile": true, "deposits-update-policies-current": true, "deposits-similarity-checking-current": true, "deposits-licenses-current": true}, "ISSN": ["2160-3308"], "issn-type": [{"value": "2160-3308", "type": "electronic"}]}