{"last-status-check-time": 1621009212861, "counts": {"total-dois": 19693, "current-dois": 4709, "backfile-dois": 14984}, "breakdowns": {"dois-by-issued-year": [[2015, 3474], [2016, 2497], [2017, 2286], [2018, 2196], [2019, 2147], [2020, 2024], [2014, 1402], [2013, 1204], [2011, 861], [2012, 692], [2021, 538], [2010, 372]]}, "publisher": "Elsevier ", "coverage": {"affiliations-current": 0.0, "similarity-checking-current": 0.0, "funders-backfile": 0.005339028313755989, "licenses-backfile": 1.0, "funders-current": 0.040348269045352936, "affiliations-backfile": 0.0, "resource-links-backfile": 1.0, "orcids-backfile": 0.0, "update-policies-current": 0.991930365562439, "open-references-backfile": 1.0, "orcids-current": 0.0008494372596032917, "similarity-checking-backfile": 0.0, "references-backfile": 0.9610918164253235, "award-numbers-backfile": 0.003937533590942621, "update-policies-backfile": 0.7779631614685059, "licenses-current": 1.0, "award-numbers-current": 0.0008494372596032917, "abstracts-backfile": 0.0, "resource-links-current": 1.0, "abstracts-current": 0.0, "open-references-current": 1.0, "references-current": 0.9736674427986145}, "title": "Procedia Computer Science", "subjects": [], "coverage-type": {"all": {"last-status-check-time": 1621009204827, "affiliations": 0.0, "abstracts": 0.0, "orcids": 0.00020311785920057446, "licenses": 1.0, "references": 0.9640989303588867, "funders": 0.013710455037653446, "similarity-checking": 0.0, "award-numbers": 0.003199106315150857, "update-policies": 0.8291270732879639, "resource-links": 1.0, "open-references": 1.0}, "backfile": {"last-status-check-time": 1621009202202, "affiliations": 0.0, "abstracts": 0.0, "orcids": 0.0, "licenses": 1.0, "references": 0.9610918164253235, "funders": 0.005339028313755989, "similarity-checking": 0.0, "award-numbers": 0.003937533590942621, "update-policies": 0.7779631614685059, "resource-links": 1.0, "open-references": 1.0}, "current": {"last-status-check-time": 1621009199691, "affiliations": 0.0, "abstracts": 0.0, "orcids": 0.0008494372596032917, "licenses": 1.0, "references": 0.9736674427986145, "funders": 0.040348269045352936, "similarity-checking": 0.0, "award-numbers": 0.0008494372596032917, "update-policies": 0.991930365562439, "resource-links": 1.0, "open-references": 1.0}}, "flags": {"deposits-abstracts-current": false, "deposits-orcids-current": true, "deposits": true, "deposits-affiliations-backfile": false, "deposits-update-policies-backfile": true, "deposits-similarity-checking-backfile": false, "deposits-award-numbers-current": true, "deposits-resource-links-current": true, "deposits-articles": true, "deposits-affiliations-current": false, "deposits-funders-current": true, "deposits-references-backfile": true, "deposits-abstracts-backfile": false, "deposits-licenses-backfile": true, "deposits-award-numbers-backfile": true, "deposits-open-references-backfile": true, "deposits-open-references-current": true, "deposits-references-current": true, "deposits-resource-links-backfile": true, "deposits-orcids-backfile": false, "deposits-funders-backfile": true, "deposits-update-policies-current": true, "deposits-similarity-checking-current": false, "deposits-licenses-current": true}, "ISSN": ["1877-0509"], "issn-type": [{"value": "1877-0509", "type": "print"}]}