{"last-status-check-time": 1620957967485, "counts": {"total-dois": 250, "current-dois": 65, "backfile-dois": 185}, "breakdowns": {"dois-by-issued-year": [[2019, 26], [2020, 25], [2018, 25], [2017, 24], [2015, 24], [2006, 24], [2016, 19], [2010, 18], [2009, 17], [2008, 17], [2007, 17], [2021, 14]]}, "publisher": "Springer-Verlag", "coverage": {"affiliations-current": 0.0, "similarity-checking-current": 1.0, "funders-backfile": 0.15135134756565094, "licenses-backfile": 0.45945945382118225, "funders-current": 0.3692307770252228, "affiliations-backfile": 0.0, "resource-links-backfile": 0.45945945382118225, "orcids-backfile": 0.18378378450870514, "update-policies-current": 1.0, "open-references-backfile": 1.0, "orcids-current": 0.7076923251152039, "similarity-checking-backfile": 0.4972972869873047, "references-backfile": 0.8216215968132019, "award-numbers-backfile": 0.13513512909412384, "update-policies-backfile": 0.4972972869873047, "licenses-current": 1.0, "award-numbers-current": 0.29230770468711853, "abstracts-backfile": 0.0, "resource-links-current": 1.0, "abstracts-current": 0.7076923251152039, "open-references-current": 1.0, "references-current": 1.0}, "title": "Research and Practice in Technology Enhanced Learning", "subjects": [], "coverage-type": {"all": {"last-status-check-time": 1620957959523, "affiliations": 0.0, "abstracts": 0.18400000035762787, "orcids": 0.3199999928474426, "licenses": 0.6000000238418579, "references": 0.8679999709129333, "funders": 0.20800000429153442, "similarity-checking": 0.628000020980835, "award-numbers": 0.17599999904632568, "update-policies": 0.628000020980835, "resource-links": 0.6000000238418579, "open-references": 1.0}, "backfile": {"last-status-check-time": 1620957956630, "affiliations": 0.0, "abstracts": 0.0, "orcids": 0.18378378450870514, "licenses": 0.45945945382118225, "references": 0.8216215968132019, "funders": 0.15135134756565094, "similarity-checking": 0.4972972869873047, "award-numbers": 0.13513512909412384, "update-policies": 0.4972972869873047, "resource-links": 0.45945945382118225, "open-references": 1.0}, "current": {"last-status-check-time": 1620957954037, "affiliations": 0.0, "abstracts": 0.7076923251152039, "orcids": 0.7076923251152039, "licenses": 1.0, "references": 1.0, "funders": 0.3692307770252228, "similarity-checking": 1.0, "award-numbers": 0.29230770468711853, "update-policies": 1.0, "resource-links": 1.0, "open-references": 1.0}}, "flags": {"deposits-abstracts-current": true, "deposits-orcids-current": true, "deposits": true, "deposits-affiliations-backfile": false, "deposits-update-policies-backfile": true, "deposits-similarity-checking-backfile": true, "deposits-award-numbers-current": true, "deposits-resource-links-current": true, "deposits-articles": true, "deposits-affiliations-current": false, "deposits-funders-current": true, "deposits-references-backfile": true, "deposits-abstracts-backfile": false, "deposits-licenses-backfile": true, "deposits-award-numbers-backfile": true, "deposits-open-references-backfile": true, "deposits-open-references-current": true, "deposits-references-current": true, "deposits-resource-links-backfile": true, "deposits-orcids-backfile": true, "deposits-funders-backfile": true, "deposits-update-policies-current": true, "deposits-similarity-checking-current": true, "deposits-licenses-current": true}, "ISSN": ["1793-7078", "1793-2068"], "issn-type": [{"value": "1793-7078", "type": "electronic"}, {"value": "1793-2068", "type": "print"}]}