{"last-status-check-time": 1621221842828, "counts": {"total-dois": 1985, "current-dois": 195, "backfile-dois": 1790}, "breakdowns": {"dois-by-issued-year": [[2005, 162], [2006, 161], [2008, 121], [2004, 117], [2015, 116], [2014, 110], [2007, 109], [2017, 98], [2003, 94], [2001, 94], [2019, 93], [2011, 92], [2012, 85], [2016, 81], [2013, 80], [2018, 72], [2020, 68], [2009, 65], [2010, 62], [2002, 41], [2021, 34], [2000, 30]]}, "publisher": "Informa UK (Taylor & Francis)", "coverage": {"affiliations-current": 0.9794871807098389, "similarity-checking-current": 0.9948717951774597, "funders-backfile": 0.12793296575546265, "licenses-backfile": 0.13463686406612396, "funders-current": 0.7230769395828247, "affiliations-backfile": 0.4145251512527466, "resource-links-backfile": 0.13463686406612396, "orcids-backfile": 0.048603352159261703, "update-policies-current": 1.0, "open-references-backfile": 1.0, "orcids-current": 0.6000000238418579, "similarity-checking-backfile": 0.9921787977218628, "references-backfile": 0.9469273686408997, "award-numbers-backfile": 0.10949720442295074, "update-policies-backfile": 0.2664804458618164, "licenses-current": 0.9948717951774597, "award-numbers-current": 0.6820513010025024, "abstracts-backfile": 0.0, "resource-links-current": 0.2974359095096588, "abstracts-current": 0.0, "open-references-current": 1.0, "references-current": 0.9692307710647583}, "title": "Science and Technology of Advanced Materials", "subjects": [{"name": "General Materials Science", "ASJC": 2500}], "coverage-type": {"all": {"last-status-check-time": 1621221836105, "affiliations": 0.469788521528244, "abstracts": 0.0, "orcids": 0.1027190312743187, "licenses": 0.21903322637081146, "references": 0.9486404657363892, "funders": 0.18630412220954895, "similarity-checking": 0.9919435977935791, "award-numbers": 0.16565962135791779, "update-policies": 0.33836859464645386, "resource-links": 0.1505538821220398, "open-references": 1.0}, "backfile": {"last-status-check-time": 1621221833886, "affiliations": 0.4145251512527466, "abstracts": 0.0, "orcids": 0.048603352159261703, "licenses": 0.13463686406612396, "references": 0.9469273686408997, "funders": 0.12793296575546265, "similarity-checking": 0.9921787977218628, "award-numbers": 0.10949720442295074, "update-policies": 0.2664804458618164, "resource-links": 0.13463686406612396, "open-references": 1.0}, "current": {"last-status-check-time": 1621221831556, "affiliations": 0.9794871807098389, "abstracts": 0.0, "orcids": 0.6000000238418579, "licenses": 0.9948717951774597, "references": 0.9692307710647583, "funders": 0.7230769395828247, "similarity-checking": 0.9948717951774597, "award-numbers": 0.6820513010025024, "update-policies": 1.0, "resource-links": 0.2974359095096588, "open-references": 1.0}}, "flags": {"deposits-abstracts-current": false, "deposits-orcids-current": true, "deposits": true, "deposits-affiliations-backfile": true, "deposits-update-policies-backfile": true, "deposits-similarity-checking-backfile": true, "deposits-award-numbers-current": true, "deposits-resource-links-current": true, "deposits-articles": true, "deposits-affiliations-current": true, "deposits-funders-current": true, "deposits-references-backfile": true, "deposits-abstracts-backfile": false, "deposits-licenses-backfile": true, "deposits-award-numbers-backfile": true, "deposits-open-references-backfile": true, "deposits-open-references-current": true, "deposits-references-current": true, "deposits-resource-links-backfile": true, "deposits-orcids-backfile": true, "deposits-funders-backfile": true, "deposits-update-policies-current": true, "deposits-similarity-checking-current": true, "deposits-licenses-current": true}, "ISSN": ["1878-5514", "1468-6996"], "issn-type": [{"value": "1878-5514", "type": "electronic"}, {"value": "1468-6996", "type": "print"}]}