{"last-status-check-time": 1617051554383, "counts": {"total-dois": 116, "current-dois": 35, "backfile-dois": 81}, "breakdowns": {"dois-by-issued-year": [[2017, 40], [2019, 24], [2016, 20], [2015, 19], [2020, 9], [2021, 2], [2018, 2]]}, "publisher": "Maney Publishing", "coverage": {"affiliations-current": 0.9714285731315613, "similarity-checking-current": 1.0, "funders-backfile": 0.40740740299224854, "licenses-backfile": 0.8024691343307495, "funders-current": 0.4000000059604645, "affiliations-backfile": 0.7160493731498718, "resource-links-backfile": 0.7283950448036194, "orcids-backfile": 0.395061731338501, "update-policies-current": 1.0, "open-references-backfile": 1.0, "orcids-current": 0.800000011920929, "similarity-checking-backfile": 1.0, "references-backfile": 0.9876543283462524, "award-numbers-backfile": 0.3333333432674408, "update-policies-backfile": 1.0, "licenses-current": 0.8571428656578064, "award-numbers-current": 0.34285715222358704, "abstracts-backfile": 0.0, "resource-links-current": 0.0, "abstracts-current": 0.0, "open-references-current": 1.0, "references-current": 0.9428571462631226}, "title": "STAR Science & Technology of Archaeological Research", "subjects": [], "coverage-type": {"all": {"last-status-check-time": 1617051545505, "affiliations": 0.7931034564971924, "abstracts": 0.0, "orcids": 0.517241358757019, "licenses": 0.818965494632721, "references": 0.9741379022598267, "funders": 0.4051724076271057, "similarity-checking": 1.0, "award-numbers": 0.3362068831920624, "update-policies": 1.0, "resource-links": 0.5086206793785095, "open-references": 1.0}, "backfile": {"last-status-check-time": 1617051542636, "affiliations": 0.7160493731498718, "abstracts": 0.0, "orcids": 0.395061731338501, "licenses": 0.8024691343307495, "references": 0.9876543283462524, "funders": 0.40740740299224854, "similarity-checking": 1.0, "award-numbers": 0.3333333432674408, "update-policies": 1.0, "resource-links": 0.7283950448036194, "open-references": 1.0}, "current": {"last-status-check-time": 1617051539666, "affiliations": 0.9714285731315613, "abstracts": 0.0, "orcids": 0.800000011920929, "licenses": 0.8571428656578064, "references": 0.9428571462631226, "funders": 0.4000000059604645, "similarity-checking": 1.0, "award-numbers": 0.34285715222358704, "update-policies": 1.0, "resource-links": 0.0, "open-references": 1.0}}, "flags": {"deposits-abstracts-current": false, "deposits-orcids-current": true, "deposits": true, "deposits-affiliations-backfile": true, "deposits-update-policies-backfile": true, "deposits-similarity-checking-backfile": true, "deposits-award-numbers-current": true, "deposits-resource-links-current": false, "deposits-articles": true, "deposits-affiliations-current": true, "deposits-funders-current": true, "deposits-references-backfile": true, "deposits-abstracts-backfile": false, "deposits-licenses-backfile": true, "deposits-award-numbers-backfile": true, "deposits-open-references-backfile": true, "deposits-open-references-current": true, "deposits-references-current": true, "deposits-resource-links-backfile": true, "deposits-orcids-backfile": true, "deposits-funders-backfile": true, "deposits-update-policies-current": true, "deposits-similarity-checking-current": true, "deposits-licenses-current": true}, "ISSN": ["2054-8923"], "issn-type": [{"value": "2054-8923", "type": "electronic"}]}