{"last-status-check-time": 1620961667697, "counts": {"total-dois": 4277, "current-dois": 266, "backfile-dois": 4011}, "breakdowns": {"dois-by-issued-year": [[1984, 133], [2004, 128], [1997, 123], [2001, 116], [1976, 116], [2002, 114], [1989, 114], [1980, 112], [1983, 111], [1985, 110], [1994, 109], [2000, 104], [1979, 104], [1999, 103], [2021, 101], [1996, 99], [1978, 99], [1995, 98], [2007, 97], [1977, 93], [1992, 90], [2008, 89], [1981, 89], [1991, 88], [2019, 87], [2017, 85], [2003, 85], [2009, 84], [1990, 84], [1986, 84], [1987, 82], [2018, 81], [1993, 81], [1988, 81], [1982, 81], [2005, 80], [2014, 79], [2020, 78], [2006, 75], [2016, 70], [2013, 69], [2011, 66], [1998, 65], [2010, 64], [2015, 62], [2012, 62], [1975, 52]]}, "publisher": "Elsevier ", "coverage": {"affiliations-current": 0.0, "similarity-checking-current": 0.0, "funders-backfile": 0.013462976552546024, "licenses-backfile": 1.0, "funders-current": 0.23308271169662476, "affiliations-backfile": 0.0, "resource-links-backfile": 1.0, "orcids-backfile": 0.029419098049402237, "update-policies-current": 0.6954887509346008, "open-references-backfile": 1.0, "orcids-current": 0.49248120188713074, "similarity-checking-backfile": 0.0, "references-backfile": 0.5669409036636353, "award-numbers-backfile": 0.006731488276273012, "update-policies-backfile": 0.07629020512104034, "licenses-current": 1.0, "award-numbers-current": 0.06390977650880814, "abstracts-backfile": 0.0, "resource-links-current": 1.0, "abstracts-current": 0.0, "open-references-current": 1.0, "references-current": 0.9135338068008423}, "title": "Survey of Ophthalmology", "subjects": [{"name": "Ophthalmology", "ASJC": 2731}], "coverage-type": {"all": {"last-status-check-time": 1620961659760, "affiliations": 0.0, "abstracts": 0.0, "orcids": 0.05821837857365608, "licenses": 1.0, "references": 0.5884966254234314, "funders": 0.027121813967823982, "similarity-checking": 0.0, "award-numbers": 0.010287584736943245, "update-policies": 0.1148000955581665, "resource-links": 1.0, "open-references": 1.0}, "backfile": {"last-status-check-time": 1620961656813, "affiliations": 0.0, "abstracts": 0.0, "orcids": 0.029419098049402237, "licenses": 1.0, "references": 0.5669409036636353, "funders": 0.013462976552546024, "similarity-checking": 0.0, "award-numbers": 0.006731488276273012, "update-policies": 0.07629020512104034, "resource-links": 1.0, "open-references": 1.0}, "current": {"last-status-check-time": 1620961654190, "affiliations": 0.0, "abstracts": 0.0, "orcids": 0.49248120188713074, "licenses": 1.0, "references": 0.9135338068008423, "funders": 0.23308271169662476, "similarity-checking": 0.0, "award-numbers": 0.06390977650880814, "update-policies": 0.6954887509346008, "resource-links": 1.0, "open-references": 1.0}}, "flags": {"deposits-abstracts-current": false, "deposits-orcids-current": true, "deposits": true, "deposits-affiliations-backfile": false, "deposits-update-policies-backfile": true, "deposits-similarity-checking-backfile": false, "deposits-award-numbers-current": true, "deposits-resource-links-current": true, "deposits-articles": true, "deposits-affiliations-current": false, "deposits-funders-current": true, "deposits-references-backfile": true, "deposits-abstracts-backfile": false, "deposits-licenses-backfile": true, "deposits-award-numbers-backfile": true, "deposits-open-references-backfile": true, "deposits-open-references-current": true, "deposits-references-current": true, "deposits-resource-links-backfile": true, "deposits-orcids-backfile": true, "deposits-funders-backfile": true, "deposits-update-policies-current": true, "deposits-similarity-checking-current": false, "deposits-licenses-current": true}, "ISSN": ["0039-6257"], "issn-type": [{"value": "0039-6257", "type": "print"}]}