{"last-status-check-time": 1620462942358, "counts": {"total-dois": 416, "current-dois": 301, "backfile-dois": 115}, "breakdowns": {"dois-by-issued-year": [[2020, 146], [2021, 86], [2019, 69], [2018, 53], [2017, 34], [2016, 18], [2015, 10]]}, "publisher": "Elsevier ", "coverage": {"affiliations-current": 0.0, "similarity-checking-current": 0.0, "funders-backfile": 0.47826087474823, "licenses-backfile": 1.0, "funders-current": 0.6578072905540466, "affiliations-backfile": 0.0, "resource-links-backfile": 1.0, "orcids-backfile": 0.08695652335882187, "update-policies-current": 0.9833887219429016, "open-references-backfile": 1.0, "orcids-current": 0.21262457966804504, "similarity-checking-backfile": 0.0, "references-backfile": 0.9739130139350891, "award-numbers-backfile": 0.2956521809101105, "update-policies-backfile": 0.9739130139350891, "licenses-current": 1.0, "award-numbers-current": 0.3056478500366211, "abstracts-backfile": 0.0, "resource-links-current": 1.0, "abstracts-current": 0.0, "open-references-current": 1.0, "references-current": 0.9900332093238831}, "title": "Sustainable Chemistry and Pharmacy", "subjects": [], "coverage-type": {"all": {"last-status-check-time": 1620462935848, "affiliations": 0.0, "abstracts": 0.0, "orcids": 0.17788460850715637, "licenses": 1.0, "references": 0.9855769276618958, "funders": 0.6081730723381042, "similarity-checking": 0.0, "award-numbers": 0.30288460850715637, "update-policies": 0.9807692170143127, "resource-links": 1.0, "open-references": 1.0}, "backfile": {"last-status-check-time": 1620462933696, "affiliations": 0.0, "abstracts": 0.0, "orcids": 0.08695652335882187, "licenses": 1.0, "references": 0.9739130139350891, "funders": 0.47826087474823, "similarity-checking": 0.0, "award-numbers": 0.2956521809101105, "update-policies": 0.9739130139350891, "resource-links": 1.0, "open-references": 1.0}, "current": {"last-status-check-time": 1620462931420, "affiliations": 0.0, "abstracts": 0.0, "orcids": 0.21262457966804504, "licenses": 1.0, "references": 0.9900332093238831, "funders": 0.6578072905540466, "similarity-checking": 0.0, "award-numbers": 0.3056478500366211, "update-policies": 0.9833887219429016, "resource-links": 1.0, "open-references": 1.0}}, "flags": {"deposits-abstracts-current": false, "deposits-orcids-current": true, "deposits": true, "deposits-affiliations-backfile": false, "deposits-update-policies-backfile": true, "deposits-similarity-checking-backfile": false, "deposits-award-numbers-current": true, "deposits-resource-links-current": true, "deposits-articles": true, "deposits-affiliations-current": false, "deposits-funders-current": true, "deposits-references-backfile": true, "deposits-abstracts-backfile": false, "deposits-licenses-backfile": true, "deposits-award-numbers-backfile": true, "deposits-open-references-backfile": true, "deposits-open-references-current": true, "deposits-references-current": true, "deposits-resource-links-backfile": true, "deposits-orcids-backfile": true, "deposits-funders-backfile": true, "deposits-update-policies-current": true, "deposits-similarity-checking-current": false, "deposits-licenses-current": true}, "ISSN": ["2352-5541"], "issn-type": [{"value": "2352-5541", "type": "print"}]}