{"last-status-check-time": 1621155672269, "counts": {"total-dois": 8606, "current-dois": 185, "backfile-dois": 8421}, "breakdowns": {"dois-by-issued-year": [[1983, 249], [1985, 237], [1982, 227], [1986, 202], [1984, 201], [1995, 192], [1994, 188], [1987, 188], [1997, 183], [1989, 182], [1988, 182], [1991, 177], [1996, 175], [1981, 168], [1990, 167], [1999, 166], [1993, 162], [1998, 161], [1968, 161], [1992, 160], [1972, 159], [1971, 159], [1973, 158], [1969, 155], [2000, 146], [1980, 138], [1979, 127], [1967, 125], [1970, 122], [2019, 113], [2018, 113], [2007, 109], [1976, 109], [1966, 108], [1948, 108], [2008, 107], [1978, 106], [1975, 103], [2004, 102], [1965, 101], [1977, 95], [1974, 95], [1964, 91], [1950, 91], [2006, 88], [1961, 87], [1952, 86], [2005, 85], [2001, 84], [1963, 84], [2002, 83], [2003, 82], [1962, 78], [1959, 74], [2009, 73], [1960, 69], [2014, 66], [1954, 66], [1953, 65], [2017, 64], [2016, 64], [2015, 64], [1951, 64], [1949, 62], [2010, 61], [1958, 57], [1956, 57], [1957, 56], [1955, 55], [2013, 51], [2020, 50], [2011, 50], [1947, 49], [2012, 42], [2021, 22]]}, "publisher": "Informa UK (American Statistical Association)", "coverage": {"affiliations-current": 0.9675675630569458, "similarity-checking-current": 1.0, "funders-backfile": 0.003681272966787219, "licenses-backfile": 0.0003562522178981453, "funders-current": 0.21621622145175934, "affiliations-backfile": 0.02268139086663723, "resource-links-backfile": 0.00023750148830004036, "orcids-backfile": 0.003800023812800646, "update-policies-current": 1.0, "open-references-backfile": 0.8902742862701416, "orcids-current": 0.29729729890823364, "similarity-checking-backfile": 0.6255788803100586, "references-backfile": 0.38154613971710205, "award-numbers-backfile": 0.0030875192023813725, "update-policies-backfile": 0.044056523591279984, "licenses-current": 0.26486486196517944, "award-numbers-current": 0.13513512909412384, "abstracts-backfile": 0.0, "resource-links-current": 0.2432432472705841, "abstracts-current": 0.0, "open-references-current": 1.0, "references-current": 0.8810811042785645}, "title": "The American Statistician", "subjects": [{"name": "Statistics, Probability and Uncertainty", "ASJC": 1804}, {"name": "General Mathematics", "ASJC": 2600}, {"name": "Statistics and Probability", "ASJC": 2613}], "coverage-type": {"all": {"last-status-check-time": 1621155665312, "affiliations": 0.04299325868487358, "abstracts": 0.0, "orcids": 0.01010922621935606, "licenses": 0.006042296066880226, "references": 0.39228445291519165, "funders": 0.008250057697296143, "similarity-checking": 0.633627712726593, "award-numbers": 0.005926098208874464, "update-policies": 0.06460608541965485, "resource-links": 0.005461305845528841, "open-references": 0.8926330208778381}, "backfile": {"last-status-check-time": 1621155662921, "affiliations": 0.02268139086663723, "abstracts": 0.0, "orcids": 0.003800023812800646, "licenses": 0.0003562522178981453, "references": 0.38154613971710205, "funders": 0.003681272966787219, "similarity-checking": 0.6255788803100586, "award-numbers": 0.0030875192023813725, "update-policies": 0.044056523591279984, "resource-links": 0.00023750148830004036, "open-references": 0.8902742862701416}, "current": {"last-status-check-time": 1621155660686, "affiliations": 0.9675675630569458, "abstracts": 0.0, "orcids": 0.29729729890823364, "licenses": 0.26486486196517944, "references": 0.8810811042785645, "funders": 0.21621622145175934, "similarity-checking": 1.0, "award-numbers": 0.13513512909412384, "update-policies": 1.0, "resource-links": 0.2432432472705841, "open-references": 1.0}}, "flags": {"deposits-abstracts-current": false, "deposits-orcids-current": true, "deposits": true, "deposits-affiliations-backfile": true, "deposits-update-policies-backfile": true, "deposits-similarity-checking-backfile": true, "deposits-award-numbers-current": true, "deposits-resource-links-current": true, "deposits-articles": true, "deposits-affiliations-current": true, "deposits-funders-current": true, "deposits-references-backfile": true, "deposits-abstracts-backfile": false, "deposits-licenses-backfile": true, "deposits-award-numbers-backfile": true, "deposits-open-references-backfile": true, "deposits-open-references-current": true, "deposits-references-current": true, "deposits-resource-links-backfile": true, "deposits-orcids-backfile": true, "deposits-funders-backfile": true, "deposits-update-policies-current": true, "deposits-similarity-checking-current": true, "deposits-licenses-current": true}, "ISSN": ["1537-2731", "0003-1305"], "issn-type": [{"value": "1537-2731", "type": "electronic"}, {"value": "0003-1305", "type": "print"}]}