{"last-status-check-time": 1618773651966, "counts": {"total-dois": 2081, "current-dois": 83, "backfile-dois": 1998}, "breakdowns": {"dois-by-issued-year": [[1997, 126], [1998, 113], [2011, 110], [1996, 109], [1999, 85], [1995, 80], [1988, 68], [1992, 65], [1987, 65], [1994, 63], [2012, 59], [1989, 59], [1993, 58], [1985, 53], [2005, 52], [2013, 50], [1991, 50], [1986, 50], [2008, 49], [2009, 48], [1990, 47], [2000, 46], [2004, 45], [1984, 45], [2014, 43], [2002, 42], [2007, 41], [2015, 39], [2006, 39], [2003, 39], [2001, 39], [2017, 36], [2020, 34], [2016, 32], [2018, 31], [2019, 28], [2010, 22], [2021, 21]]}, "publisher": "SAGE Publications", "coverage": {"affiliations-current": 0.8554216623306274, "similarity-checking-current": 1.0, "funders-backfile": 0.0005005004932172596, "licenses-backfile": 0.9684684872627258, "funders-current": 0.048192769289016724, "affiliations-backfile": 0.5630630850791931, "resource-links-backfile": 0.9684684872627258, "orcids-backfile": 0.0035035035107284784, "update-policies-current": 1.0, "open-references-backfile": 1.0, "orcids-current": 0.8313252925872803, "similarity-checking-backfile": 0.9979979991912842, "references-backfile": 0.5625625848770142, "award-numbers-backfile": 0.0005005004932172596, "update-policies-backfile": 0.16866867244243622, "licenses-current": 1.0, "award-numbers-current": 0.0, "abstracts-backfile": 0.21921922266483307, "resource-links-current": 1.0, "abstracts-current": 0.8072289228439331, "open-references-current": 1.0, "references-current": 0.9397590160369873}, "title": "The American Journal of Cosmetic Surgery", "subjects": [], "coverage-type": {"all": {"last-status-check-time": 1618773643972, "affiliations": 0.5747236609458923, "abstracts": 0.24267178773880005, "orcids": 0.03652090206742287, "licenses": 0.9697260856628418, "references": 0.5776069164276123, "funders": 0.002402690937742591, "similarity-checking": 0.9980778694152832, "award-numbers": 0.00048053820501081645, "update-policies": 0.2018260508775711, "resource-links": 0.9697260856628418, "open-references": 1.0}, "backfile": {"last-status-check-time": 1618773641445, "affiliations": 0.5630630850791931, "abstracts": 0.21921922266483307, "orcids": 0.0035035035107284784, "licenses": 0.9684684872627258, "references": 0.5625625848770142, "funders": 0.0005005004932172596, "similarity-checking": 0.9979979991912842, "award-numbers": 0.0005005004932172596, "update-policies": 0.16866867244243622, "resource-links": 0.9684684872627258, "open-references": 1.0}, "current": {"last-status-check-time": 1618773638987, "affiliations": 0.8554216623306274, "abstracts": 0.8072289228439331, "orcids": 0.8313252925872803, "licenses": 1.0, "references": 0.9397590160369873, "funders": 0.048192769289016724, "similarity-checking": 1.0, "award-numbers": 0.0, "update-policies": 1.0, "resource-links": 1.0, "open-references": 1.0}}, "flags": {"deposits-abstracts-current": true, "deposits-orcids-current": true, "deposits": true, "deposits-affiliations-backfile": true, "deposits-update-policies-backfile": true, "deposits-similarity-checking-backfile": true, "deposits-award-numbers-current": false, "deposits-resource-links-current": true, "deposits-articles": true, "deposits-affiliations-current": true, "deposits-funders-current": true, "deposits-references-backfile": true, "deposits-abstracts-backfile": true, "deposits-licenses-backfile": true, "deposits-award-numbers-backfile": true, "deposits-open-references-backfile": true, "deposits-open-references-current": true, "deposits-references-current": true, "deposits-resource-links-backfile": true, "deposits-orcids-backfile": true, "deposits-funders-backfile": true, "deposits-update-policies-current": true, "deposits-similarity-checking-current": true, "deposits-licenses-current": true}, "ISSN": ["2374-7722", "0748-8068"], "issn-type": [{"value": "2374-7722", "type": "electronic"}, {"value": "0748-8068", "type": "print"}]}