{"last-status-check-time": 1620932738207, "counts": {"total-dois": 9749, "current-dois": 433, "backfile-dois": 9316}, "breakdowns": {"dois-by-issued-year": [[1996, 286], [2001, 280], [1999, 276], [2000, 265], [2003, 252], [2002, 252], [1997, 252], [1990, 248], [1993, 237], [2009, 235], [1998, 234], [2005, 230], [1992, 229], [1989, 227], [2011, 220], [1988, 220], [1991, 218], [2007, 216], [2016, 208], [1986, 206], [1969, 205], [2018, 204], [2006, 202], [1995, 202], [2014, 190], [2019, 188], [2013, 187], [2012, 187], [2015, 186], [1987, 186], [1994, 182], [2004, 181], [1985, 180], [2008, 175], [1984, 175], [2020, 174], [2017, 168], [2010, 166], [1973, 137], [1970, 136], [1972, 132], [1971, 130], [1974, 116], [1975, 107], [1977, 106], [1976, 104], [1983, 103], [1978, 101], [1980, 100], [1979, 97], [1982, 94], [1981, 86], [2021, 71]]}, "publisher": "Wiley (John Wiley & Sons)", "coverage": {"affiliations-current": 0.8152424693107605, "similarity-checking-current": 0.9214780330657959, "funders-backfile": 0.10143838822841644, "licenses-backfile": 0.993130087852478, "funders-current": 0.5958429574966431, "affiliations-backfile": 0.11367540061473846, "resource-links-backfile": 0.9900171756744385, "orcids-backfile": 0.03198797628283501, "update-policies-current": 0.0, "open-references-backfile": 1.0, "orcids-current": 0.7921478152275085, "similarity-checking-backfile": 0.9712322950363159, "references-backfile": 0.7986260056495667, "award-numbers-backfile": 0.07449549436569214, "update-policies-backfile": 0.0, "licenses-current": 0.9214780330657959, "award-numbers-current": 0.47344109416007996, "abstracts-backfile": 0.0, "resource-links-current": 0.9214780330657959, "abstracts-current": 0.0, "open-references-current": 1.0, "references-current": 0.7782909870147705}, "title": "The Journal of Pathology", "subjects": [{"name": "Pathology and Forensic Medicine", "ASJC": 2734}], "coverage-type": {"all": {"last-status-check-time": 1620932730172, "affiliations": 0.14482051134109497, "abstracts": 0.0, "orcids": 0.065743587911129, "licenses": 0.9898461699485779, "references": 0.7976410388946533, "funders": 0.12338461726903915, "similarity-checking": 0.9690256118774414, "award-numbers": 0.09220512956380844, "update-policies": 0.0, "resource-links": 0.9868717789649963, "open-references": 1.0}, "backfile": {"last-status-check-time": 1620932727589, "affiliations": 0.11367540061473846, "abstracts": 0.0, "orcids": 0.03198797628283501, "licenses": 0.993130087852478, "references": 0.7986260056495667, "funders": 0.10143838822841644, "similarity-checking": 0.9712322950363159, "award-numbers": 0.07449549436569214, "update-policies": 0.0, "resource-links": 0.9900171756744385, "open-references": 1.0}, "current": {"last-status-check-time": 1620932724947, "affiliations": 0.8152424693107605, "abstracts": 0.0, "orcids": 0.7921478152275085, "licenses": 0.9214780330657959, "references": 0.7782909870147705, "funders": 0.5958429574966431, "similarity-checking": 0.9214780330657959, "award-numbers": 0.47344109416007996, "update-policies": 0.0, "resource-links": 0.9214780330657959, "open-references": 1.0}}, "flags": {"deposits-abstracts-current": false, "deposits-orcids-current": true, "deposits": true, "deposits-affiliations-backfile": true, "deposits-update-policies-backfile": false, "deposits-similarity-checking-backfile": true, "deposits-award-numbers-current": true, "deposits-resource-links-current": true, "deposits-articles": true, "deposits-affiliations-current": true, "deposits-funders-current": true, "deposits-references-backfile": true, "deposits-abstracts-backfile": false, "deposits-licenses-backfile": true, "deposits-award-numbers-backfile": true, "deposits-open-references-backfile": true, "deposits-open-references-current": true, "deposits-references-current": true, "deposits-resource-links-backfile": true, "deposits-orcids-backfile": true, "deposits-funders-backfile": true, "deposits-update-policies-current": false, "deposits-similarity-checking-current": true, "deposits-licenses-current": true}, "ISSN": ["1096-9896", "0022-3417"], "issn-type": [{"value": "1096-9896", "type": "electronic"}, {"value": "0022-3417", "type": "print"}]}