{"last-status-check-time": 1621311669201, "counts": {"total-dois": 2651, "current-dois": 852, "backfile-dois": 1799}, "breakdowns": {"dois-by-issued-year": [[2020, 352], [2015, 338], [2016, 329], [2018, 303], [2017, 296], [2014, 289], [2019, 272], [2013, 244], [2021, 228]]}, "publisher": "Elsevier ", "coverage": {"affiliations-current": 0.0, "similarity-checking-current": 0.0, "funders-backfile": 0.03446359187364578, "licenses-backfile": 0.9749860763549805, "funders-current": 0.15845070779323578, "affiliations-backfile": 0.0, "resource-links-backfile": 1.0, "orcids-backfile": 0.0, "update-policies-current": 0.7441314458847046, "open-references-backfile": 1.0, "orcids-current": 0.0011737089371308684, "similarity-checking-backfile": 0.0, "references-backfile": 0.6114507913589478, "award-numbers-backfile": 0.033907726407051086, "update-policies-backfile": 0.32406893372535706, "licenses-current": 1.0, "award-numbers-current": 0.07981220632791519, "abstracts-backfile": 0.0, "resource-links-current": 1.0, "abstracts-current": 0.0, "open-references-current": 1.0, "references-current": 0.6913145780563354}, "title": "The Lancet Respiratory Medicine", "subjects": [{"name": "Pulmonary and Respiratory Medicine", "ASJC": 2740}], "coverage-type": {"all": {"last-status-check-time": 1621311662472, "affiliations": 0.0, "abstracts": 0.0, "orcids": 0.00037721614353358746, "licenses": 0.9830252528190613, "references": 0.6371180415153503, "funders": 0.07431158423423767, "similarity-checking": 0.0, "award-numbers": 0.04866088181734085, "update-policies": 0.4590720534324646, "resource-links": 1.0, "open-references": 1.0}, "backfile": {"last-status-check-time": 1621311660317, "affiliations": 0.0, "abstracts": 0.0, "orcids": 0.0, "licenses": 0.9749860763549805, "references": 0.6114507913589478, "funders": 0.03446359187364578, "similarity-checking": 0.0, "award-numbers": 0.033907726407051086, "update-policies": 0.32406893372535706, "resource-links": 1.0, "open-references": 1.0}, "current": {"last-status-check-time": 1621311658146, "affiliations": 0.0, "abstracts": 0.0, "orcids": 0.0011737089371308684, "licenses": 1.0, "references": 0.6913145780563354, "funders": 0.15845070779323578, "similarity-checking": 0.0, "award-numbers": 0.07981220632791519, "update-policies": 0.7441314458847046, "resource-links": 1.0, "open-references": 1.0}}, "flags": {"deposits-abstracts-current": false, "deposits-orcids-current": true, "deposits": true, "deposits-affiliations-backfile": false, "deposits-update-policies-backfile": true, "deposits-similarity-checking-backfile": false, "deposits-award-numbers-current": true, "deposits-resource-links-current": true, "deposits-articles": true, "deposits-affiliations-current": false, "deposits-funders-current": true, "deposits-references-backfile": true, "deposits-abstracts-backfile": false, "deposits-licenses-backfile": true, "deposits-award-numbers-backfile": true, "deposits-open-references-backfile": true, "deposits-open-references-current": true, "deposits-references-current": true, "deposits-resource-links-backfile": true, "deposits-orcids-backfile": false, "deposits-funders-backfile": true, "deposits-update-policies-current": true, "deposits-similarity-checking-current": false, "deposits-licenses-current": true}, "ISSN": ["2213-2600"], "issn-type": [{"value": "2213-2600", "type": "print"}]}