{"last-status-check-time": 1621015813012, "counts": {"total-dois": 9865, "current-dois": 577, "backfile-dois": 9288}, "breakdowns": {"dois-by-issued-year": [[2000, 314], [2001, 292], [1995, 291], [2010, 289], [2019, 283], [1999, 283], [2011, 282], [2005, 277], [2002, 276], [2009, 273], [2004, 273], [1993, 273], [1996, 272], [2007, 271], [2008, 268], [1997, 266], [2006, 265], [1992, 263], [1998, 258], [2013, 254], [1989, 254], [2012, 252], [2003, 247], [1991, 243], [2014, 231], [1990, 218], [2020, 216], [1994, 214], [2015, 213], [2018, 210], [2016, 210], [1987, 210], [2017, 204], [1988, 185], [1984, 157], [1986, 151], [1985, 145], [1983, 144], [1982, 124], [1981, 123], [1980, 116], [1979, 90], [2021, 78], [1978, 56], [1977, 51]]}, "publisher": "Ovid Technologies (Wolters Kluwer)  - Lippincott Williams & Wilkins", "coverage": {"affiliations-current": 0.0, "similarity-checking-current": 1.0, "funders-backfile": 0.0, "licenses-backfile": 0.0, "funders-current": 0.0, "affiliations-backfile": 0.0, "resource-links-backfile": 0.0, "orcids-backfile": 0.0, "update-policies-current": 0.0, "open-references-backfile": 1.0, "orcids-current": 0.0, "similarity-checking-backfile": 0.9955856800079346, "references-backfile": 0.5641688108444214, "award-numbers-backfile": 0.0, "update-policies-backfile": 0.0, "licenses-current": 0.0, "award-numbers-current": 0.0, "abstracts-backfile": 0.0, "resource-links-current": 0.0, "abstracts-current": 0.0, "open-references-current": 1.0, "references-current": 0.8960138559341431}, "title": "The American Journal of Surgical Pathology", "subjects": [{"name": "Anatomy", "ASJC": 2702}, {"name": "Pathology and Forensic Medicine", "ASJC": 2734}, {"name": "Surgery", "ASJC": 2746}], "coverage-type": {"all": {"last-status-check-time": 1621015804985, "affiliations": 0.0, "abstracts": 0.0, "orcids": 0.0, "licenses": 0.0, "references": 0.5835782885551453, "funders": 0.0, "similarity-checking": 0.9958438873291016, "award-numbers": 0.0, "update-policies": 0.0, "resource-links": 0.0, "open-references": 1.0}, "backfile": {"last-status-check-time": 1621015802367, "affiliations": 0.0, "abstracts": 0.0, "orcids": 0.0, "licenses": 0.0, "references": 0.5641688108444214, "funders": 0.0, "similarity-checking": 0.9955856800079346, "award-numbers": 0.0, "update-policies": 0.0, "resource-links": 0.0, "open-references": 1.0}, "current": {"last-status-check-time": 1621015799545, "affiliations": 0.0, "abstracts": 0.0, "orcids": 0.0, "licenses": 0.0, "references": 0.8960138559341431, "funders": 0.0, "similarity-checking": 1.0, "award-numbers": 0.0, "update-policies": 0.0, "resource-links": 0.0, "open-references": 1.0}}, "flags": {"deposits-abstracts-current": false, "deposits-orcids-current": false, "deposits": true, "deposits-affiliations-backfile": false, "deposits-update-policies-backfile": false, "deposits-similarity-checking-backfile": true, "deposits-award-numbers-current": false, "deposits-resource-links-current": false, "deposits-articles": true, "deposits-affiliations-current": false, "deposits-funders-current": false, "deposits-references-backfile": true, "deposits-abstracts-backfile": false, "deposits-licenses-backfile": false, "deposits-award-numbers-backfile": false, "deposits-open-references-backfile": true, "deposits-open-references-current": true, "deposits-references-current": true, "deposits-resource-links-backfile": false, "deposits-orcids-backfile": false, "deposits-funders-backfile": false, "deposits-update-policies-current": false, "deposits-similarity-checking-current": true, "deposits-licenses-current": false}, "ISSN": ["0147-5185"], "issn-type": [{"value": "0147-5185", "type": "print"}]}