{"last-status-check-time": 1621312569972, "counts": {"total-dois": 2759, "current-dois": 1052, "backfile-dois": 1707}, "breakdowns": {"dois-by-issued-year": [[2019, 435], [2020, 399], [2018, 390], [2017, 357], [2016, 308], [2014, 280], [2015, 272], [2021, 218], [2013, 100]]}, "publisher": "Elsevier ", "coverage": {"affiliations-current": 0.0, "similarity-checking-current": 0.0, "funders-backfile": 0.06209724768996239, "licenses-backfile": 1.0, "funders-current": 0.16159695386886597, "affiliations-backfile": 0.0, "resource-links-backfile": 1.0, "orcids-backfile": 0.0, "update-policies-current": 0.6207224130630493, "open-references-backfile": 1.0, "orcids-current": 0.0009505703346803784, "similarity-checking-backfile": 0.0, "references-backfile": 0.7844170928001404, "award-numbers-backfile": 0.04862331598997116, "update-policies-backfile": 0.3134153485298157, "licenses-current": 1.0, "award-numbers-current": 0.09600760787725449, "abstracts-backfile": 0.0, "resource-links-current": 1.0, "abstracts-current": 0.0, "open-references-current": 1.0, "references-current": 0.7870722413063049}, "title": "The Lancet Global Health", "subjects": [{"name": "General Medicine", "ASJC": 2700}], "coverage-type": {"all": {"last-status-check-time": 1621312562795, "affiliations": 0.0, "abstracts": 0.0, "orcids": 0.00036245016963221133, "licenses": 1.0, "references": 0.7854294776916504, "funders": 0.10003624856472015, "similarity-checking": 0.0, "award-numbers": 0.0666908323764801, "update-policies": 0.43059080839157104, "resource-links": 1.0, "open-references": 1.0}, "backfile": {"last-status-check-time": 1621312560515, "affiliations": 0.0, "abstracts": 0.0, "orcids": 0.0, "licenses": 1.0, "references": 0.7844170928001404, "funders": 0.06209724768996239, "similarity-checking": 0.0, "award-numbers": 0.04862331598997116, "update-policies": 0.3134153485298157, "resource-links": 1.0, "open-references": 1.0}, "current": {"last-status-check-time": 1621312558377, "affiliations": 0.0, "abstracts": 0.0, "orcids": 0.0009505703346803784, "licenses": 1.0, "references": 0.7870722413063049, "funders": 0.16159695386886597, "similarity-checking": 0.0, "award-numbers": 0.09600760787725449, "update-policies": 0.6207224130630493, "resource-links": 1.0, "open-references": 1.0}}, "flags": {"deposits-abstracts-current": false, "deposits-orcids-current": true, "deposits": true, "deposits-affiliations-backfile": false, "deposits-update-policies-backfile": true, "deposits-similarity-checking-backfile": false, "deposits-award-numbers-current": true, "deposits-resource-links-current": true, "deposits-articles": true, "deposits-affiliations-current": false, "deposits-funders-current": true, "deposits-references-backfile": true, "deposits-abstracts-backfile": false, "deposits-licenses-backfile": true, "deposits-award-numbers-backfile": true, "deposits-open-references-backfile": true, "deposits-open-references-current": true, "deposits-references-current": true, "deposits-resource-links-backfile": true, "deposits-orcids-backfile": false, "deposits-funders-backfile": true, "deposits-update-policies-current": true, "deposits-similarity-checking-current": false, "deposits-licenses-current": true}, "ISSN": ["2214-109X"], "issn-type": [{"value": "2214-109X", "type": "print"}]}