{"last-status-check-time": 1619004516969, "counts": {"total-dois": 326, "current-dois": 161, "backfile-dois": 165}, "breakdowns": {"dois-by-issued-year": [[2020, 83], [2018, 55], [2017, 52], [2016, 46], [2019, 45], [2021, 33], [2015, 12]]}, "publisher": "Elsevier ", "coverage": {"affiliations-current": 0.0, "similarity-checking-current": 0.0, "funders-backfile": 0.145454540848732, "licenses-backfile": 1.0, "funders-current": 0.14906832575798035, "affiliations-backfile": 0.0, "resource-links-backfile": 1.0, "orcids-backfile": 0.1515151560306549, "update-policies-current": 0.5714285969734192, "open-references-backfile": 1.0, "orcids-current": 0.42236024141311646, "similarity-checking-backfile": 0.0, "references-backfile": 0.7151514887809753, "award-numbers-backfile": 0.12727272510528564, "update-policies-backfile": 0.7757575511932373, "licenses-current": 1.0, "award-numbers-current": 0.08074533939361572, "abstracts-backfile": 0.0, "resource-links-current": 1.0, "abstracts-current": 0.0, "open-references-current": 1.0, "references-current": 0.782608687877655}, "title": "World Journal of Otorhinolaryngology - Head and Neck Surgery", "subjects": [], "coverage-type": {"all": {"last-status-check-time": 1619004509141, "affiliations": 0.0, "abstracts": 0.0, "orcids": 0.2852760851383209, "licenses": 1.0, "references": 0.7484662532806396, "funders": 0.14723926782608032, "similarity-checking": 0.0, "award-numbers": 0.10429447889328003, "update-policies": 0.6748466491699219, "resource-links": 1.0, "open-references": 1.0}, "backfile": {"last-status-check-time": 1619004506479, "affiliations": 0.0, "abstracts": 0.0, "orcids": 0.1515151560306549, "licenses": 1.0, "references": 0.7151514887809753, "funders": 0.145454540848732, "similarity-checking": 0.0, "award-numbers": 0.12727272510528564, "update-policies": 0.7757575511932373, "resource-links": 1.0, "open-references": 1.0}, "current": {"last-status-check-time": 1619004503805, "affiliations": 0.0, "abstracts": 0.0, "orcids": 0.42236024141311646, "licenses": 1.0, "references": 0.782608687877655, "funders": 0.14906832575798035, "similarity-checking": 0.0, "award-numbers": 0.08074533939361572, "update-policies": 0.5714285969734192, "resource-links": 1.0, "open-references": 1.0}}, "flags": {"deposits-abstracts-current": false, "deposits-orcids-current": true, "deposits": true, "deposits-affiliations-backfile": false, "deposits-update-policies-backfile": true, "deposits-similarity-checking-backfile": false, "deposits-award-numbers-current": true, "deposits-resource-links-current": true, "deposits-articles": true, "deposits-affiliations-current": false, "deposits-funders-current": true, "deposits-references-backfile": true, "deposits-abstracts-backfile": false, "deposits-licenses-backfile": true, "deposits-award-numbers-backfile": true, "deposits-open-references-backfile": true, "deposits-open-references-current": true, "deposits-references-current": true, "deposits-resource-links-backfile": true, "deposits-orcids-backfile": true, "deposits-funders-backfile": true, "deposits-update-policies-current": true, "deposits-similarity-checking-current": false, "deposits-licenses-current": true}, "ISSN": ["2095-8811"], "issn-type": [{"value": "2095-8811", "type": "print"}]}